folio,row,index,recorded_class,allowed,adopted,status,row_bbox,x_approx,y_approx,class_alternatives
186r,P01,1,D,DQ,D,adopted,"[2350, 2120, 4100, 2370]",,,
186r,P01,2,E,ER,E,adopted,"[2350, 2120, 4100, 2370]",,,
186r,P01,3,F,FS,S,adopted,"[2350, 2120, 4100, 2370]",,,
186r,P01,4,C,CP,P,adopted,"[2350, 2120, 4100, 2370]",,,
186r,P01,5,E,ER,E,adopted,"[2350, 2120, 4100, 2370]",,,
186r,P01,6,A,AN,N,adopted,"[2350, 2120, 4100, 2370]",,,
186r,P01,7,F,FS,S,adopted,"[2350, 2120, 4100, 2370]",,,
186r,P01,8,D,DQ,D,adopted,"[2350, 2120, 4100, 2370]",,,
186r,P01,9,E,ER,E,adopted,"[2350, 2120, 4100, 2370]",,,
186r,P01,10,M,MZ,M,adopted,"[2350, 2120, 4100, 2370]",,,
186r,P01,11,A,AN,A,adopted,"[2350, 2120, 4100, 2370]",,,
186r,P01,12,G,GT,T,adopted,"[2350, 2120, 4100, 2370]",,,
186r,P01,13,E,ER,E,adopted,"[2350, 2120, 4100, 2370]",,,
186r,P01,14,F,FS,S,adopted,"[2350, 2120, 4100, 2370]",,,
186r,P01,15,G,GT,T,adopted,"[2350, 2120, 4100, 2370]",,,
186r,P01,16,E,ER,E,adopted,"[2350, 2120, 4100, 2370]",,,
186r,P01,17,C,CP,C,adopted,"[2350, 2120, 4100, 2370]",,,
186r,P01,18,B,BO,O,adopted,"[2350, 2120, 4100, 2370]",,,
186r,P01,19,M,MZ,M,adopted,"[2350, 2120, 4100, 2370]",,,
186r,P01,20,M,MZ,M,adopted,"[2350, 2120, 4100, 2370]",,,
186r,P01,21,E,ER,E,adopted,"[2350, 2120, 4100, 2370]",,,
186r,P01,22,A,AN,N,adopted,"[2350, 2120, 4100, 2370]",,,
186r,P01,23,C,CP,C,adopted,"[2350, 2120, 4100, 2370]",,,
186r,P01,24,A,AN,A,adopted,"[2350, 2120, 4100, 2370]",,,
186r,P01,25,A,AN,N,adopted,"[2350, 2120, 4100, 2370]",,,
186r,P01,26,G,GT,T,adopted,"[2350, 2120, 4100, 2370]",,,
186r,P01,27,A,AN,A,adopted,"[2350, 2120, 4100, 2370]",,,
186r,P01,28,X,,,unadopted,"[2350, 2120, 4100, 2370]",,,
186r,P01,29,M,MZ,,unadopted,"[2350, 2120, 4100, 2370]",,,
186r,P01,30,A,AN,,unadopted,"[2350, 2120, 4100, 2370]",,,
186r,P01,31,G,GT,,unadopted,"[2350, 2120, 4100, 2370]",,,
186r,P01,32,E,ER,,unadopted,"[2350, 2120, 4100, 2370]",,,
186r,P01,33,B,BO,,unadopted,"[2350, 2120, 4100, 2370]",,,
186r,P01,34,H,HU,,unadopted,"[2350, 2120, 4100, 2370]",,,
186r,P01,35,C,CP,,unadopted,"[2350, 2120, 4100, 2370]",,,
186r,P01,36,I,IX,,unadopted,"[2350, 2120, 4100, 2370]",,,
186r,P02,1,QUE,QUE,QUE,adopted,"[790, 2300, 4090, 2590]",,,
186r,P02,2,E,ER,E,adopted,"[790, 2300, 4090, 2590]",,,
186r,P02,3,H,HU,U,adopted,"[790, 2300, 4090, 2590]",,,
186r,P02,4,L,LY,L,adopted,"[790, 2300, 4090, 2590]",,,
186r,P02,5,I,IX,X,adopted,"[790, 2300, 4090, 2590]",,,
186r,P02,6,F,FS,S,adopted,"[790, 2300, 4090, 2590]",,,
186r,P02,7,E,ER,E,adopted,"[790, 2300, 4090, 2590]",,,
186r,P02,8,H,HU,U,adopted,"[790, 2300, 4090, 2590]",,,
186r,P02,9,L,LY,L,adopted,"[790, 2300, 4090, 2590]",,,
186r,P02,10,I,IX,X,adopted,"[790, 2300, 4090, 2590]",,,
186r,P02,11,B,BO,O,adopted,"[790, 2300, 4090, 2590]",,,
186r,P02,12,A,AN,N,adopted,"[790, 2300, 4090, 2590]",,,
186r,P02,13,G,GT,T,adopted,"[790, 2300, 4090, 2590]",,,
186r,P02,14,C,CP,P,adopted,"[790, 2300, 4090, 2590]",,,
186r,P02,15,L,LY,L,adopted,"[790, 2300, 4090, 2590]",,,
186r,P02,16,H,HU,U,adopted,"[790, 2300, 4090, 2590]",,,
186r,P02,17,F,FS,S,adopted,"[790, 2300, 4090, 2590]",,,
186r,P02,18,A,AN,A,adopted,"[790, 2300, 4090, 2590]",,,
186r,P02,19,C,CP,P,adopted,"[790, 2300, 4090, 2590]",,,
186r,P02,20,B,BO,O,adopted,"[790, 2300, 4090, 2590]",,,
186r,P02,21,E,ER,R,adopted,"[790, 2300, 4090, 2590]",,,
186r,P02,22,G,GT,T,adopted,"[790, 2300, 4090, 2590]",,,
186r,P02,23,E,ER,E,adopted,"[790, 2300, 4090, 2590]",,,
186r,P02,24,D,DQ,D,adopted,"[790, 2300, 4090, 2590]",,,
186r,P02,25,E,ER,E,adopted,"[790, 2300, 4090, 2590]",,,
186r,P02,26,E,ER,R,adopted,"[790, 2300, 4090, 2590]",,,
186r,P02,27,H,HU,U,adopted,"[790, 2300, 4090, 2590]",,,
186r,P02,28,I,IX,I,adopted,"[790, 2300, 4090, 2590]",,,
186r,P02,29,A,AN,N,adopted,"[790, 2300, 4090, 2590]",,,
186r,P02,30,E,ER,E,adopted,"[790, 2300, 4090, 2590]",,,
186r,P02,31,A,AN,A,adopted,"[790, 2300, 4090, 2590]",,,
186r,P02,32,H,HU,U,adopted,"[790, 2300, 4090, 2590]",,,
186r,P02,33,I,IX,X,adopted,"[790, 2300, 4090, 2590]",,,
186r,P02,34,A,AN,A,adopted,"[790, 2300, 4090, 2590]",,,
186r,P02,35,F,FS,F,adopted,"[790, 2300, 4090, 2590]",,,
186r,P02,36,F,FS,F,adopted,"[790, 2300, 4090, 2590]",,,
186r,P02,37,A,AN,A,adopted,"[790, 2300, 4090, 2590]",,,
186r,P02,38,I,IX,I,adopted,"[790, 2300, 4090, 2590]",,,
186r,P02,39,E,ER,R,adopted,"[790, 2300, 4090, 2590]",,,
186r,P02,40,E,ER,E,adopted,"[790, 2300, 4090, 2590]",,,
186r,P02,41,F,FS,S,adopted,"[790, 2300, 4090, 2590]",,,
186r,P02,42,QUE,QUE,QUE,adopted,"[790, 2300, 4090, 2590]",,,
186r,P02,43,L,LY,L,adopted,"[790, 2300, 4090, 2590]",,,
186r,P02,44,E,ER,E,adopted,"[790, 2300, 4090, 2590]",,,
186r,P02,45,F,FS,S,adopted,"[790, 2300, 4090, 2590]",,,
186r,P02,46,E,ER,E,adopted,"[790, 2300, 4090, 2590]",,,
186r,P02,47,A,AN,N,adopted,"[790, 2300, 4090, 2590]",,,
186r,P02,48,A,AN,N,adopted,"[790, 2300, 4090, 2590]",,,
186r,P02,49,E,ER,E,adopted,"[790, 2300, 4090, 2590]",,,
186r,P02,50,M,MZ,M,adopted,"[790, 2300, 4090, 2590]",,,
186r,P02,51,I,IX,I,adopted,"[790, 2300, 4090, 2590]",,,
186r,P02,52,F,FS,S,adopted,"[790, 2300, 4090, 2590]",,,
186r,P02,53,G,GT,T,adopted,"[790, 2300, 4090, 2590]",,,
186r,P02,54,A,AN,A,adopted,"[790, 2300, 4090, 2590]",,,
186r,P02,55,A,AN,N,adopted,"[790, 2300, 4090, 2590]",,,
186r,P02,56,G,GT,T,adopted,"[790, 2300, 4090, 2590]",,,
186r,P02,57,I,IX,I,adopted,"[790, 2300, 4090, 2590]",,,
186r,P02,58,L,LY,L,adopted,"[790, 2300, 4090, 2590]",,,
186r,P02,59,M,MZ,Z,adopted,"[790, 2300, 4090, 2590]",,,
186r,P03,1,B,BO,O,adopted,"[780, 2370, 2830, 2550]",,,
186r,P03,2,A,AN,N,adopted,"[780, 2370, 2830, 2550]",,,
186r,P03,3,G,GT,T,adopted,"[780, 2370, 2830, 2550]",,,
186r,P03,4,E,ER,E,adopted,"[780, 2370, 2830, 2550]",,,
186r,P03,5,F,FS,S,adopted,"[780, 2370, 2830, 2550]",,,
186r,P03,6,G,GT,T,adopted,"[780, 2370, 2830, 2550]",,,
186r,P03,7,E,ER,E,adopted,"[780, 2370, 2830, 2550]",,,
186r,P03,8,E,ER,R,adopted,"[780, 2370, 2830, 2550]",,,
186r,P03,9,E,ER,E,adopted,"[780, 2370, 2830, 2550]",,,
186r,P03,10,M,MZ,M,adopted,"[780, 2370, 2830, 2550]",,,
186r,P03,11,C,CP,P,adopted,"[780, 2370, 2830, 2550]",,,
186r,P03,12,L,LY,L,adopted,"[780, 2370, 2830, 2550]",,,
186r,P03,13,I,IX,I,adopted,"[780, 2370, 2830, 2550]",,,
186r,P03,14,F,FS,S,adopted,"[780, 2370, 2830, 2550]",,,
186r,P03,15,D,DQ,D,adopted,"[780, 2370, 2830, 2550]",,,
186r,P03,16,E,ER,E,adopted,"[780, 2370, 2830, 2550]",,,
186r,P03,17,I,IX,I,adopted,"[780, 2370, 2830, 2550]",,,
186r,P03,18,E,ER,E,adopted,"[780, 2370, 2830, 2550]",,,
186r,P03,19,A,AN,N,adopted,"[780, 2370, 2830, 2550]",,,
186r,P03,20,E,ER,E,adopted,"[780, 2370, 2830, 2550]",,,
186r,P03,21,F,FS,S,adopted,"[780, 2370, 2830, 2550]",,,
186r,P03,22,A,AN,A,adopted,"[780, 2370, 2830, 2550]",,,
186r,P03,23,I,IX,I,adopted,"[780, 2370, 2830, 2550]",,,
186r,P03,24,D,DQ,Q,adopted,"[780, 2370, 2830, 2550]",,,
186r,P03,25,H,HU,U,adopted,"[780, 2370, 2830, 2550]",,,
186r,P03,26,E,ER,E,adopted,"[780, 2370, 2830, 2550]",,,
186r,P03,27,L,LY,L,adopted,"[780, 2370, 2830, 2550]",,,
186r,P03,28,L,LY,L,adopted,"[780, 2370, 2830, 2550]",,,
186r,P03,29,E,ER,E,adopted,"[780, 2370, 2830, 2550]",,,
186r,P03,30,C,CP,C,adopted,"[780, 2370, 2830, 2550]",,,
186r,P03,31,H,HU,H,adopted,"[780, 2370, 2830, 2550]",,,
186r,P03,32,B,BO,O,adopted,"[780, 2370, 2830, 2550]",,,
186r,P03,33,F,FS,S,adopted,"[780, 2370, 2830, 2550]",,,
186r,P03,34,E,ER,E,adopted,"[780, 2370, 2830, 2550]",,,
186r,P04,1,X1,ET,ET,adopted,"[750, 2470, 4100, 2770]",,,
186r,P04,2,F,FS,S,adopted,"[750, 2470, 4100, 2770]",,,
186r,P04,3,I,IX,I,adopted,"[750, 2470, 4100, 2770]",,,
186r,P04,4,I,IX,I,adopted,"[750, 2470, 4100, 2770]",,,
186r,P04,5,A,AN,A,adopted,"[750, 2470, 4100, 2770]",,,
186r,P04,6,L,LY,Y,adopted,"[750, 2470, 4100, 2770]",,,
186r,P04,7,E,ER,R,adopted,"[750, 2470, 4100, 2770]",,,
186r,P04,8,I,IX,I,adopted,"[750, 2470, 4100, 2770]",,,
186r,P04,9,E,ER,E,adopted,"[750, 2470, 4100, 2770]",,,
186r,P04,10,A,AN,N,adopted,"[750, 2470, 4100, 2770]",,,
186r,P04,11,M,MZ,M,adopted,"[750, 2470, 4100, 2770]",,,
186r,P04,12,I,IX,I,adopted,"[750, 2470, 4100, 2770]",,,
186r,P04,13,F,FS,S,adopted,"[750, 2470, 4100, 2770]",,,
186r,P04,14,E,ER,E,adopted,"[750, 2470, 4100, 2770]",,,
186r,P04,15,A,AN,N,adopted,"[750, 2470, 4100, 2770]",,,
186r,P04,16,A,AN,A,adopted,"[750, 2470, 4100, 2770]",,,
186r,P04,17,H,HU,U,adopted,"[750, 2470, 4100, 2770]",,,
186r,P04,18,A,AN,A,adopted,"[750, 2470, 4100, 2770]",,,
186r,P04,19,A,AN,N,adopted,"[750, 2470, 4100, 2770]",,,
186r,P04,20,G,GT,T,adopted,"[750, 2470, 4100, 2770]",,,
186r,P04,21,A,AN,A,adopted,"[750, 2470, 4100, 2770]",,,
186r,P04,22,H,HU,U,adopted,"[750, 2470, 4100, 2770]",,,
186r,P04,23,D,DQ,D,adopted,"[750, 2470, 4100, 2770]",,,
186r,P04,24,I,IX,I,adopted,"[750, 2470, 4100, 2770]",,,
186r,P04,25,F,FS,S,adopted,"[750, 2470, 4100, 2770]",,,
186r,P04,26,C,CP,C,adopted,"[750, 2470, 4100, 2770]",,,
186r,P04,27,B,BO,O,adopted,"[750, 2470, 4100, 2770]",,,
186r,P04,28,H,HU,U,adopted,"[750, 2470, 4100, 2770]",,,
186r,P04,29,E,ER,R,adopted,"[750, 2470, 4100, 2770]",,,
186r,P04,30,F,FS,S,adopted,"[750, 2470, 4100, 2770]",,,
186r,P04,31,QUE,QUE,QUE,adopted,"[750, 2470, 4100, 2770]",,,
186r,P04,32,I,IX,I,adopted,"[750, 2470, 4100, 2770]",,,
186r,P04,33,E,ER,E,adopted,"[750, 2470, 4100, 2770]",,,
186r,P04,34,D,DQ,D,adopted,"[750, 2470, 4100, 2770]",,,
186r,P04,35,B,BO,O,adopted,"[750, 2470, 4100, 2770]",,,
186r,P04,36,A,AN,N,adopted,"[750, 2470, 4100, 2770]",,,
186r,P04,37,A,AN,N,adopted,"[750, 2470, 4100, 2770]",,,
186r,P04,38,E,ER,E,adopted,"[750, 2470, 4100, 2770]",,,
186r,P04,39,A,AN,A,adopted,"[750, 2470, 4100, 2770]",,,
186r,P04,40,X2,,,unadopted,"[750, 2470, 4100, 2770]",,,
186r,P04,41,F,FS,S,adopted,"[750, 2470, 4100, 2770]",,,
186r,P04,42,H,HU,U,adopted,"[750, 2470, 4100, 2770]",,,
186r,P04,43,E,ER,R,adopted,"[750, 2470, 4100, 2770]",,,
186r,P04,44,L,LY,L,adopted,"[750, 2470, 4100, 2770]",,,
186r,P04,45,E,ER,E,adopted,"[750, 2470, 4100, 2770]",,,
186r,P04,46,F,FS,S,adopted,"[750, 2470, 4100, 2770]",,,
186r,P04,47,D,DQ,D,adopted,"[750, 2470, 4100, 2770]",,,
186r,P04,48,E,ER,E,adopted,"[750, 2470, 4100, 2770]",,,
186r,P04,49,C,CP,P,adopted,"[750, 2470, 4100, 2770]",,,
186r,P04,50,B,BO,O,adopted,"[750, 2470, 4100, 2770]",,,
186r,P04,51,E,ER,R,adopted,"[750, 2470, 4100, 2770]",,,
186r,P04,52,G,GT,T,adopted,"[750, 2470, 4100, 2770]",,,
186r,P04,53,E,ER,E,adopted,"[750, 2470, 4100, 2770]",,,
186r,P04,54,M,MZ,M,adopted,"[750, 2470, 4100, 2770]",,,
186r,P04,55,E,ER,E,adopted,"[750, 2470, 4100, 2770]",,,
186r,P04,56,A,AN,N,adopted,"[750, 2470, 4100, 2770]",,,
186r,P04,57,F,FS,S,adopted,"[750, 2470, 4100, 2770]",,,
186r,P04,58,D,DQ,D,adopted,"[750, 2470, 4100, 2770]",,,
186r,P04,59,H,HU,U,adopted,"[750, 2470, 4100, 2770]",,,
186r,P04,60,D,DQ,D,adopted,"[750, 2470, 4100, 2770]",,,
186r,P04,61,I,IX,I,adopted,"[750, 2470, 4100, 2770]",,,
186r,P04,62,G,GT,T,adopted,"[750, 2470, 4100, 2770]",,,
186r,P04,63,M,MZ,M,adopted,"[750, 2470, 4100, 2770]",,,
186r,P04,64,A,AN,A,adopted,"[750, 2470, 4100, 2770]",,,
186r,P04,65,G,GT,T,adopted,"[750, 2470, 4100, 2770]",,,
186r,P04,66,E,ER,E,adopted,"[750, 2470, 4100, 2770]",,,
186r,P04,67,H,HU,U,adopted,"[750, 2470, 4100, 2770]",,,
186r,P04,68,C,CP,C,adopted,"[750, 2470, 4100, 2770]",,,
186r,P04,69,I,IX,I,adopted,"[750, 2470, 4100, 2770]",,,
186r,P05,1,L,LY,L,adopted,"[750, 2570, 2450, 2750]",,,
186r,P05,2,A,AN,A,adopted,"[750, 2570, 2450, 2750]",,,
186r,P05,3,M,MZ,M,adopted,"[750, 2570, 2450, 2750]",,,
186r,P05,4,B,BO,O,adopted,"[750, 2570, 2450, 2750]",,,
186r,P05,5,I,IX,I,adopted,"[750, 2570, 2450, 2750]",,,
186r,P05,6,A,AN,N,adopted,"[750, 2570, 2450, 2750]",,,
186r,P05,7,D,DQ,D,adopted,"[750, 2570, 2450, 2750]",,,
186r,P05,8,E,ER,R,adopted,"[750, 2570, 2450, 2750]",,,
186r,P05,9,E,ER,E,adopted,"[750, 2570, 2450, 2750]",,,
186r,P05,10,L,LY,L,adopted,"[750, 2570, 2450, 2750]",,,
186r,P05,11,E,ER,E,adopted,"[750, 2570, 2450, 2750]",,,
186r,P05,12,G,GT,T,adopted,"[750, 2570, 2450, 2750]",,,
186r,P05,13,G,GT,T,adopted,"[750, 2570, 2450, 2750]",,,
186r,P05,14,E,ER,E,adopted,"[750, 2570, 2450, 2750]",,,
186r,P05,15,QUE,QUE,QUE,adopted,"[750, 2570, 2450, 2750]",,,
186r,P05,16,L,LY,L,adopted,"[750, 2570, 2450, 2750]",,,
186r,P05,17,B,BO,O,adopted,"[750, 2570, 2450, 2750]",,,
186r,P05,18,A,AN,N,adopted,"[750, 2570, 2450, 2750]",,,
186r,B0_tail,1,D,DQ,D,adopted,"[[2950, 2520, 4040, 2640]]",,,
186r,B0_tail,2,E,ER,E,adopted,"[[2950, 2520, 4040, 2640]]",,,
186r,B0_tail,3,X2,,[X2],adopted,"[[2950, 2520, 4040, 2640]]",,,
186r,B0_tail,4,D,DQ,D,adopted,"[[2950, 2520, 4040, 2640]]",,,
186r,B0_tail,5,E,ER,E,adopted,"[[2950, 2520, 4040, 2640]]",,,
186r,B1,1,M,MZ,,unadopted,"[[775, 2660, 1905, 2770], [1870, 2625, 3030, 2750], [2970, 2580, 3960, 2710]]",,,
186r,B1,2,A,AN,,unadopted,"[[775, 2660, 1905, 2770], [1870, 2625, 3030, 2750], [2970, 2580, 3960, 2710]]",,,
186r,B1,3,L,LY,,unadopted,"[[775, 2660, 1905, 2770], [1870, 2625, 3030, 2750], [2970, 2580, 3960, 2710]]",,,
186r,B1,4,H,HU,,unadopted,"[[775, 2660, 1905, 2770], [1870, 2625, 3030, 2750], [2970, 2580, 3960, 2710]]",,,
186r,B1,5,B,BO,,unadopted,"[[775, 2660, 1905, 2770], [1870, 2625, 3030, 2750], [2970, 2580, 3960, 2710]]",,,
186r,B1,6,I,IX,,unadopted,"[[775, 2660, 1905, 2770], [1870, 2625, 3030, 2750], [2970, 2580, 3960, 2710]]",,,
186r,B1,7,F,FS,,unadopted,"[[775, 2660, 1905, 2770], [1870, 2625, 3030, 2750], [2970, 2580, 3960, 2710]]",,,
186r,B1,8,I,IX,,unadopted,"[[775, 2660, 1905, 2770], [1870, 2625, 3030, 2750], [2970, 2580, 3960, 2710]]",,,
186r,B1,9,E,ER,,unadopted,"[[775, 2660, 1905, 2770], [1870, 2625, 3030, 2750], [2970, 2580, 3960, 2710]]",,,
186r,B1,10,I,IX,I,adopted,"[[775, 2660, 1905, 2770], [1870, 2625, 3030, 2750], [2970, 2580, 3960, 2710]]",,,
186r,B1,11,E,ER,E,adopted,"[[775, 2660, 1905, 2770], [1870, 2625, 3030, 2750], [2970, 2580, 3960, 2710]]",,,
186r,B1,12,A,AN,N,adopted,"[[775, 2660, 1905, 2770], [1870, 2625, 3030, 2750], [2970, 2580, 3960, 2710]]",,,
186r,B1,13,L,LY,Y,adopted,"[[775, 2660, 1905, 2770], [1870, 2625, 3030, 2750], [2970, 2580, 3960, 2710]]",,,
186r,B1,14,E,ER,E,adopted,"[[775, 2660, 1905, 2770], [1870, 2625, 3030, 2750], [2970, 2580, 3960, 2710]]",,,
186r,B1,15,F,FS,S,adopted,"[[775, 2660, 1905, 2770], [1870, 2625, 3030, 2750], [2970, 2580, 3960, 2710]]",,,
186r,B1,16,G,GT,T,adopted,"[[775, 2660, 1905, 2770], [1870, 2625, 3030, 2750], [2970, 2580, 3960, 2710]]",,,
186r,B1,17,B,BO,O,adopted,"[[775, 2660, 1905, 2770], [1870, 2625, 3030, 2750], [2970, 2580, 3960, 2710]]",,,
186r,B1,18,I,IX,I,adopted,"[[775, 2660, 1905, 2770], [1870, 2625, 3030, 2750], [2970, 2580, 3960, 2710]]",,,
186r,B1,19,F,FS,S,adopted,"[[775, 2660, 1905, 2770], [1870, 2625, 3030, 2750], [2970, 2580, 3960, 2710]]",,,
186r,B1,20,L,LY,L,adopted,"[[775, 2660, 1905, 2770], [1870, 2625, 3030, 2750], [2970, 2580, 3960, 2710]]",,,
186r,B1,21,B,BO,O,adopted,"[[775, 2660, 1905, 2770], [1870, 2625, 3030, 2750], [2970, 2580, 3960, 2710]]",,,
186r,B1,22,E,ER,R,adopted,"[[775, 2660, 1905, 2770], [1870, 2625, 3030, 2750], [2970, 2580, 3960, 2710]]",,,
186r,B1,23,F,FS,S,adopted,"[[775, 2660, 1905, 2770], [1870, 2625, 3030, 2750], [2970, 2580, 3960, 2710]]",,,
186r,B1,24,QUI,QUI,QUI,adopted,"[[775, 2660, 1905, 2770], [1870, 2625, 3030, 2750], [2970, 2580, 3960, 2710]]",,,
186r,B1,25,L,LY,L,adopted,"[[775, 2660, 1905, 2770], [1870, 2625, 3030, 2750], [2970, 2580, 3960, 2710]]",,,
186r,B1,26,M,MZ,Z,adopted,"[[775, 2660, 1905, 2770], [1870, 2625, 3030, 2750], [2970, 2580, 3960, 2710]]",,,
186r,B1,27,F,FS,S,adopted,"[[775, 2660, 1905, 2770], [1870, 2625, 3030, 2750], [2970, 2580, 3960, 2710]]",,,
186r,B1,28,B,BO,O,adopted,"[[775, 2660, 1905, 2770], [1870, 2625, 3030, 2750], [2970, 2580, 3960, 2710]]",,,
186r,B1,29,A,AN,N,adopted,"[[775, 2660, 1905, 2770], [1870, 2625, 3030, 2750], [2970, 2580, 3960, 2710]]",,,
186r,B1,30,G,GT,T,adopted,"[[775, 2660, 1905, 2770], [1870, 2625, 3030, 2750], [2970, 2580, 3960, 2710]]",,,
186r,B1,31,E,ER,E,adopted,"[[775, 2660, 1905, 2770], [1870, 2625, 3030, 2750], [2970, 2580, 3960, 2710]]",,,
186r,B1,32,A,AN,N,adopted,"[[775, 2660, 1905, 2770], [1870, 2625, 3030, 2750], [2970, 2580, 3960, 2710]]",,,
186r,B1,33,G,GT,T,adopted,"[[775, 2660, 1905, 2770], [1870, 2625, 3030, 2750], [2970, 2580, 3960, 2710]]",,,
186r,B1,34,E,ER,R,adopted,"[[775, 2660, 1905, 2770], [1870, 2625, 3030, 2750], [2970, 2580, 3960, 2710]]",,,
186r,B1,35,E,ER,E,adopted,"[[775, 2660, 1905, 2770], [1870, 2625, 3030, 2750], [2970, 2580, 3960, 2710]]",,,
186r,B1,36,M,MZ,Z,adopted,"[[775, 2660, 1905, 2770], [1870, 2625, 3030, 2750], [2970, 2580, 3960, 2710]]",,,
186r,B1,37,E,ER,E,adopted,"[[775, 2660, 1905, 2770], [1870, 2625, 3030, 2750], [2970, 2580, 3960, 2710]]",,,
186r,B1,38,A,AN,N,adopted,"[[775, 2660, 1905, 2770], [1870, 2625, 3030, 2750], [2970, 2580, 3960, 2710]]",,,
186r,B1,39,M,MZ,M,adopted,"[[775, 2660, 1905, 2770], [1870, 2625, 3030, 2750], [2970, 2580, 3960, 2710]]",,,
186r,B1,40,A,AN,A,adopted,"[[775, 2660, 1905, 2770], [1870, 2625, 3030, 2750], [2970, 2580, 3960, 2710]]",,,
186r,B1,41,H,HU,U,adopted,"[[775, 2660, 1905, 2770], [1870, 2625, 3030, 2750], [2970, 2580, 3960, 2710]]",,,
186r,B1,42,H,HU,U,adopted,"[[775, 2660, 1905, 2770], [1870, 2625, 3030, 2750], [2970, 2580, 3960, 2710]]",,,
186r,B1,43,A,AN,A,adopted,"[[775, 2660, 1905, 2770], [1870, 2625, 3030, 2750], [2970, 2580, 3960, 2710]]",,,
186r,B1,44,I,IX,I,adopted,"[[775, 2660, 1905, 2770], [1870, 2625, 3030, 2750], [2970, 2580, 3960, 2710]]",,,
186r,B1,45,F,FS,S,adopted,"[[775, 2660, 1905, 2770], [1870, 2625, 3030, 2750], [2970, 2580, 3960, 2710]]",,,
186r,B1,46,M,MZ,M,adopted,"[[775, 2660, 1905, 2770], [1870, 2625, 3030, 2750], [2970, 2580, 3960, 2710]]",,,
186r,B1,47,E,ER,E,adopted,"[[775, 2660, 1905, 2770], [1870, 2625, 3030, 2750], [2970, 2580, 3960, 2710]]",,,
186r,B1,48,F,FS,S,adopted,"[[775, 2660, 1905, 2770], [1870, 2625, 3030, 2750], [2970, 2580, 3960, 2710]]",,,
186r,B1,49,A,AN,N,adopted,"[[775, 2660, 1905, 2770], [1870, 2625, 3030, 2750], [2970, 2580, 3960, 2710]]",,,
186r,B1,50,A,AN,A,adopted,"[[775, 2660, 1905, 2770], [1870, 2625, 3030, 2750], [2970, 2580, 3960, 2710]]",,,
186r,B1,51,G,GT,G,adopted,"[[775, 2660, 1905, 2770], [1870, 2625, 3030, 2750], [2970, 2580, 3960, 2710]]",,,
186r,B1,52,E,ER,E,adopted,"[[775, 2660, 1905, 2770], [1870, 2625, 3030, 2750], [2970, 2580, 3960, 2710]]",,,
186r,B1,53,X3,,[X3],adopted,"[[775, 2660, 1905, 2770], [1870, 2625, 3030, 2750], [2970, 2580, 3960, 2710]]",,,
186r,B1,54,X1,ET,ET,adopted,"[[775, 2660, 1905, 2770], [1870, 2625, 3030, 2750], [2970, 2580, 3960, 2710]]",,,
186r,B1,55,L,LY,L,adopted,"[[775, 2660, 1905, 2770], [1870, 2625, 3030, 2750], [2970, 2580, 3960, 2710]]",,,
186r,B1,56,H,HU,U,adopted,"[[775, 2660, 1905, 2770], [1870, 2625, 3030, 2750], [2970, 2580, 3960, 2710]]",,,
186r,B1,57,L,LY,Y,adopted,"[[775, 2660, 1905, 2770], [1870, 2625, 3030, 2750], [2970, 2580, 3960, 2710]]",,,
186r,B1,58,G,GT,T,adopted,"[[775, 2660, 1905, 2770], [1870, 2625, 3030, 2750], [2970, 2580, 3960, 2710]]",,,
186r,B1,59,B,BO,O,adopted,"[[775, 2660, 1905, 2770], [1870, 2625, 3030, 2750], [2970, 2580, 3960, 2710]]",,,
186r,B1,60,H,HU,U,adopted,"[[775, 2660, 1905, 2770], [1870, 2625, 3030, 2750], [2970, 2580, 3960, 2710]]",,,
186r,B1,61,G,GT,T,adopted,"[[775, 2660, 1905, 2770], [1870, 2625, 3030, 2750], [2970, 2580, 3960, 2710]]",,,
186r,B1,62,E,ER,E,adopted,"[[775, 2660, 1905, 2770], [1870, 2625, 3030, 2750], [2970, 2580, 3960, 2710]]",,,
186r,B1,63,F,FS,S,adopted,"[[775, 2660, 1905, 2770], [1870, 2625, 3030, 2750], [2970, 2580, 3960, 2710]]",,,
186r,B1,64,F,FS,F,adopted,"[[775, 2660, 1905, 2770], [1870, 2625, 3030, 2750], [2970, 2580, 3960, 2710]]",,,
186r,B1,65,B,BO,O,adopted,"[[775, 2660, 1905, 2770], [1870, 2625, 3030, 2750], [2970, 2580, 3960, 2710]]",,,
186r,B1,66,I,IX,I,adopted,"[[775, 2660, 1905, 2770], [1870, 2625, 3030, 2750], [2970, 2580, 3960, 2710]]",,,
186r,B1,67,F,FS,S,adopted,"[[775, 2660, 1905, 2770], [1870, 2625, 3030, 2750], [2970, 2580, 3960, 2710]]",,,
186r,B2_prefix,1,L,LY,L,adopted,"[[775, 2760, 1900, 2890], [1880, 2710, 3000, 2850]]",,,
186r,B2_prefix,2,E,ER,E,adopted,"[[775, 2760, 1900, 2890], [1880, 2710, 3000, 2850]]",,,
186r,B2_prefix,3,A,AN,N,adopted,"[[775, 2760, 1900, 2890], [1880, 2710, 3000, 2850]]",,,
186r,B2_prefix,4,E,ER,E,adopted,"[[775, 2760, 1900, 2890], [1880, 2710, 3000, 2850]]",,,
186r,B2_prefix,5,H,HU,U,adopted,"[[775, 2760, 1900, 2890], [1880, 2710, 3000, 2850]]",,,
186r,B2_prefix,6,E,ER,E,adopted,"[[775, 2760, 1900, 2890], [1880, 2710, 3000, 2850]]",,,
186r,B2_prefix,7,H,HU,U,adopted,"[[775, 2760, 1900, 2890], [1880, 2710, 3000, 2850]]",,,
186r,B2_prefix,8,D,DQ,D,adopted,"[[775, 2760, 1900, 2890], [1880, 2710, 3000, 2850]]",,,
186r,B2_prefix,9,E,ER,E,adopted,"[[775, 2760, 1900, 2890], [1880, 2710, 3000, 2850]]",,,
186r,B2_prefix,10,X2,,[X2],adopted,"[[775, 2760, 1900, 2890], [1880, 2710, 3000, 2850]]",,,
186r,B2_prefix,11,X4,,[X4],adopted,"[[775, 2760, 1900, 2890], [1880, 2710, 3000, 2850]]",,,
186r,B2_prefix,12,M,MZ,M,adopted,"[[775, 2760, 1900, 2890], [1880, 2710, 3000, 2850]]",,,
186r,B2_prefix,13,E,ER,E,adopted,"[[775, 2760, 1900, 2890], [1880, 2710, 3000, 2850]]",,,
186r,B2_prefix,14,A,AN,N,adopted,"[[775, 2760, 1900, 2890], [1880, 2710, 3000, 2850]]",,,
186r,B2_prefix,15,A,AN,A,adopted,"[[775, 2760, 1900, 2890], [1880, 2710, 3000, 2850]]",,,
186r,B2_prefix,16,F,FS,F,adopted,"[[775, 2760, 1900, 2890], [1880, 2710, 3000, 2850]]",,,
186r,B2_prefix,17,A,AN,A,adopted,"[[775, 2760, 1900, 2890], [1880, 2710, 3000, 2850]]",,,
186r,B2_prefix,18,I,IX,I,adopted,"[[775, 2760, 1900, 2890], [1880, 2710, 3000, 2850]]",,,
186r,B2_prefix,19,G,GT,T,adopted,"[[775, 2760, 1900, 2890], [1880, 2710, 3000, 2850]]",,,
186r,B2_prefix,20,F,FS,S,adopted,"[[775, 2760, 1900, 2890], [1880, 2710, 3000, 2850]]",,,
186r,B2_prefix,21,E,ER,E,adopted,"[[775, 2760, 1900, 2890], [1880, 2710, 3000, 2850]]",,,
186r,B2_prefix,22,F,FS,S,adopted,"[[775, 2760, 1900, 2890], [1880, 2710, 3000, 2850]]",,,
186r,B2_prefix,23,C,CP,P,adopted,"[[775, 2760, 1900, 2890], [1880, 2710, 3000, 2850]]",,,
186r,B2_prefix,24,L,LY,L,adopted,"[[775, 2760, 1900, 2890], [1880, 2710, 3000, 2850]]",,,
186r,B2_prefix,25,A,AN,A,adopted,"[[775, 2760, 1900, 2890], [1880, 2710, 3000, 2850]]",,,
186r,B2_prefix,26,I,IX,I,adopted,"[[775, 2760, 1900, 2890], [1880, 2710, 3000, 2850]]",,,
186r,B2_prefix,27,A,AN,N,adopted,"[[775, 2760, 1900, 2890], [1880, 2710, 3000, 2850]]",,,
186r,B2_prefix,28,G,GT,T,adopted,"[[775, 2760, 1900, 2890], [1880, 2710, 3000, 2850]]",,,
186r,B2_prefix,29,E,ER,E,adopted,"[[775, 2760, 1900, 2890], [1880, 2710, 3000, 2850]]",,,
186r,B2_prefix,30,F,FS,S,adopted,"[[775, 2760, 1900, 2890], [1880, 2710, 3000, 2850]]",,,
186r,B2_prefix,31,A,AN,A,adopted,"[[775, 2760, 1900, 2890], [1880, 2710, 3000, 2850]]",,,
186r,B2_prefix,32,H,HU,U,adopted,"[[775, 2760, 1900, 2890], [1880, 2710, 3000, 2850]]",,,
186r,B2_prefix,33,F,FS,S,adopted,"[[775, 2760, 1900, 2890], [1880, 2710, 3000, 2850]]",,,
186r,B2_prefix,34,F,FS,S,adopted,"[[775, 2760, 1900, 2890], [1880, 2710, 3000, 2850]]",,,
186r,B2_prefix,35,I,IX,I,adopted,"[[775, 2760, 1900, 2890], [1880, 2710, 3000, 2850]]",,,
186r,B2_prefix,36,QUI,QUI,QUI,adopted,"[[775, 2760, 1900, 2890], [1880, 2710, 3000, 2850]]",,,
186r,B2_prefix,37,L,LY,L,adopted,"[[775, 2760, 1900, 2890], [1880, 2710, 3000, 2850]]",,,
186r,B2_prefix,38,E,ER,E,adopted,"[[775, 2760, 1900, 2890], [1880, 2710, 3000, 2850]]",,,
186r,B2_prefix,39,F,FS,S,adopted,"[[775, 2760, 1900, 2890], [1880, 2710, 3000, 2850]]",,,
186r,B2_prefix,40,G,GT,T,adopted,"[[775, 2760, 1900, 2890], [1880, 2710, 3000, 2850]]",,,
186r,B2_tail,1,D,DQ,D,adopted,"[[2980, 2660, 4020, 2820]]",,,
186r,B2_tail,2,E,ER,E,adopted,"[[2980, 2660, 4020, 2820]]",,,
186r,B2_tail,3,F,FS,S,adopted,"[[2980, 2660, 4020, 2820]]",,,
186r,B2_tail,4,B,BO,O,adopted,"[[2980, 2660, 4020, 2820]]",,,
186r,B2_tail,5,L,LY,Y,adopted,"[[2980, 2660, 4020, 2820]]",,,
186r,B2_tail,6,M,MZ,M,adopted,"[[2980, 2660, 4020, 2820]]",,,
186r,B2_tail,7,E,ER,E,adopted,"[[2980, 2660, 4020, 2820]]",,,
186r,B2_tail,8,F,FS,S,adopted,"[[2980, 2660, 4020, 2820]]",,,
186r,B3,1,M,MZ,M,adopted,"[[775, 2840, 1900, 2980], [1880, 2800, 3020, 2940], [3000, 2760, 4040, 2900]]",,,
186r,B3,2,E,ER,E,adopted,"[[775, 2840, 1900, 2980], [1880, 2800, 3020, 2940], [3000, 2760, 4040, 2900]]",,,
186r,B3,3,E,ER,E,adopted,"[[775, 2840, 1900, 2980], [1880, 2800, 3020, 2940], [3000, 2760, 4040, 2900]]",,,
186r,B3,4,L,LY,L,adopted,"[[775, 2840, 1900, 2980], [1880, 2800, 3020, 2940], [3000, 2760, 4040, 2900]]",,,
186r,B3,5,L,LY,L,adopted,"[[775, 2840, 1900, 2980], [1880, 2800, 3020, 2940], [3000, 2760, 4040, 2900]]",,,
186r,B3,6,E,ER,E,adopted,"[[775, 2840, 1900, 2980], [1880, 2800, 3020, 2940], [3000, 2760, 4040, 2900]]",,,
186r,B3,7,C,CP,P,adopted,"[[775, 2840, 1900, 2980], [1880, 2800, 3020, 2940], [3000, 2760, 4040, 2900]]",,,
186r,B3,8,E,ER,E,adopted,"[[775, 2840, 1900, 2980], [1880, 2800, 3020, 2940], [3000, 2760, 4040, 2900]]",,,
186r,B3,9,H,HU,U,adopted,"[[775, 2840, 1900, 2980], [1880, 2800, 3020, 2940], [3000, 2760, 4040, 2900]]",,,
186r,B3,10,G,GT,T,adopted,"[[775, 2840, 1900, 2980], [1880, 2800, 3020, 2940], [3000, 2760, 4040, 2900]]",,,
186r,B3,11,C,CP,C,adopted,"[[775, 2840, 1900, 2980], [1880, 2800, 3020, 2940], [3000, 2760, 4040, 2900]]",,,
186r,B3,12,B,BO,O,adopted,"[[775, 2840, 1900, 2980], [1880, 2800, 3020, 2940], [3000, 2760, 4040, 2900]]",,,
186r,B3,13,A,AN,N,adopted,"[[775, 2840, 1900, 2980], [1880, 2800, 3020, 2940], [3000, 2760, 4040, 2900]]",,,
186r,B3,14,F,FS,S,adopted,"[[775, 2840, 1900, 2980], [1880, 2800, 3020, 2940], [3000, 2760, 4040, 2900]]",,,
186r,B3,15,I,IX,I,adopted,"[[775, 2840, 1900, 2980], [1880, 2800, 3020, 2940], [3000, 2760, 4040, 2900]]",,,
186r,B3,16,D,DQ,D,adopted,"[[775, 2840, 1900, 2980], [1880, 2800, 3020, 2940], [3000, 2760, 4040, 2900]]",,,
186r,B3,17,E,ER,E,adopted,"[[775, 2840, 1900, 2980], [1880, 2800, 3020, 2940], [3000, 2760, 4040, 2900]]",,,
186r,B3,18,E,ER,R,adopted,"[[775, 2840, 1900, 2980], [1880, 2800, 3020, 2940], [3000, 2760, 4040, 2900]]",,,
186r,B3,19,E,ER,E,adopted,"[[775, 2840, 1900, 2980], [1880, 2800, 3020, 2940], [3000, 2760, 4040, 2900]]",,,
186r,B3,20,E,ER,R,adopted,"[[775, 2840, 1900, 2980], [1880, 2800, 3020, 2940], [3000, 2760, 4040, 2900]]",,,
186r,B3,21,QUE,QUE,QUE,adopted,"[[775, 2840, 1900, 2980], [1880, 2800, 3020, 2940], [3000, 2760, 4040, 2900]]",,,
186r,B3,22,L,LY,L,adopted,"[[775, 2840, 1900, 2980], [1880, 2800, 3020, 2940], [3000, 2760, 4040, 2900]]",,,
186r,B3,23,A,AN,A,adopted,"[[775, 2840, 1900, 2980], [1880, 2800, 3020, 2940], [3000, 2760, 4040, 2900]]",,,
186r,B3,24,E,ER,R,adopted,"[[775, 2840, 1900, 2980], [1880, 2800, 3020, 2940], [3000, 2760, 4040, 2900]]",,,
186r,B3,25,M,MZ,M,adopted,"[[775, 2840, 1900, 2980], [1880, 2800, 3020, 2940], [3000, 2760, 4040, 2900]]",,,
186r,B3,26,E,ER,E,adopted,"[[775, 2840, 1900, 2980], [1880, 2800, 3020, 2940], [3000, 2760, 4040, 2900]]",,,
186r,B3,27,E,ER,E,adopted,"[[775, 2840, 1900, 2980], [1880, 2800, 3020, 2940], [3000, 2760, 4040, 2900]]",,,
186r,B3,28,D,DQ,D,adopted,"[[775, 2840, 1900, 2980], [1880, 2800, 3020, 2940], [3000, 2760, 4040, 2900]]",,,
186r,B3,29,H,HU,U,adopted,"[[775, 2840, 1900, 2980], [1880, 2800, 3020, 2940], [3000, 2760, 4040, 2900]]",,,
186r,B3,30,X5,,[X5],adopted,"[[775, 2840, 1900, 2980], [1880, 2800, 3020, 2940], [3000, 2760, 4040, 2900]]",,,
186r,B3,31,A,AN,N,adopted,"[[775, 2840, 1900, 2980], [1880, 2800, 3020, 2940], [3000, 2760, 4040, 2900]]",,,
186r,B3,32,A,AN,A,adopted,"[[775, 2840, 1900, 2980], [1880, 2800, 3020, 2940], [3000, 2760, 4040, 2900]]",,,
186r,B3,33,E,ER,R,adopted,"[[775, 2840, 1900, 2980], [1880, 2800, 3020, 2940], [3000, 2760, 4040, 2900]]",,,
186r,B3,34,I,IX,I,adopted,"[[775, 2840, 1900, 2980], [1880, 2800, 3020, 2940], [3000, 2760, 4040, 2900]]",,,
186r,B3,35,E,ER,E,adopted,"[[775, 2840, 1900, 2980], [1880, 2800, 3020, 2940], [3000, 2760, 4040, 2900]]",,,
186r,B3,36,A,AN,N,adopted,"[[775, 2840, 1900, 2980], [1880, 2800, 3020, 2940], [3000, 2760, 4040, 2900]]",,,
186r,B3,37,F,FS,F,adopted,"[[775, 2840, 1900, 2980], [1880, 2800, 3020, 2940], [3000, 2760, 4040, 2900]]",,,
186r,B3,38,A,AN,A,adopted,"[[775, 2840, 1900, 2980], [1880, 2800, 3020, 2940], [3000, 2760, 4040, 2900]]",,,
186r,B3,39,I,IX,I,adopted,"[[775, 2840, 1900, 2980], [1880, 2800, 3020, 2940], [3000, 2760, 4040, 2900]]",,,
186r,B3,40,G,GT,T,adopted,"[[775, 2840, 1900, 2980], [1880, 2800, 3020, 2940], [3000, 2760, 4040, 2900]]",,,
186r,B3,41,F,FS,S,adopted,"[[775, 2840, 1900, 2980], [1880, 2800, 3020, 2940], [3000, 2760, 4040, 2900]]",,,
186r,B3,42,I,IX,I,adopted,"[[775, 2840, 1900, 2980], [1880, 2800, 3020, 2940], [3000, 2760, 4040, 2900]]",,,
186r,B3,43,A,AN,N,adopted,"[[775, 2840, 1900, 2980], [1880, 2800, 3020, 2940], [3000, 2760, 4040, 2900]]",,,
186r,B3,44,B,BO,O,adopted,"[[775, 2840, 1900, 2980], [1880, 2800, 3020, 2940], [3000, 2760, 4040, 2900]]",,,
186r,B3,45,A,AN,N,adopted,"[[775, 2840, 1900, 2980], [1880, 2800, 3020, 2940], [3000, 2760, 4040, 2900]]",,,
186r,B3,46,D,DQ,D,adopted,"[[775, 2840, 1900, 2980], [1880, 2800, 3020, 2940], [3000, 2760, 4040, 2900]]",,,
186r,B3,47,E,ER,E,adopted,"[[775, 2840, 1900, 2980], [1880, 2800, 3020, 2940], [3000, 2760, 4040, 2900]]",,,
186r,B3,48,D,DQ,D,adopted,"[[775, 2840, 1900, 2980], [1880, 2800, 3020, 2940], [3000, 2760, 4040, 2900]]",,,
186r,B3,49,E,ER,E,adopted,"[[775, 2840, 1900, 2980], [1880, 2800, 3020, 2940], [3000, 2760, 4040, 2900]]",,,
186r,B3,50,M,MZ,M,adopted,"[[775, 2840, 1900, 2980], [1880, 2800, 3020, 2940], [3000, 2760, 4040, 2900]]",,,
186r,B3,51,E,ER,E,adopted,"[[775, 2840, 1900, 2980], [1880, 2800, 3020, 2940], [3000, 2760, 4040, 2900]]",,,
186r,B3,52,H,HU,U,adopted,"[[775, 2840, 1900, 2980], [1880, 2800, 3020, 2940], [3000, 2760, 4040, 2900]]",,,
186r,B3,53,E,ER,R,adopted,"[[775, 2840, 1900, 2980], [1880, 2800, 3020, 2940], [3000, 2760, 4040, 2900]]",,,
186r,B3,54,E,ER,E,adopted,"[[775, 2840, 1900, 2980], [1880, 2800, 3020, 2940], [3000, 2760, 4040, 2900]]",,,
186r,B3,55,E,ER,R,adopted,"[[775, 2840, 1900, 2980], [1880, 2800, 3020, 2940], [3000, 2760, 4040, 2900]]",,,
186r,B3,56,F,FS,S,adopted,"[[775, 2840, 1900, 2980], [1880, 2800, 3020, 2940], [3000, 2760, 4040, 2900]]",,,
186r,B3,57,H,HU,U,adopted,"[[775, 2840, 1900, 2980], [1880, 2800, 3020, 2940], [3000, 2760, 4040, 2900]]",,,
186r,B3,58,E,ER,R,adopted,"[[775, 2840, 1900, 2980], [1880, 2800, 3020, 2940], [3000, 2760, 4040, 2900]]",,,
186r,B3,59,L,LY,L,adopted,"[[775, 2840, 1900, 2980], [1880, 2800, 3020, 2940], [3000, 2760, 4040, 2900]]",,,
186r,B3,60,A,AN,A,adopted,"[[775, 2840, 1900, 2980], [1880, 2800, 3020, 2940], [3000, 2760, 4040, 2900]]",,,
186r,B3,61,F,FS,F,adopted,"[[775, 2840, 1900, 2980], [1880, 2800, 3020, 2940], [3000, 2760, 4040, 2900]]",,,
186r,B3,62,E,ER,R,adopted,"[[775, 2840, 1900, 2980], [1880, 2800, 3020, 2940], [3000, 2760, 4040, 2900]]",,,
186r,B3,63,B,BO,O,adopted,"[[775, 2840, 1900, 2980], [1880, 2800, 3020, 2940], [3000, 2760, 4040, 2900]]",,,
186r,B3,64,A,AN,N,adopted,"[[775, 2840, 1900, 2980], [1880, 2800, 3020, 2940], [3000, 2760, 4040, 2900]]",,,
186r,B3,65,G,GT,T,adopted,"[[775, 2840, 1900, 2980], [1880, 2800, 3020, 2940], [3000, 2760, 4040, 2900]]",,,
186r,B3,66,I,IX,I,adopted,"[[775, 2840, 1900, 2980], [1880, 2800, 3020, 2940], [3000, 2760, 4040, 2900]]",,,
186r,B3,67,E,ER,E,adopted,"[[775, 2840, 1900, 2980], [1880, 2800, 3020, 2940], [3000, 2760, 4040, 2900]]",,,
186r,B3,68,E,ER,R,adopted,"[[775, 2840, 1900, 2980], [1880, 2800, 3020, 2940], [3000, 2760, 4040, 2900]]",,,
186r,B3,69,E,ER,E,adopted,"[[775, 2840, 1900, 2980], [1880, 2800, 3020, 2940], [3000, 2760, 4040, 2900]]",,,
186r,B4,1,F,FS,S,adopted,"[[775, 2940, 1900, 3070], [1880, 2900, 3020, 3030], [3000, 2850, 4040, 2990]]",,,
186r,B4,2,E,ER,E,adopted,"[[775, 2940, 1900, 3070], [1880, 2900, 3020, 3030], [3000, 2850, 4040, 2990]]",,,
186r,B4,3,E,ER,R,adopted,"[[775, 2940, 1900, 3070], [1880, 2900, 3020, 3030], [3000, 2850, 4040, 2990]]",,,
186r,B4,4,H,HU,U,adopted,"[[775, 2940, 1900, 3070], [1880, 2900, 3020, 3030], [3000, 2850, 4040, 2990]]",,,
186r,B4,5,A,AN,A,adopted,"[[775, 2940, 1900, 3070], [1880, 2900, 3020, 3030], [3000, 2850, 4040, 2990]]",,,
186r,B4,6,A,AN,N,adopted,"[[775, 2940, 1900, 3070], [1880, 2900, 3020, 3030], [3000, 2850, 4040, 2990]]",,,
186r,B4,7,G,GT,T,adopted,"[[775, 2940, 1900, 3070], [1880, 2900, 3020, 3030], [3000, 2850, 4040, 2990]]",,,
186r,B4,8,D,DQ,D,adopted,"[[775, 2940, 1900, 3070], [1880, 2900, 3020, 3030], [3000, 2850, 4040, 2990]]",,,
186r,B4,9,B,BO,O,adopted,"[[775, 2940, 1900, 3070], [1880, 2900, 3020, 3030], [3000, 2850, 4040, 2990]]",,,
186r,B4,10,C,CP,P,adopted,"[[775, 2940, 1900, 3070], [1880, 2900, 3020, 3030], [3000, 2850, 4040, 2990]]",,,
186r,B4,11,E,ER,R,adopted,"[[775, 2940, 1900, 3070], [1880, 2900, 3020, 3030], [3000, 2850, 4040, 2990]]",,,
186r,B4,12,B,BO,O,adopted,"[[775, 2940, 1900, 3070], [1880, 2900, 3020, 3030], [3000, 2850, 4040, 2990]]",,,
186r,B4,13,B,BO,B,adopted,"[[775, 2940, 1900, 3070], [1880, 2900, 3020, 3030], [3000, 2850, 4040, 2990]]",,,
186r,B4,14,E,ER,R,adopted,"[[775, 2940, 1900, 3070], [1880, 2900, 3020, 3030], [3000, 2850, 4040, 2990]]",,,
186r,B4,15,E,ER,E,adopted,"[[775, 2940, 1900, 3070], [1880, 2900, 3020, 3030], [3000, 2850, 4040, 2990]]",,,
186r,B4,16,A,AN,A,adopted,"[[775, 2940, 1900, 3070], [1880, 2900, 3020, 3030], [3000, 2850, 4040, 2990]]",,,
186r,B4,17,H,HU,U,adopted,"[[775, 2940, 1900, 3070], [1880, 2900, 3020, 3030], [3000, 2850, 4040, 2990]]",,,
186r,B4,18,A,AN,N,adopted,"[[775, 2940, 1900, 3070], [1880, 2900, 3020, 3030], [3000, 2850, 4040, 2990]]",,,
186r,B4,19,F,FS,S,adopted,"[[775, 2940, 1900, 3070], [1880, 2900, 3020, 3030], [3000, 2850, 4040, 2990]]",,,
186r,B4,20,I,IX,I,adopted,"[[775, 2940, 1900, 3070], [1880, 2900, 3020, 3030], [3000, 2850, 4040, 2990]]",,,
186r,B4,21,G,GT,G,adopted,"[[775, 2940, 1900, 3070], [1880, 2900, 3020, 3030], [3000, 2850, 4040, 2990]]",,,
186r,B4,22,E,ER,R,adopted,"[[775, 2940, 1900, 3070], [1880, 2900, 3020, 3030], [3000, 2850, 4040, 2990]]",,,
186r,B4,23,A,AN,A,adopted,"[[775, 2940, 1900, 3070], [1880, 2900, 3020, 3030], [3000, 2850, 4040, 2990]]",,,
186r,B4,24,A,AN,N,adopted,"[[775, 2940, 1900, 3070], [1880, 2900, 3020, 3030], [3000, 2850, 4040, 2990]]",,,
186r,B4,25,D,DQ,D,adopted,"[[775, 2940, 1900, 3070], [1880, 2900, 3020, 3030], [3000, 2850, 4040, 2990]]",,,
186r,B4,26,M,MZ,M,adopted,"[[775, 2940, 1900, 3070], [1880, 2900, 3020, 3030], [3000, 2850, 4040, 2990]]",,,
186r,B4,27,B,BO,O,adopted,"[[775, 2940, 1900, 3070], [1880, 2900, 3020, 3030], [3000, 2850, 4040, 2990]]",,,
186r,B4,28,A,AN,N,adopted,"[[775, 2940, 1900, 3070], [1880, 2900, 3020, 3030], [3000, 2850, 4040, 2990]]",,,
186r,B4,29,A,AN,A,adopted,"[[775, 2940, 1900, 3070], [1880, 2900, 3020, 3030], [3000, 2850, 4040, 2990]]",,,
186r,B4,30,E,ER,R,adopted,"[[775, 2940, 1900, 3070], [1880, 2900, 3020, 3030], [3000, 2850, 4040, 2990]]",,,
186r,B4,31,D,DQ,Q,adopted,"[[775, 2940, 1900, 3070], [1880, 2900, 3020, 3030], [3000, 2850, 4040, 2990]]",,,
186r,B4,32,H,HU,U,adopted,"[[775, 2940, 1900, 3070], [1880, 2900, 3020, 3030], [3000, 2850, 4040, 2990]]",,,
186r,B4,33,E,ER,E,adopted,"[[775, 2940, 1900, 3070], [1880, 2900, 3020, 3030], [3000, 2850, 4040, 2990]]",,,
186r,B4,34,X1,ET,ET,adopted,"[[775, 2940, 1900, 3070], [1880, 2900, 3020, 3030], [3000, 2850, 4040, 2990]]",,,
186r,B4,35,QUI,QUI,QUI,adopted,"[[775, 2940, 1900, 3070], [1880, 2900, 3020, 3030], [3000, 2850, 4040, 2990]]",,,
186r,B4,36,F,FS,S,adopted,"[[775, 2940, 1900, 3070], [1880, 2900, 3020, 3030], [3000, 2850, 4040, 2990]]",,,
186r,B4,37,E,ER,E,adopted,"[[775, 2940, 1900, 3070], [1880, 2900, 3020, 3030], [3000, 2850, 4040, 2990]]",,,
186r,B4,38,F,FS,S,adopted,"[[775, 2940, 1900, 3070], [1880, 2900, 3020, 3030], [3000, 2850, 4040, 2990]]",,,
186r,B4,39,G,GT,T,adopted,"[[775, 2940, 1900, 3070], [1880, 2900, 3020, 3030], [3000, 2850, 4040, 2990]]",,,
186r,B4,40,E,ER,R,adopted,"[[775, 2940, 1900, 3070], [1880, 2900, 3020, 3030], [3000, 2850, 4040, 2990]]",,,
186r,B4,41,E,ER,E,adopted,"[[775, 2940, 1900, 3070], [1880, 2900, 3020, 3030], [3000, 2850, 4040, 2990]]",,,
186r,B4,42,G,GT,T,adopted,"[[775, 2940, 1900, 3070], [1880, 2900, 3020, 3030], [3000, 2850, 4040, 2990]]",,,
186r,B4,43,I,IX,I,adopted,"[[775, 2940, 1900, 3070], [1880, 2900, 3020, 3030], [3000, 2850, 4040, 2990]]",,,
186r,B4,44,E,ER,R,adopted,"[[775, 2940, 1900, 3070], [1880, 2900, 3020, 3030], [3000, 2850, 4040, 2990]]",,,
186r,B4,45,E,ER,E,adopted,"[[775, 2940, 1900, 3070], [1880, 2900, 3020, 3030], [3000, 2850, 4040, 2990]]",,,
186r,B4,46,E,ER,E,adopted,"[[775, 2940, 1900, 3070], [1880, 2900, 3020, 3030], [3000, 2850, 4040, 2990]]",,,
186r,B4,47,F,FS,S,adopted,"[[775, 2940, 1900, 3070], [1880, 2900, 3020, 3030], [3000, 2850, 4040, 2990]]",,,
186r,B4,48,E,ER,E,adopted,"[[775, 2940, 1900, 3070], [1880, 2900, 3020, 3030], [3000, 2850, 4040, 2990]]",,,
186r,B4,49,H,HU,U,adopted,"[[775, 2940, 1900, 3070], [1880, 2900, 3020, 3030], [3000, 2850, 4040, 2990]]",,,
186r,B4,50,L,LY,L,adopted,"[[775, 2940, 1900, 3070], [1880, 2900, 3020, 3030], [3000, 2850, 4040, 2990]]",,,
186r,B4,51,E,ER,E,adopted,"[[775, 2940, 1900, 3070], [1880, 2900, 3020, 3030], [3000, 2850, 4040, 2990]]",,,
186r,B4,52,M,MZ,M,adopted,"[[775, 2940, 1900, 3070], [1880, 2900, 3020, 3030], [3000, 2850, 4040, 2990]]",,,
186r,B4,53,E,ER,E,adopted,"[[775, 2940, 1900, 3070], [1880, 2900, 3020, 3030], [3000, 2850, 4040, 2990]]",,,
186r,B4,54,A,AN,N,adopted,"[[775, 2940, 1900, 3070], [1880, 2900, 3020, 3030], [3000, 2850, 4040, 2990]]",,,
186r,B4,55,G,GT,T,adopted,"[[775, 2940, 1900, 3070], [1880, 2900, 3020, 3030], [3000, 2850, 4040, 2990]]",,,
186r,B4,56,F,FS,S,adopted,"[[775, 2940, 1900, 3070], [1880, 2900, 3020, 3030], [3000, 2850, 4040, 2990]]",,,
186r,B4,57,H,HU,U,adopted,"[[775, 2940, 1900, 3070], [1880, 2900, 3020, 3030], [3000, 2850, 4040, 2990]]",,,
186r,B4,58,E,ER,R,adopted,"[[775, 2940, 1900, 3070], [1880, 2900, 3020, 3030], [3000, 2850, 4040, 2990]]",,,
186r,B4,59,H,HU,U,adopted,"[[775, 2940, 1900, 3070], [1880, 2900, 3020, 3030], [3000, 2850, 4040, 2990]]",,,
186r,B4,60,A,AN,N,adopted,"[[775, 2940, 1900, 3070], [1880, 2900, 3020, 3030], [3000, 2850, 4040, 2990]]",,,
186r,B4,61,B,BO,B,adopted,"[[775, 2940, 1900, 3070], [1880, 2900, 3020, 3030], [3000, 2850, 4040, 2990]]",,,
186r,B4,62,E,ER,R,adopted,"[[775, 2940, 1900, 3070], [1880, 2900, 3020, 3030], [3000, 2850, 4040, 2990]]",,,
186r,B4,63,H,HU,U,adopted,"[[775, 2940, 1900, 3070], [1880, 2900, 3020, 3030], [3000, 2850, 4040, 2990]]",,,
186r,B4,64,I,IX,I,adopted,"[[775, 2940, 1900, 3070], [1880, 2900, 3020, 3030], [3000, 2850, 4040, 2990]]",,,
186r,B4,65,G,GT,T,adopted,"[[775, 2940, 1900, 3070], [1880, 2900, 3020, 3030], [3000, 2850, 4040, 2990]]",,,
186r,B4,66,QUE,QUE,QUE,adopted,"[[775, 2940, 1900, 3070], [1880, 2900, 3020, 3030], [3000, 2850, 4040, 2990]]",,,
186r,B4,67,QUI,QUI,,unadopted,"[[775, 2940, 1900, 3070], [1880, 2900, 3020, 3030], [3000, 2850, 4040, 2990]]",,,
186r,B5,1,L,LY,L,adopted,"[[775, 3040, 1900, 3180], [1880, 3000, 3020, 3140], [3000, 2940, 4040, 3090]]",,,
186r,B5,2,A,AN,A,adopted,"[[775, 3040, 1900, 3180], [1880, 3000, 3020, 3140], [3000, 2940, 4040, 3090]]",,,
186r,B5,3,L,LY,L,adopted,"[[775, 3040, 1900, 3180], [1880, 3000, 3020, 3140], [3000, 2940, 4040, 3090]]",,,
186r,B5,4,B,BO,O,adopted,"[[775, 3040, 1900, 3180], [1880, 3000, 3020, 3140], [3000, 2940, 4040, 3090]]",,,
186r,B5,5,I,IX,I,adopted,"[[775, 3040, 1900, 3180], [1880, 3000, 3020, 3140], [3000, 2940, 4040, 3090]]",,,
186r,B5,6,G,GT,T,adopted,"[[775, 3040, 1900, 3180], [1880, 3000, 3020, 3140], [3000, 2940, 4040, 3090]]",,,
186r,B5,7,C,CP,C,adopted,"[[775, 3040, 1900, 3180], [1880, 3000, 3020, 3140], [3000, 2940, 4040, 3090]]",,,
186r,B5,8,H,HU,H,adopted,"[[775, 3040, 1900, 3180], [1880, 3000, 3020, 3140], [3000, 2940, 4040, 3090]]",,,
186r,B5,9,E,ER,E,adopted,"[[775, 3040, 1900, 3180], [1880, 3000, 3020, 3140], [3000, 2940, 4040, 3090]]",,,
186r,B5,10,E,ER,R,adopted,"[[775, 3040, 1900, 3180], [1880, 3000, 3020, 3140], [3000, 2940, 4040, 3090]]",,,
186r,B5,11,C,CP,C,adopted,"[[775, 3040, 1900, 3180], [1880, 3000, 3020, 3140], [3000, 2940, 4040, 3090]]",,,
186r,B5,12,H,HU,H,adopted,"[[775, 3040, 1900, 3180], [1880, 3000, 3020, 3140], [3000, 2940, 4040, 3090]]",,,
186r,B5,13,E,ER,E,adopted,"[[775, 3040, 1900, 3180], [1880, 3000, 3020, 3140], [3000, 2940, 4040, 3090]]",,,
186r,B5,14,E,ER,R,adopted,"[[775, 3040, 1900, 3180], [1880, 3000, 3020, 3140], [3000, 2940, 4040, 3090]]",,,
186r,B5,15,X1,ET,ET,adopted,"[[775, 3040, 1900, 3180], [1880, 3000, 3020, 3140], [3000, 2940, 4040, 3090]]",,,
186r,B5,16,B,BO,O,adopted,"[[775, 3040, 1900, 3180], [1880, 3000, 3020, 3140], [3000, 2940, 4040, 3090]]",,,
186r,B5,17,H,HU,U,adopted,"[[775, 3040, 1900, 3180], [1880, 3000, 3020, 3140], [3000, 2940, 4040, 3090]]",,,
186r,B5,18,G,GT,T,adopted,"[[775, 3040, 1900, 3180], [1880, 3000, 3020, 3140], [3000, 2940, 4040, 3090]]",,,
186r,B5,19,E,ER,R,adopted,"[[775, 3040, 1900, 3180], [1880, 3000, 3020, 3140], [3000, 2940, 4040, 3090]]",,,
186r,B5,20,E,ER,E,adopted,"[[775, 3040, 1900, 3180], [1880, 3000, 3020, 3140], [3000, 2940, 4040, 3090]]",,,
186r,B5,21,X2,,[X2],adopted,"[[775, 3040, 1900, 3180], [1880, 3000, 3020, 3140], [3000, 2940, 4040, 3090]]",,,
186r,B5,22,X4,,[X4],adopted,"[[775, 3040, 1900, 3180], [1880, 3000, 3020, 3140], [3000, 2940, 4040, 3090]]",,,
186r,B5,23,F,FS,S,adopted,"[[775, 3040, 1900, 3180], [1880, 3000, 3020, 3140], [3000, 2940, 4040, 3090]]",,,
186r,B5,24,A,AN,A,adopted,"[[775, 3040, 1900, 3180], [1880, 3000, 3020, 3140], [3000, 2940, 4040, 3090]]",,,
186r,B5,25,A,AN,N,adopted,"[[775, 3040, 1900, 3180], [1880, 3000, 3020, 3140], [3000, 2940, 4040, 3090]]",,,
186r,B5,26,F,FS,S,adopted,"[[775, 3040, 1900, 3180], [1880, 3000, 3020, 3140], [3000, 2940, 4040, 3090]]",,,
186r,B5,27,C,CP,C,adopted,"[[775, 3040, 1900, 3180], [1880, 3000, 3020, 3140], [3000, 2940, 4040, 3090]]",,,
186r,B5,28,B,BO,O,adopted,"[[775, 3040, 1900, 3180], [1880, 3000, 3020, 3140], [3000, 2940, 4040, 3090]]",,,
186r,B5,29,A,AN,N,adopted,"[[775, 3040, 1900, 3180], [1880, 3000, 3020, 3140], [3000, 2940, 4040, 3090]]",,,
186r,B5,30,F,FS,S,adopted,"[[775, 3040, 1900, 3180], [1880, 3000, 3020, 3140], [3000, 2940, 4040, 3090]]",,,
186r,B5,31,I,IX,I,adopted,"[[775, 3040, 1900, 3180], [1880, 3000, 3020, 3140], [3000, 2940, 4040, 3090]]",,,
186r,B5,32,D,DQ,D,adopted,"[[775, 3040, 1900, 3180], [1880, 3000, 3020, 3140], [3000, 2940, 4040, 3090]]",,,
186r,B5,33,E,ER,E,adopted,"[[775, 3040, 1900, 3180], [1880, 3000, 3020, 3140], [3000, 2940, 4040, 3090]]",,,
186r,B5,34,E,ER,R,adopted,"[[775, 3040, 1900, 3180], [1880, 3000, 3020, 3140], [3000, 2940, 4040, 3090]]",,,
186r,B5,35,A,AN,A,adopted,"[[775, 3040, 1900, 3180], [1880, 3000, 3020, 3140], [3000, 2940, 4040, 3090]]",,,
186r,B5,36,G,GT,T,adopted,"[[775, 3040, 1900, 3180], [1880, 3000, 3020, 3140], [3000, 2940, 4040, 3090]]",,,
186r,B5,37,I,IX,I,adopted,"[[775, 3040, 1900, 3180], [1880, 3000, 3020, 3140], [3000, 2940, 4040, 3090]]",,,
186r,B5,38,B,BO,O,adopted,"[[775, 3040, 1900, 3180], [1880, 3000, 3020, 3140], [3000, 2940, 4040, 3090]]",,,
186r,B5,39,A,AN,N,adopted,"[[775, 3040, 1900, 3180], [1880, 3000, 3020, 3140], [3000, 2940, 4040, 3090]]",,,
186r,B5,40,D,DQ,Q,adopted,"[[775, 3040, 1900, 3180], [1880, 3000, 3020, 3140], [3000, 2940, 4040, 3090]]",,,
186r,B5,41,H,HU,U,adopted,"[[775, 3040, 1900, 3180], [1880, 3000, 3020, 3140], [3000, 2940, 4040, 3090]]",,,
186r,B5,42,E,ER,E,adopted,"[[775, 3040, 1900, 3180], [1880, 3000, 3020, 3140], [3000, 2940, 4040, 3090]]",,,
186r,B5,43,L,LY,L,adopted,"[[775, 3040, 1900, 3180], [1880, 3000, 3020, 3140], [3000, 2940, 4040, 3090]]",,,
186r,B5,44,C,CP,C,adopted,"[[775, 3040, 1900, 3180], [1880, 3000, 3020, 3140], [3000, 2940, 4040, 3090]]",,,
186r,B5,45,B,BO,O,adopted,"[[775, 3040, 1900, 3180], [1880, 3000, 3020, 3140], [3000, 2940, 4040, 3090]]",,,
186r,B5,46,A,AN,N,adopted,"[[775, 3040, 1900, 3180], [1880, 3000, 3020, 3140], [3000, 2940, 4040, 3090]]",,,
186r,B5,47,D,DQ,Q,adopted,"[[775, 3040, 1900, 3180], [1880, 3000, 3020, 3140], [3000, 2940, 4040, 3090]]",,,
186r,B5,48,H,HU,U,adopted,"[[775, 3040, 1900, 3180], [1880, 3000, 3020, 3140], [3000, 2940, 4040, 3090]]",,,
186r,B5,49,E,ER,E,adopted,"[[775, 3040, 1900, 3180], [1880, 3000, 3020, 3140], [3000, 2940, 4040, 3090]]",,,
186r,B5,50,H,HU,U,adopted,"[[775, 3040, 1900, 3180], [1880, 3000, 3020, 3140], [3000, 2940, 4040, 3090]]",,,
186r,B5,51,E,ER,E,adopted,"[[775, 3040, 1900, 3180], [1880, 3000, 3020, 3140], [3000, 2940, 4040, 3090]]",,,
186r,B5,52,H,HU,U,adopted,"[[775, 3040, 1900, 3180], [1880, 3000, 3020, 3140], [3000, 2940, 4040, 3090]]",,,
186r,B5,53,L,LY,L,adopted,"[[775, 3040, 1900, 3180], [1880, 3000, 3020, 3140], [3000, 2940, 4040, 3090]]",,,
186r,B5,54,G,GT,T,adopted,"[[775, 3040, 1900, 3180], [1880, 3000, 3020, 3140], [3000, 2940, 4040, 3090]]",,,
186r,B5,55,QUE,QUE,QUE,adopted,"[[775, 3040, 1900, 3180], [1880, 3000, 3020, 3140], [3000, 2940, 4040, 3090]]",,,
186r,B5,56,A,AN,N,adopted,"[[775, 3040, 1900, 3180], [1880, 3000, 3020, 3140], [3000, 2940, 4040, 3090]]",,,
186r,B5,57,B,BO,O,adopted,"[[775, 3040, 1900, 3180], [1880, 3000, 3020, 3140], [3000, 2940, 4040, 3090]]",,,
186r,B5,58,H,HU,U,adopted,"[[775, 3040, 1900, 3180], [1880, 3000, 3020, 3140], [3000, 2940, 4040, 3090]]",,,
186r,B5,59,F,FS,S,adopted,"[[775, 3040, 1900, 3180], [1880, 3000, 3020, 3140], [3000, 2940, 4040, 3090]]",,,
186r,B5,60,E,ER,E,adopted,"[[775, 3040, 1900, 3180], [1880, 3000, 3020, 3140], [3000, 2940, 4040, 3090]]",,,
186r,B5,61,A,AN,N,adopted,"[[775, 3040, 1900, 3180], [1880, 3000, 3020, 3140], [3000, 2940, 4040, 3090]]",,,
186r,B5,62,H,HU,U,adopted,"[[775, 3040, 1900, 3180], [1880, 3000, 3020, 3140], [3000, 2940, 4040, 3090]]",,,
186r,B5,63,E,ER,E,adopted,"[[775, 3040, 1900, 3180], [1880, 3000, 3020, 3140], [3000, 2940, 4040, 3090]]",,,
186r,B5,64,A,AN,N,adopted,"[[775, 3040, 1900, 3180], [1880, 3000, 3020, 3140], [3000, 2940, 4040, 3090]]",,,
186r,B5,65,I,IX,I,adopted,"[[775, 3040, 1900, 3180], [1880, 3000, 3020, 3140], [3000, 2940, 4040, 3090]]",,,
186r,B5,66,B,BO,O,adopted,"[[775, 3040, 1900, 3180], [1880, 3000, 3020, 3140], [3000, 2940, 4040, 3090]]",,,
186r,B6,1,A,AN,N,adopted,"[[775, 3140, 1900, 3270], [1880, 3100, 3020, 3230], [3000, 3050, 4040, 3190]]",,,
186r,B6,2,F,FS,S,adopted,"[[775, 3140, 1900, 3270], [1880, 3100, 3020, 3230], [3000, 3050, 4040, 3190]]",,,
186r,B6,3,A,AN,A,adopted,"[[775, 3140, 1900, 3270], [1880, 3100, 3020, 3230], [3000, 3050, 4040, 3190]]",,,
186r,B6,4,L,LY,L,adopted,"[[775, 3140, 1900, 3270], [1880, 3100, 3020, 3230], [3000, 3050, 4040, 3190]]",,,
186r,B6,5,E,ER,E,adopted,"[[775, 3140, 1900, 3270], [1880, 3100, 3020, 3230], [3000, 3050, 4040, 3190]]",,,
186r,B6,6,L,LY,L,adopted,"[[775, 3140, 1900, 3270], [1880, 3100, 3020, 3230], [3000, 3050, 4040, 3190]]",,,
186r,B6,7,E,ER,E,adopted,"[[775, 3140, 1900, 3270], [1880, 3100, 3020, 3230], [3000, 3050, 4040, 3190]]",,,
186r,B6,8,C,CP,C,adopted,"[[775, 3140, 1900, 3270], [1880, 3100, 3020, 3230], [3000, 3050, 4040, 3190]]",,,
186r,B6,9,G,GT,T,adopted,"[[775, 3140, 1900, 3270], [1880, 3100, 3020, 3230], [3000, 3050, 4040, 3190]]",,,
186r,B6,10,I,IX,I,adopted,"[[775, 3140, 1900, 3270], [1880, 3100, 3020, 3230], [3000, 3050, 4040, 3190]]",,,
186r,B6,11,B,BO,O,adopted,"[[775, 3140, 1900, 3270], [1880, 3100, 3020, 3230], [3000, 3050, 4040, 3190]]",,,
186r,B6,12,A,AN,N,adopted,"[[775, 3140, 1900, 3270], [1880, 3100, 3020, 3230], [3000, 3050, 4040, 3190]]",,,
186r,B6,13,D,DQ,D,adopted,"[[775, 3140, 1900, 3270], [1880, 3100, 3020, 3230], [3000, 3050, 4040, 3190]]",,,
186r,B6,14,H,HU,U,adopted,"[[775, 3140, 1900, 3270], [1880, 3100, 3020, 3230], [3000, 3050, 4040, 3190]]",,,
186r,B6,15,A,AN,N,adopted,"[[775, 3140, 1900, 3270], [1880, 3100, 3020, 3230], [3000, 3050, 4040, 3190]]",,,
186r,B6,16,E,ER,R,adopted,"[[775, 3140, 1900, 3270], [1880, 3100, 3020, 3230], [3000, 3050, 4040, 3190]]",,,
186r,B6,17,B,BO,O,adopted,"[[775, 3140, 1900, 3270], [1880, 3100, 3020, 3230], [3000, 3050, 4040, 3190]]",,,
186r,B6,18,L,LY,Y,adopted,"[[775, 3140, 1900, 3270], [1880, 3100, 3020, 3230], [3000, 3050, 4040, 3190]]",,,
186r,B6,19,L,LY,L,adopted,"[[775, 3140, 1900, 3270], [1880, 3100, 3020, 3230], [3000, 3050, 4040, 3190]]",,,
186r,B6,20,B,BO,O,adopted,"[[775, 3140, 1900, 3270], [1880, 3100, 3020, 3230], [3000, 3050, 4040, 3190]]",,,
186r,B6,21,E,ER,R,adopted,"[[775, 3140, 1900, 3270], [1880, 3100, 3020, 3230], [3000, 3050, 4040, 3190]]",,,
186r,B6,22,F,FS,S,adopted,"[[775, 3140, 1900, 3270], [1880, 3100, 3020, 3230], [3000, 3050, 4040, 3190]]",,,
186r,B6,23,QUE,QUE,QUE,adopted,"[[775, 3140, 1900, 3270], [1880, 3100, 3020, 3230], [3000, 3050, 4040, 3190]]",,,
186r,B6,24,L,LY,L,adopted,"[[775, 3140, 1900, 3270], [1880, 3100, 3020, 3230], [3000, 3050, 4040, 3190]]",,,
186r,B6,25,E,ER,E,adopted,"[[775, 3140, 1900, 3270], [1880, 3100, 3020, 3230], [3000, 3050, 4040, 3190]]",,,
186r,B6,26,A,AN,N,adopted,"[[775, 3140, 1900, 3270], [1880, 3100, 3020, 3230], [3000, 3050, 4040, 3190]]",,,
186r,B6,27,A,AN,N,adopted,"[[775, 3140, 1900, 3270], [1880, 3100, 3020, 3230], [3000, 3050, 4040, 3190]]",,,
186r,B6,28,E,ER,E,adopted,"[[775, 3140, 1900, 3270], [1880, 3100, 3020, 3230], [3000, 3050, 4040, 3190]]",,,
186r,B6,29,M,MZ,M,adopted,"[[775, 3140, 1900, 3270], [1880, 3100, 3020, 3230], [3000, 3050, 4040, 3190]]",,,
186r,B6,30,L,LY,Y,adopted,"[[775, 3140, 1900, 3270], [1880, 3100, 3020, 3230], [3000, 3050, 4040, 3190]]",,,
186r,B6,31,C,CP,C,adopted,"[[775, 3140, 1900, 3270], [1880, 3100, 3020, 3230], [3000, 3050, 4040, 3190]]",,,
186r,B6,32,B,BO,O,adopted,"[[775, 3140, 1900, 3270], [1880, 3100, 3020, 3230], [3000, 3050, 4040, 3190]]",,,
186r,B6,33,M,MZ,M,adopted,"[[775, 3140, 1900, 3270], [1880, 3100, 3020, 3230], [3000, 3050, 4040, 3190]]",,,
186r,B6,34,M,MZ,M,adopted,"[[775, 3140, 1900, 3270], [1880, 3100, 3020, 3230], [3000, 3050, 4040, 3190]]",,,
186r,B6,35,E,ER,E,adopted,"[[775, 3140, 1900, 3270], [1880, 3100, 3020, 3230], [3000, 3050, 4040, 3190]]",,,
186r,B6,36,A,AN,N,adopted,"[[775, 3140, 1900, 3270], [1880, 3100, 3020, 3230], [3000, 3050, 4040, 3190]]",,,
186r,B6,37,C,CP,C,adopted,"[[775, 3140, 1900, 3270], [1880, 3100, 3020, 3230], [3000, 3050, 4040, 3190]]",,,
186r,B6,38,E,ER,E,adopted,"[[775, 3140, 1900, 3270], [1880, 3100, 3020, 3230], [3000, 3050, 4040, 3190]]",,,
186r,B6,39,A,AN,A,adopted,"[[775, 3140, 1900, 3270], [1880, 3100, 3020, 3230], [3000, 3050, 4040, 3190]]",,,
186r,B6,40,G,GT,G,adopted,"[[775, 3140, 1900, 3270], [1880, 3100, 3020, 3230], [3000, 3050, 4040, 3190]]",,,
186r,B6,41,A,AN,A,adopted,"[[775, 3140, 1900, 3270], [1880, 3100, 3020, 3230], [3000, 3050, 4040, 3190]]",,,
186r,B6,42,G,GT,G,adopted,"[[775, 3140, 1900, 3270], [1880, 3100, 3020, 3230], [3000, 3050, 4040, 3190]]",,,
186r,B6,43,A,AN,N,adopted,"[[775, 3140, 1900, 3270], [1880, 3100, 3020, 3230], [3000, 3050, 4040, 3190]]",,,
186r,B6,44,E,ER,E,adopted,"[[775, 3140, 1900, 3270], [1880, 3100, 3020, 3230], [3000, 3050, 4040, 3190]]",,,
186r,B6,45,E,ER,R,adopted,"[[775, 3140, 1900, 3270], [1880, 3100, 3020, 3230], [3000, 3050, 4040, 3190]]",,,
186r,B6,46,L,LY,L,adopted,"[[775, 3140, 1900, 3270], [1880, 3100, 3020, 3230], [3000, 3050, 4040, 3190]]",,,
186r,B6,47,E,ER,E,adopted,"[[775, 3140, 1900, 3270], [1880, 3100, 3020, 3230], [3000, 3050, 4040, 3190]]",,,
186r,B6,48,F,FS,S,adopted,"[[775, 3140, 1900, 3270], [1880, 3100, 3020, 3230], [3000, 3050, 4040, 3190]]",,,
186r,B6,49,H,HU,U,adopted,"[[775, 3140, 1900, 3270], [1880, 3100, 3020, 3230], [3000, 3050, 4040, 3190]]",,,
186r,B6,50,B,BO,O,adopted,"[[775, 3140, 1900, 3270], [1880, 3100, 3020, 3230], [3000, 3050, 4040, 3190]]",,,
186r,B6,51,I,IX,I,adopted,"[[775, 3140, 1900, 3270], [1880, 3100, 3020, 3230], [3000, 3050, 4040, 3190]]",,,
186r,B6,52,I,IX,X,adopted,"[[775, 3140, 1900, 3270], [1880, 3100, 3020, 3230], [3000, 3050, 4040, 3190]]",,,
186r,B6,53,D,DQ,D,adopted,"[[775, 3140, 1900, 3270], [1880, 3100, 3020, 3230], [3000, 3050, 4040, 3190]]",,,
186r,B6,54,E,ER,E,adopted,"[[775, 3140, 1900, 3270], [1880, 3100, 3020, 3230], [3000, 3050, 4040, 3190]]",,,
186r,B6,55,B,BO,B,adopted,"[[775, 3140, 1900, 3270], [1880, 3100, 3020, 3230], [3000, 3050, 4040, 3190]]",,,
186r,B6,56,E,ER,E,adopted,"[[775, 3140, 1900, 3270], [1880, 3100, 3020, 3230], [3000, 3050, 4040, 3190]]",,,
186r,B6,57,A,AN,A,adopted,"[[775, 3140, 1900, 3270], [1880, 3100, 3020, 3230], [3000, 3050, 4040, 3190]]",,,
186r,B6,58,H,HU,U,adopted,"[[775, 3140, 1900, 3270], [1880, 3100, 3020, 3230], [3000, 3050, 4040, 3190]]",,,
186r,B6,59,C,CP,C,adopted,"[[775, 3140, 1900, 3270], [1880, 3100, 3020, 3230], [3000, 3050, 4040, 3190]]",,,
186r,B6,60,B,BO,O,adopted,"[[775, 3140, 1900, 3270], [1880, 3100, 3020, 3230], [3000, 3050, 4040, 3190]]",,,
186r,B6,61,H,HU,U,adopted,"[[775, 3140, 1900, 3270], [1880, 3100, 3020, 3230], [3000, 3050, 4040, 3190]]",,,
186r,B6,62,C,CP,P,adopted,"[[775, 3140, 1900, 3270], [1880, 3100, 3020, 3230], [3000, 3050, 4040, 3190]]",,,
186r,B6,63,QUI,QUI,QUI,adopted,"[[775, 3140, 1900, 3270], [1880, 3100, 3020, 3230], [3000, 3050, 4040, 3190]]",,,
186r,B6,64,L,LY,L,adopted,"[[775, 3140, 1900, 3270], [1880, 3100, 3020, 3230], [3000, 3050, 4040, 3190]]",,,
186r,B6,65,H,HU,U,adopted,"[[775, 3140, 1900, 3270], [1880, 3100, 3020, 3230], [3000, 3050, 4040, 3190]]",,,
186r,B6,66,L,LY,Y,adopted,"[[775, 3140, 1900, 3270], [1880, 3100, 3020, 3230], [3000, 3050, 4040, 3190]]",,,
186r,B6,67,E,ER,E,adopted,"[[775, 3140, 1900, 3270], [1880, 3100, 3020, 3230], [3000, 3050, 4040, 3190]]",,,
186r,B6,68,F,FS,S,adopted,"[[775, 3140, 1900, 3270], [1880, 3100, 3020, 3230], [3000, 3050, 4040, 3190]]",,,
186r,B6,69,G,GT,T,adopted,"[[775, 3140, 1900, 3270], [1880, 3100, 3020, 3230], [3000, 3050, 4040, 3190]]",,,
186r,M1,1,B,BO,O,adopted,"[750, 3200, 4000, 3320]",,,
186r,M1,2,I,IX,I,adopted,"[750, 3200, 4000, 3320]",,,
186r,M1,3,E,ER,E,adopted,"[750, 3200, 4000, 3320]",,,
186r,M1,4,A,AN,N,adopted,"[750, 3200, 4000, 3320]",,,
186r,M1,5,G,GT,T,adopted,"[750, 3200, 4000, 3320]",,,
186r,M1,6,E,ER,E,adopted,"[750, 3200, 4000, 3320]",,,
186r,M1,7,A,AN,N,adopted,"[750, 3200, 4000, 3320]",,,
186r,M1,8,A,AN,N,adopted,"[750, 3200, 4000, 3320]",,,
186r,M1,9,E,ER,E,adopted,"[750, 3200, 4000, 3320]",,,
186r,M1,10,M,MZ,M,adopted,"[750, 3200, 4000, 3320]",,,
186r,M1,11,I,IX,I,adopted,"[750, 3200, 4000, 3320]",,,
186r,M1,12,F,FS,S,adopted,"[750, 3200, 4000, 3320]",,,
186r,M1,13,X1,,,unadopted,"[750, 3200, 4000, 3320]",,,
186r,M1,14,L,LY,L,adopted,"[750, 3200, 4000, 3320]",,,
186r,M1,15,A,AN,A,adopted,"[750, 3200, 4000, 3320]",,,
186r,M1,16,C,CP,P,adopted,"[750, 3200, 4000, 3320]",,,
186r,M1,17,A,AN,A,adopted,"[750, 3200, 4000, 3320]",,,
186r,M1,18,E,ER,R,adopted,"[750, 3200, 4000, 3320]",,,
186r,M1,19,A,AN,A,adopted,"[750, 3200, 4000, 3320]",,,
186r,M1,20,A,AN,N,adopted,"[750, 3200, 4000, 3320]",,,
186r,M1,21,C,CP,C,adopted,"[750, 3200, 4000, 3320]",,,
186r,M1,22,E,ER,E,adopted,"[750, 3200, 4000, 3320]",,,
186r,M1,23,QUI,QUI,QUI,adopted,"[750, 3200, 4000, 3320]",,,
186r,M1,24,L,LY,L,adopted,"[750, 3200, 4000, 3320]",,,
186r,M1,25,F,FS,F,adopted,"[750, 3200, 4000, 3320]",,,
186r,M1,26,A,AN,A,adopted,"[750, 3200, 4000, 3320]",,,
186r,M1,27,I,IX,I,adopted,"[750, 3200, 4000, 3320]",,,
186r,M1,28,G,GT,T,adopted,"[750, 3200, 4000, 3320]",,,
186r,M1,29,D,DQ,D,adopted,"[750, 3200, 4000, 3320]",,,
186r,M1,30,E,ER,E,adopted,"[750, 3200, 4000, 3320]",,,
186r,M1,31,F,FS,S,adopted,"[750, 3200, 4000, 3320]",,,
186r,M1,32,E,ER,E,adopted,"[750, 3200, 4000, 3320]",,,
186r,M1,33,H,HU,U,adopted,"[750, 3200, 4000, 3320]",,,
186r,M1,34,B,BO,O,adopted,"[750, 3200, 4000, 3320]",,,
186r,M1,35,H,HU,U,adopted,"[750, 3200, 4000, 3320]",,,
186r,M1,36,L,LY,L,adopted,"[750, 3200, 4000, 3320]",,,
186r,M1,37,B,BO,O,adopted,"[750, 3200, 4000, 3320]",,,
186r,M1,38,I,IX,I,adopted,"[750, 3200, 4000, 3320]",,,
186r,M1,39,E,ER,R,adopted,"[750, 3200, 4000, 3320]",,,
186r,M1,40,F,FS,F,adopted,"[750, 3200, 4000, 3320]",,,
186r,M1,41,A,AN,A,adopted,"[750, 3200, 4000, 3320]",,,
186r,M1,42,I,IX,I,adopted,"[750, 3200, 4000, 3320]",,,
186r,M1,43,E,ER,R,adopted,"[750, 3200, 4000, 3320]",,,
186r,M1,44,E,ER,E,adopted,"[750, 3200, 4000, 3320]",,,
186r,M1,45,C,CP,C,adopted,"[750, 3200, 4000, 3320]",,,
186r,M1,46,A,AN,A,adopted,"[750, 3200, 4000, 3320]",,,
186r,M1,47,G,GT,T,adopted,"[750, 3200, 4000, 3320]",,,
186r,M1,48,B,BO,O,adopted,"[750, 3200, 4000, 3320]",,,
186r,M1,49,L,LY,L,adopted,"[750, 3200, 4000, 3320]",,,
186r,M1,50,I,IX,I,adopted,"[750, 3200, 4000, 3320]",,,
186r,M1,51,D,DQ,Q,adopted,"[750, 3200, 4000, 3320]",,,
186r,M1,52,H,HU,U,adopted,"[750, 3200, 4000, 3320]",,,
186r,M1,53,E,ER,E,adopted,"[750, 3200, 4000, 3320]",,,
186r,M1,54,ET,ET,ET,adopted,"[750, 3200, 4000, 3320]",,,
186r,M1,55,D,DQ,D,adopted,"[750, 3200, 4000, 3320]",,,
186r,M1,56,B,BO,O,adopted,"[750, 3200, 4000, 3320]",,,
186r,M1,57,I,IX,I,adopted,"[750, 3200, 4000, 3320]",,,
186r,M1,58,G,GT,T,adopted,"[750, 3200, 4000, 3320]",,,
186r,M1,59,D,DQ,D,adopted,"[750, 3200, 4000, 3320]",,,
186r,M1,60,I,IX,I,adopted,"[750, 3200, 4000, 3320]",,,
186r,M1,61,M,MZ,M,adopted,"[750, 3200, 4000, 3320]",,,
186r,M1,62,A,AN,A,adopted,"[750, 3200, 4000, 3320]",,,
186r,M1,63,A,AN,N,adopted,"[750, 3200, 4000, 3320]",,,
186r,M1,64,C,CP,C,adopted,"[750, 3200, 4000, 3320]",,,
186r,M2,1,H,HU,H,adopted,"[750, 3300, 4000, 3420]",,,
186r,M2,2,E,ER,E,adopted,"[750, 3300, 4000, 3420]",,,
186r,M2,3,A,AN,A,adopted,"[750, 3300, 4000, 3420]",,,
186r,M2,4,L,LY,L,adopted,"[750, 3300, 4000, 3420]",,,
186r,M2,5,L,LY,L,adopted,"[750, 3300, 4000, 3420]",,,
186r,M2,6,E,ER,E,adopted,"[750, 3300, 4000, 3420]",,,
186r,M2,7,E,ER,R,adopted,"[750, 3300, 4000, 3420]",,,
186r,M2,8,A,AN,A,adopted,"[750, 3300, 4000, 3420]",,,
186r,M2,9,L,LY,L,adopted,"[750, 3300, 4000, 3420]",,,
186r,M2,10,A,AN,A,adopted,"[750, 3300, 4000, 3420]",,,
186r,M2,11,M,MZ,M,adopted,"[750, 3300, 4000, 3420]",,,
186r,M2,12,E,ER,E,adopted,"[750, 3300, 4000, 3420]",,,
186r,M2,13,F,FS,S,adopted,"[750, 3300, 4000, 3420]",,,
186r,M2,14,F,FS,S,adopted,"[750, 3300, 4000, 3420]",,,
186r,M2,15,E,ER,E,adopted,"[750, 3300, 4000, 3420]",,,
186r,M2,16,A,AN,,unadopted,"[750, 3300, 4000, 3420]",,,
186r,M2,17,A,AN,,unadopted,"[750, 3300, 4000, 3420]",,,
186r,M2,18,H,HU,,unadopted,"[750, 3300, 4000, 3420]",,,
186r,M2,19,B,BO,,unadopted,"[750, 3300, 4000, 3420]",,,
186r,M2,20,I,IX,,unadopted,"[750, 3300, 4000, 3420]",,,
186r,M2,21,E,ER,,unadopted,"[750, 3300, 4000, 3420]",,,
186r,M2,22,E,ER,,unadopted,"[750, 3300, 4000, 3420]",,,
186r,M2,23,I,IX,,unadopted,"[750, 3300, 4000, 3420]",,,
186r,M2,24,E,ER,,unadopted,"[750, 3300, 4000, 3420]",,,
186r,M2,25,A,AN,,unadopted,"[750, 3300, 4000, 3420]",,,
186r,M2,26,POUR,POUR,POUR,adopted,"[750, 3300, 4000, 3420]",,,
186r,M2,27,L,LY,L,adopted,"[750, 3300, 4000, 3420]",,,
186r,M2,28,H,HU,U,adopted,"[750, 3300, 4000, 3420]",,,
186r,M2,29,L,LY,Y,adopted,"[750, 3300, 4000, 3420]",,,
186r,M2,30,E,ER,R,adopted,"[750, 3300, 4000, 3420]",,,
186r,M2,31,E,ER,E,adopted,"[750, 3300, 4000, 3420]",,,
186r,M2,32,F,FS,S,adopted,"[750, 3300, 4000, 3420]",,,
186r,M2,33,I,IX,I,adopted,"[750, 3300, 4000, 3420]",,,
186r,M2,34,F,FS,S,adopted,"[750, 3300, 4000, 3420]",,,
186r,M2,35,G,GT,T,adopted,"[750, 3300, 4000, 3420]",,,
186r,M2,36,E,ER,E,adopted,"[750, 3300, 4000, 3420]",,,
186r,M2,37,E,ER,R,adopted,"[750, 3300, 4000, 3420]",,,
186r,M2,38,F,FS,S,adopted,"[750, 3300, 4000, 3420]",,,
186r,M2,39,I,IX,I,adopted,"[750, 3300, 4000, 3420]",,,
186r,M2,40,A,AN,N,adopted,"[750, 3300, 4000, 3420]",,,
186r,M2,41,B,BO,O,adopted,"[750, 3300, 4000, 3420]",,,
186r,M2,42,A,AN,N,adopted,"[750, 3300, 4000, 3420]",,,
186r,M2,43,D,DQ,D,adopted,"[750, 3300, 4000, 3420]",,,
186r,M2,44,E,ER,E,adopted,"[750, 3300, 4000, 3420]",,,
186r,M2,45,F,FS,S,adopted,"[750, 3300, 4000, 3420]",,,
186r,M2,46,C,CP,P,adopted,"[750, 3300, 4000, 3420]",,,
186r,M2,47,E,ER,R,adopted,"[750, 3300, 4000, 3420]",,,
186r,M2,48,B,BO,O,adopted,"[750, 3300, 4000, 3420]",,,
186r,M2,49,M,MZ,M,adopted,"[750, 3300, 4000, 3420]",,,
186r,M2,50,E,ER,E,adopted,"[750, 3300, 4000, 3420]",,,
186r,M2,51,F,FS,S,adopted,"[750, 3300, 4000, 3420]",,,
186r,M2,52,F,FS,S,adopted,"[750, 3300, 4000, 3420]",,,
186r,M2,53,E,ER,E,adopted,"[750, 3300, 4000, 3420]",,,
186r,M2,54,F,FS,S,adopted,"[750, 3300, 4000, 3420]",,,
186r,M2,55,B,BO,O,adopted,"[750, 3300, 4000, 3420]",,,
186r,M2,56,H,HU,U,adopted,"[750, 3300, 4000, 3420]",,,
186r,M2,57,L,LY,L,adopted,"[750, 3300, 4000, 3420]",,,
186r,M2,58,B,BO,O,adopted,"[750, 3300, 4000, 3420]",,,
186r,M2,59,A,AN,N,adopted,"[750, 3300, 4000, 3420]",,,
186r,M2,60,A,AN,A,adopted,"[750, 3300, 4000, 3420]",,,
186r,M2,61,G,GT,T,adopted,"[750, 3300, 4000, 3420]",,,
186r,M2,62,A,AN,A,adopted,"[750, 3300, 4000, 3420]",,,
186r,M2,63,A,AN,N,adopted,"[750, 3300, 4000, 3420]",,,
186r,M2,64,G,GT,T,adopted,"[750, 3300, 4000, 3420]",,,
186r,M3,1,E,ER,E,adopted,"[750, 3400, 4000, 3510]",,,
186r,M3,2,F,FS,S,adopted,"[750, 3400, 4000, 3510]",,,
186r,M3,3,G,GT,T,adopted,"[750, 3400, 4000, 3510]",,,
186r,M3,4,E,ER,E,adopted,"[750, 3400, 4000, 3510]",,,
186r,M3,5,G,GT,T,adopted,"[750, 3400, 4000, 3510]",,,
186r,M3,6,E,ER,R,adopted,"[750, 3400, 4000, 3510]",,,
186r,M3,7,B,BO,O,adopted,"[750, 3400, 4000, 3510]",,,
186r,M3,8,M,MZ,M,adopted,"[750, 3400, 4000, 3510]",,,
186r,M3,9,C,CP,P,adopted,"[750, 3400, 4000, 3510]",,,
186r,M3,10,E,ER,E,adopted,"[750, 3400, 4000, 3510]",,,
186r,M3,11,I,IX,I,adopted,"[750, 3400, 4000, 3510]",,,
186r,M3,12,L,LY,L,adopted,"[750, 3400, 4000, 3510]",,,
186r,M3,13,F,FS,F,adopted,"[750, 3400, 4000, 3510]",,,
186r,M3,14,A,AN,A,adopted,"[750, 3400, 4000, 3510]",,,
186r,M3,15,H,HU,U,adopted,"[750, 3400, 4000, 3510]",,,
186r,M3,16,D,DQ,D,adopted,"[750, 3400, 4000, 3510]",,,
186r,M3,17,E,ER,R,adopted,"[750, 3400, 4000, 3510]",,,
186r,M3,18,B,BO,O,adopted,"[750, 3400, 4000, 3510]",,,
186r,M3,19,I,IX,I,adopted,"[750, 3400, 4000, 3510]",,,
186r,M3,20,G,GT,T,adopted,"[750, 3400, 4000, 3510]",,,
186r,M3,21,B,BO,B,adopted,"[750, 3400, 4000, 3510]",,,
186r,M3,22,E,ER,E,adopted,"[750, 3400, 4000, 3510]",,,
186r,M3,23,A,AN,A,adopted,"[750, 3400, 4000, 3510]",,,
186r,M3,24,H,HU,U,adopted,"[750, 3400, 4000, 3510]",,,
186r,M3,25,C,CP,C,adopted,"[750, 3400, 4000, 3510]",,,
186r,M3,26,B,BO,O,adopted,"[750, 3400, 4000, 3510]",,,
186r,M3,27,H,HU,U,adopted,"[750, 3400, 4000, 3510]",,,
186r,M3,28,C,CP,P,adopted,"[750, 3400, 4000, 3510]",,,
186r,M3,29,D,DQ,D,adopted,"[750, 3400, 4000, 3510]",,,
186r,M3,30,E,ER,E,adopted,"[750, 3400, 4000, 3510]",,,
186r,M3,31,F,FS,F,adopted,"[750, 3400, 4000, 3510]",,,
186r,M3,32,F,FS,F,adopted,"[750, 3400, 4000, 3510]",,,
186r,M3,33,E,ER,E,adopted,"[750, 3400, 4000, 3510]",,,
186r,M3,34,C,CP,C,adopted,"[750, 3400, 4000, 3510]",,,
186r,M3,35,G,GT,T,adopted,"[750, 3400, 4000, 3510]",,,
186r,M3,36,M,MZ,Z,adopted,"[750, 3400, 4000, 3510]",,,
186r,M3,37,A,AN,A,adopted,"[750, 3400, 4000, 3510]",,,
186r,M3,38,H,HU,U,adopted,"[750, 3400, 4000, 3510]",,,
186r,M3,39,A,AN,A,adopted,"[750, 3400, 4000, 3510]",,,
186r,M3,40,A,AN,N,adopted,"[750, 3400, 4000, 3510]",,,
186r,M3,41,G,GT,T,adopted,"[750, 3400, 4000, 3510]",,,
186r,M3,42,QUE,QUE,QUE,adopted,"[750, 3400, 4000, 3510]",,,
186r,M3,43,D,DQ,D,adopted,"[750, 3400, 4000, 3510]",,,
186r,M3,44,E,ER,E,adopted,"[750, 3400, 4000, 3510]",,,
186r,M3,45,A,AN,N,adopted,"[750, 3400, 4000, 3510]",,,
186r,M3,46,B,BO,O,adopted,"[750, 3400, 4000, 3510]",,,
186r,M3,47,H,HU,U,adopted,"[750, 3400, 4000, 3510]",,,
186r,M3,48,F,FS,S,adopted,"[750, 3400, 4000, 3510]",,,
186r,M3,49,F,FS,F,adopted,"[750, 3400, 4000, 3510]",,,
186r,M3,50,A,AN,A,adopted,"[750, 3400, 4000, 3510]",,,
186r,M3,51,I,IX,I,adopted,"[750, 3400, 4000, 3510]",,,
186r,M3,52,E,ER,R,adopted,"[750, 3400, 4000, 3510]",,,
186r,M3,53,E,ER,E,adopted,"[750, 3400, 4000, 3510]",,,
186r,M3,54,E,ER,R,adopted,"[750, 3400, 4000, 3510]",,,
186r,M3,55,E,ER,E,adopted,"[750, 3400, 4000, 3510]",,,
186r,M3,56,I,IX,I,adopted,"[750, 3400, 4000, 3510]",,,
186r,M3,57,E,ER,E,adopted,"[750, 3400, 4000, 3510]",,,
186r,M3,58,C,CP,C,adopted,"[750, 3400, 4000, 3510]",,,
186r,M3,59,G,GT,T,adopted,"[750, 3400, 4000, 3510]",,,
186r,M3,60,E,ER,E,adopted,"[750, 3400, 4000, 3510]",,,
186r,M3,61,E,ER,R,adopted,"[750, 3400, 4000, 3510]",,,
186r,M3,62,L,LY,L,adopted,"[750, 3400, 4000, 3510]",,,
186r,M3,63,A,AN,A,adopted,"[750, 3400, 4000, 3510]",,,
186r,M3,64,C,CP,P,adopted,"[750, 3400, 4000, 3510]",,,
186r,M4,1,A,AN,A,adopted,"[750, 3490, 4000, 3615]",,,
186r,M4,2,E,ER,R,adopted,"[750, 3490, 4000, 3615]",,,
186r,M4,3,E,ER,E,adopted,"[750, 3490, 4000, 3615]",,,
186r,M4,4,A,AN,N,adopted,"[750, 3490, 4000, 3615]",,,
186r,M4,5,C,CP,C,adopted,"[750, 3490, 4000, 3615]",,,
186r,M4,6,E,ER,E,adopted,"[750, 3490, 4000, 3615]",,,
186r,M4,7,D,DQ,D,adopted,"[750, 3490, 4000, 3615]",,,
186r,M4,8,H,HU,U,adopted,"[750, 3490, 4000, 3615]",,,
186r,M4,9,A,AN,N,adopted,"[750, 3490, 4000, 3615]",,,
186r,M4,10,E,ER,E,adopted,"[750, 3490, 4000, 3615]",,,
186r,M4,11,C,CP,P,adopted,"[750, 3490, 4000, 3615]",,,
186r,M4,12,A,AN,A,adopted,"[750, 3490, 4000, 3615]",,,
186r,M4,13,I,IX,I,adopted,"[750, 3490, 4000, 3615]",,,
186r,M4,14,I,IX,X,adopted,"[750, 3490, 4000, 3615]",,,
186r,M4,15,ET,ET,ET,adopted,"[750, 3490, 4000, 3615]",,,
186r,M4,16,A,AN,N,adopted,"[750, 3490, 4000, 3615]",,,
186r,M4,17,E,ER,E,adopted,"[750, 3490, 4000, 3615]",,,
186r,M4,18,F,FS,S,adopted,"[750, 3490, 4000, 3615]",,,
186r,M4,19,E,ER,E,adopted,"[750, 3490, 4000, 3615]",,,
186r,M4,20,E,ER,R,adopted,"[750, 3490, 4000, 3615]",,,
186r,M4,21,A,AN,A,adopted,"[750, 3490, 4000, 3615]",,,
186r,M4,22,C,CP,C,adopted,"[750, 3490, 4000, 3615]",,,
186r,M4,23,E,ER,E,adopted,"[750, 3490, 4000, 3615]",,,
186r,M4,24,H,HU,,unadopted,"[750, 3490, 4000, 3615]",,,
186r,M4,25,F,FS,F,adopted,"[750, 3490, 4000, 3615]",,,
186r,M4,26,A,AN,A,adopted,"[750, 3490, 4000, 3615]",,,
186r,M4,27,I,IX,I,adopted,"[750, 3490, 4000, 3615]",,,
186r,M4,28,G,GT,T,adopted,"[750, 3490, 4000, 3615]",,,
186r,M4,29,F,FS,S,adopted,"[750, 3490, 4000, 3615]",,,
186r,M4,30,I,IX,I,adopted,"[750, 3490, 4000, 3615]",,,
186r,M4,31,A,AN,N,adopted,"[750, 3490, 4000, 3615]",,,
186r,M4,32,B,BO,O,adopted,"[750, 3490, 4000, 3615]",,,
186r,M4,33,H,HU,U,adopted,"[750, 3490, 4000, 3615]",,,
186r,M4,34,F,FS,S,adopted,"[750, 3490, 4000, 3615]",,,
186r,M4,35,L,LY,L,adopted,"[750, 3490, 4000, 3615]",,,
186r,M4,36,A,AN,A,adopted,"[750, 3490, 4000, 3615]",,,
186r,M4,37,M,MZ,M,adopted,"[750, 3490, 4000, 3615]",,,
186r,M4,38,B,BO,O,adopted,"[750, 3490, 4000, 3615]",,,
186r,M4,39,D,DQ,D,adopted,"[750, 3490, 4000, 3615]",,,
186r,M4,40,E,ER,E,adopted,"[750, 3490, 4000, 3615]",,,
186r,M4,41,E,ER,R,adopted,"[750, 3490, 4000, 3615]",,,
186r,M4,42,B,BO,O,adopted,"[750, 3490, 4000, 3615]",,,
186r,M4,43,A,AN,N,adopted,"[750, 3490, 4000, 3615]",,,
186r,M4,44,F,FS,S,adopted,"[750, 3490, 4000, 3615]",,,
186r,M4,45,X1,,,unadopted,"[750, 3490, 4000, 3615]",,,
186r,M4,46,H,HU,,unadopted,"[750, 3490, 4000, 3615]",,,
186r,M4,47,A,AN,,unadopted,"[750, 3490, 4000, 3615]",,,
186r,M4,48,E,ER,,unadopted,"[750, 3490, 4000, 3615]",,,
186r,M4,49,G,GT,,unadopted,"[750, 3490, 4000, 3615]",,,
186r,M4,50,E,ER,,unadopted,"[750, 3490, 4000, 3615]",,,
186r,M4,51,E,ER,,unadopted,"[750, 3490, 4000, 3615]",,,
186r,M4,52,F,FS,,unadopted,"[750, 3490, 4000, 3615]",,,
186r,M4,53,H,HU,,unadopted,"[750, 3490, 4000, 3615]",,,
186r,M4,54,E,ER,,unadopted,"[750, 3490, 4000, 3615]",,,
186r,M4,55,H,HU,,unadopted,"[750, 3490, 4000, 3615]",,,
186r,M4,56,A,AN,,unadopted,"[750, 3490, 4000, 3615]",,,
186r,M4,57,C,CP,,unadopted,"[750, 3490, 4000, 3615]",,,
186r,M4,58,H,HU,,unadopted,"[750, 3490, 4000, 3615]",,,
186r,M4,59,A,AN,,unadopted,"[750, 3490, 4000, 3615]",,,
186r,M4,60,C,CP,,unadopted,"[750, 3490, 4000, 3615]",,,
186r,M4,61,H,HU,,unadopted,"[750, 3490, 4000, 3615]",,,
186r,M4,62,A,AN,,unadopted,"[750, 3490, 4000, 3615]",,,
186r,M4,63,E,ER,,unadopted,"[750, 3490, 4000, 3615]",,,
186r,M4,64,F,FS,,unadopted,"[750, 3490, 4000, 3615]",,,
186r,M5,1,G,GT,T,adopted,"[750, 3590, 4000, 3725]",,,
186r,M5,2,A,AN,A,adopted,"[750, 3590, 4000, 3725]",,,
186r,M5,3,A,AN,N,adopted,"[750, 3590, 4000, 3725]",,,
186r,M5,4,G,GT,T,adopted,"[750, 3590, 4000, 3725]",,,
186r,M5,5,L,LY,L,adopted,"[750, 3590, 4000, 3725]",,,
186r,M5,6,A,AN,A,adopted,"[750, 3590, 4000, 3725]",,,
186r,M5,7,F,FS,S,adopted,"[750, 3590, 4000, 3725]",,,
186r,M5,8,D,DQ,D,adopted,"[750, 3590, 4000, 3725]",,,
186r,M5,9,E,ER,E,adopted,"[750, 3590, 4000, 3725]",,,
186r,M5,10,F,FS,S,adopted,"[750, 3590, 4000, 3725]",,,
186r,M5,11,E,ER,E,adopted,"[750, 3590, 4000, 3725]",,,
186r,M5,12,E,ER,R,adopted,"[750, 3590, 4000, 3725]",,,
186r,M5,13,H,HU,U,adopted,"[750, 3590, 4000, 3725]",,,
186r,M5,14,I,IX,I,adopted,"[750, 3590, 4000, 3725]",,,
186r,M5,15,E,ER,R,adopted,"[750, 3590, 4000, 3725]",,,
186r,M5,16,D,DQ,D,adopted,"[750, 3590, 4000, 3725]",,,
186r,M5,17,E,ER,E,adopted,"[750, 3590, 4000, 3725]",,,
186r,M5,18,F,FS,F,adopted,"[750, 3590, 4000, 3725]",,,
186r,M5,19,A,AN,A,adopted,"[750, 3590, 4000, 3725]",,,
186r,M5,20,B,BO,B,adopted,"[750, 3590, 4000, 3725]",,,
186r,M5,21,L,LY,L,adopted,"[750, 3590, 4000, 3725]",,,
186r,M5,22,E,ER,E,adopted,"[750, 3590, 4000, 3725]",,,
186r,M5,23,A,AN,A,adopted,"[750, 3590, 4000, 3725]",,,
186r,M5,24,G,GT,T,adopted,"[750, 3590, 4000, 3725]",,,
186r,M5,25,B,BO,O,adopted,"[750, 3590, 4000, 3725]",,,
186r,M5,26,H,HU,U,adopted,"[750, 3590, 4000, 3725]",,,
186r,M5,27,G,GT,T,adopted,"[750, 3590, 4000, 3725]",,,
186r,M5,28,E,ER,E,adopted,"[750, 3590, 4000, 3725]",,,
186r,M5,29,L,LY,L,adopted,"[750, 3590, 4000, 3725]",,,
186r,M5,30,A,AN,A,adopted,"[750, 3590, 4000, 3725]",,,
186r,M5,31,C,CP,C,adopted,"[750, 3590, 4000, 3725]",,,
186r,M5,32,E,ER,R,adopted,"[750, 3590, 4000, 3725]",,,
186r,M5,33,E,ER,E,adopted,"[750, 3590, 4000, 3725]",,,
186r,M5,34,F,FS,S,adopted,"[750, 3590, 4000, 3725]",,,
186r,M5,35,G,GT,T,adopted,"[750, 3590, 4000, 3725]",,,
186r,M5,36,I,IX,I,adopted,"[750, 3590, 4000, 3725]",,,
186r,M5,37,E,ER,E,adopted,"[750, 3590, 4000, 3725]",,,
186r,M5,38,A,AN,N,adopted,"[750, 3590, 4000, 3725]",,,
186r,M5,39,G,GT,T,adopted,"[750, 3590, 4000, 3725]",,,
186r,M5,40,E,ER,E,adopted,"[750, 3590, 4000, 3725]",,,
186r,M5,41,ET,ET,ET,adopted,"[750, 3590, 4000, 3725]",,,
186r,M5,42,D,DQ,D,adopted,"[750, 3590, 4000, 3725]",,,
186r,M5,43,E,ER,E,adopted,"[750, 3590, 4000, 3725]",,,
186r,M5,44,F,FS,S,adopted,"[750, 3590, 4000, 3725]",,,
186r,M5,45,E,ER,E,adopted,"[750, 3590, 4000, 3725]",,,
186r,M5,46,H,HU,U,adopted,"[750, 3590, 4000, 3725]",,,
186r,M5,47,B,BO,O,adopted,"[750, 3590, 4000, 3725]",,,
186r,M5,48,I,IX,I,adopted,"[750, 3590, 4000, 3725]",,,
186r,M5,49,E,ER,R,adopted,"[750, 3590, 4000, 3725]",,,
186r,M5,50,A,AN,A,adopted,"[750, 3590, 4000, 3725]",,,
186r,M5,51,B,BO,B,adopted,"[750, 3590, 4000, 3725]",,,
186r,M5,52,A,AN,A,adopted,"[750, 3590, 4000, 3725]",,,
186r,M5,53,A,AN,N,adopted,"[750, 3590, 4000, 3725]",,,
186r,M5,54,D,DQ,D,adopted,"[750, 3590, 4000, 3725]",,,
186r,M5,55,B,BO,O,adopted,"[750, 3590, 4000, 3725]",,,
186r,M5,56,A,AN,N,adopted,"[750, 3590, 4000, 3725]",,,
186r,M5,57,A,AN,N,adopted,"[750, 3590, 4000, 3725]",,,
186r,M5,58,E,ER,E,adopted,"[750, 3590, 4000, 3725]",,,
186r,M5,59,M,MZ,Z,adopted,"[750, 3590, 4000, 3725]",,,
186r,M5,60,X3,,,unadopted,"[750, 3590, 4000, 3725]",,,
186r,M5,61,E,ER,E,adopted,"[750, 3590, 4000, 3725]",,,
186r,M5,62,A,AN,N,adopted,"[750, 3590, 4000, 3725]",,,
186r,M5,63,F,FS,S,adopted,"[750, 3590, 4000, 3725]",,,
186r,M5,64,I,IX,I,adopted,"[750, 3590, 4000, 3725]",,,
186r,M6,1,A,AN,A,adopted,"[750, 3690, 4000, 3790]",,,
186r,M6,2,E,ER,R,adopted,"[750, 3690, 4000, 3790]",,,
186r,M6,3,E,ER,E,adopted,"[750, 3690, 4000, 3790]",,,
186r,M6,4,A,AN,N,adopted,"[750, 3690, 4000, 3790]",,,
186r,M6,5,D,DQ,D,adopted,"[750, 3690, 4000, 3790]",,,
186r,M6,6,E,ER,R,adopted,"[750, 3690, 4000, 3790]",,,
186r,M6,7,E,ER,E,adopted,"[750, 3690, 4000, 3790]",,,
186r,M6,8,L,LY,L,adopted,"[750, 3690, 4000, 3790]",,,
186r,M6,9,E,ER,E,adopted,"[750, 3690, 4000, 3790]",,,
186r,M6,10,F,FS,S,adopted,"[750, 3690, 4000, 3790]",,,
186r,M6,11,A,AN,A,adopted,"[750, 3690, 4000, 3790]",,,
186r,M6,12,B,BO,B,adopted,"[750, 3690, 4000, 3790]",,,
186r,M6,13,B,BO,O,adopted,"[750, 3690, 4000, 3790]",,,
186r,M6,14,I,IX,I,adopted,"[750, 3690, 4000, 3790]",,,
186r,M6,15,F,FS,S,adopted,"[750, 3690, 4000, 3790]",,,
186r,M6,16,C,CP,C,adopted,"[750, 3690, 4000, 3790]",,,
186r,M6,17,A,AN,A,adopted,"[750, 3690, 4000, 3790]",,,
186r,M6,18,E,ER,R,adopted,"[750, 3690, 4000, 3790]",,,
186r,M6,19,X3,POUR,POUR,adopted,"[750, 3690, 4000, 3790]",,,
186r,M6,20,D,DQ,D,adopted,"[750, 3690, 4000, 3790]",,,
186r,M6,21,E,ER,E,adopted,"[750, 3690, 4000, 3790]",,,
186r,M6,22,F,FS,S,adopted,"[750, 3690, 4000, 3790]",,,
186r,M6,23,C,CP,P,adopted,"[750, 3690, 4000, 3790]",,,
186r,M6,24,E,ER,R,adopted,"[750, 3690, 4000, 3790]",,,
186r,M6,25,B,BO,O,adopted,"[750, 3690, 4000, 3790]",,,
186r,M6,26,M,MZ,M,adopted,"[750, 3690, 4000, 3790]",,,
186r,M6,27,E,ER,E,adopted,"[750, 3690, 4000, 3790]",,,
186r,M6,28,F,FS,S,adopted,"[750, 3690, 4000, 3790]",,,
186r,M6,29,F,FS,S,adopted,"[750, 3690, 4000, 3790]",,,
186r,M6,30,E,ER,E,adopted,"[750, 3690, 4000, 3790]",,,
186r,M6,31,F,FS,S,adopted,"[750, 3690, 4000, 3790]",,,
186r,M6,32,A,AN,N,adopted,"[750, 3690, 4000, 3790]",,,
186r,M6,33,B,BO,O,adopted,"[750, 3690, 4000, 3790]",,,
186r,M6,34,F,FS,S,adopted,"[750, 3690, 4000, 3790]",,,
186r,M6,35,E,ER,E,adopted,"[750, 3690, 4000, 3790]",,,
186r,M6,36,A,AN,N,adopted,"[750, 3690, 4000, 3790]",,,
186r,M6,37,A,AN,N,adopted,"[750, 3690, 4000, 3790]",,,
186r,M6,38,E,ER,E,adopted,"[750, 3690, 4000, 3790]",,,
186r,M6,39,M,MZ,M,adopted,"[750, 3690, 4000, 3790]",,,
186r,M6,40,I,IX,I,adopted,"[750, 3690, 4000, 3790]",,,
186r,M6,41,F,FS,S,adopted,"[750, 3690, 4000, 3790]",,,
186r,M6,42,A,AN,N,adopted,"[750, 3690, 4000, 3790]",,,
186r,M6,43,E,ER,E,adopted,"[750, 3690, 4000, 3790]",,,
186r,M6,44,A,AN,N,adopted,"[750, 3690, 4000, 3790]",,,
186r,M6,45,F,FS,S,adopted,"[750, 3690, 4000, 3790]",,,
186r,M6,46,B,BO,O,adopted,"[750, 3690, 4000, 3790]",,,
186r,M6,47,A,AN,N,adopted,"[750, 3690, 4000, 3790]",,,
186r,M6,48,G,GT,T,adopted,"[750, 3690, 4000, 3790]",,,
186r,M6,49,C,CP,P,adopted,"[750, 3690, 4000, 3790]",,,
186r,M6,50,A,AN,A,adopted,"[750, 3690, 4000, 3790]",,,
186r,M6,51,F,FS,S,adopted,"[750, 3690, 4000, 3790]",,,
186r,M6,52,D,DQ,D,adopted,"[750, 3690, 4000, 3790]",,,
186r,M6,53,E,ER,E,adopted,"[750, 3690, 4000, 3790]",,,
186r,M6,54,F,FS,S,adopted,"[750, 3690, 4000, 3790]",,,
186r,M6,55,C,CP,P,adopted,"[750, 3690, 4000, 3790]",,,
186r,M6,56,B,BO,O,adopted,"[750, 3690, 4000, 3790]",,,
186r,M6,57,H,HU,U,adopted,"[750, 3690, 4000, 3790]",,,
186r,M6,58,E,ER,R,adopted,"[750, 3690, 4000, 3790]",,,
186r,M6,59,H,HU,U,adopted,"[750, 3690, 4000, 3790]",,,
186r,M6,60,E,ER,E,adopted,"[750, 3690, 4000, 3790]",,,
186r,M6,61,H,HU,U,adopted,"[750, 3690, 4000, 3790]",,,
186r,M6,62,F,FS,S,adopted,"[750, 3690, 4000, 3790]",,,
186r,M6,63,ET,ET,ET,adopted,"[750, 3690, 4000, 3790]",,,
186r,M6,64,B,BO,O,adopted,"[750, 3690, 4000, 3790]",,,
186r,M6,65,F,FS,F,adopted,"[750, 3690, 4000, 3790]",,,
186r,M6,66,F,FS,F,adopted,"[750, 3690, 4000, 3790]",,,
186r,M7,1,E,ER,R,adopted,"[750, 3775, 4000, 3875]",,,
186r,M7,2,E,ER,E,adopted,"[750, 3775, 4000, 3875]",,,
186r,M7,3,A,AN,N,adopted,"[750, 3775, 4000, 3875]",,,
186r,M7,4,G,GT,T,adopted,"[750, 3775, 4000, 3875]",,,
186r,M7,5,D,DQ,D,adopted,"[750, 3775, 4000, 3875]",,,
186r,M7,6,E,ER,E,adopted,"[750, 3775, 4000, 3875]",,,
186r,M7,7,M,MZ,M,adopted,"[750, 3775, 4000, 3875]",,,
186r,M7,8,B,BO,O,adopted,"[750, 3775, 4000, 3875]",,,
186r,M7,9,A,AN,N,adopted,"[750, 3775, 4000, 3875]",,,
186r,M7,10,F,FS,S,adopted,"[750, 3775, 4000, 3875]",,,
186r,M7,11,G,GT,T,adopted,"[750, 3775, 4000, 3875]",,,
186r,M7,12,E,ER,R,adopted,"[750, 3775, 4000, 3875]",,,
186r,M7,13,E,ER,E,adopted,"[750, 3775, 4000, 3875]",,,
186r,M7,14,E,ER,R,adopted,"[750, 3775, 4000, 3875]",,,
186r,M7,15,L,LY,,unadopted,"[750, 3775, 4000, 3875]",,,
186r,M7,16,E,ER,,unadopted,"[750, 3775, 4000, 3875]",,,
186r,M7,17,F,FS,,unadopted,"[750, 3775, 4000, 3875]",,,
186r,M7,18,G,GT,,unadopted,"[750, 3775, 4000, 3875]",,,
186r,M7,19,E,ER,,unadopted,"[750, 3775, 4000, 3875]",,,
186r,M7,20,E,ER,,unadopted,"[750, 3775, 4000, 3875]",,,
186r,M7,21,F,FS,,unadopted,"[750, 3775, 4000, 3875]",,,
186r,M7,22,D,DQ,,unadopted,"[750, 3775, 4000, 3875]",,,
186r,M7,23,E,ER,,unadopted,"[750, 3775, 4000, 3875]",,,
186r,M7,24,PLAINTEXT_S_S_Beatme,,,unadopted,"[750, 3775, 4000, 3875]",,,
186r,M7,25,X3,,,unadopted,"[750, 3775, 4000, 3875]",,,
186r,M7,26,E,ER,E,adopted,"[750, 3775, 4000, 3875]",,,
186r,M7,27,A,AN,N,adopted,"[750, 3775, 4000, 3875]",,,
186r,M7,28,C,CP,C,adopted,"[750, 3775, 4000, 3875]",,,
186r,M7,29,A,AN,A,adopted,"[750, 3775, 4000, 3875]",,,
186r,M7,30,F,FS,S,adopted,"[750, 3775, 4000, 3875]",,,
186r,M7,31,QUI,QUI,QUI,adopted,"[750, 3775, 4000, 3875]",,,
186r,M7,32,L,LY,L,adopted,"[750, 3775, 4000, 3875]",,,
186r,M7,33,F,FS,S,adopted,"[750, 3775, 4000, 3875]",,,
186r,M7,34,E,ER,E,adopted,"[750, 3775, 4000, 3875]",,,
186r,M7,35,F,FS,F,adopted,"[750, 3775, 4000, 3875]",,,
186r,M7,36,A,AN,A,adopted,"[750, 3775, 4000, 3875]",,,
186r,M7,37,C,CP,C,adopted,"[750, 3775, 4000, 3875]",,,
186r,M7,38,E,ER,E,adopted,"[750, 3775, 4000, 3875]",,,
186r,M7,39,C,CP,C,adopted,"[750, 3775, 4000, 3875]",,,
186r,M7,40,A,AN,A,adopted,"[750, 3775, 4000, 3875]",,,
186r,M7,41,G,GT,T,adopted,"[750, 3775, 4000, 3875]",,,
186r,M7,42,B,BO,O,adopted,"[750, 3775, 4000, 3875]",,,
186r,M7,43,L,LY,L,adopted,"[750, 3775, 4000, 3875]",,,
186r,M7,44,I,IX,I,adopted,"[750, 3775, 4000, 3875]",,,
186r,M7,45,D,DQ,Q,adopted,"[750, 3775, 4000, 3875]",,,
186r,M7,46,H,HU,U,adopted,"[750, 3775, 4000, 3875]",,,
186r,M7,47,E,ER,E,adopted,"[750, 3775, 4000, 3875]",,,
186r,M7,48,D,DQ,D,adopted,"[750, 3775, 4000, 3875]",,,
186r,M7,49,E,ER,E,adopted,"[750, 3775, 4000, 3875]",,,
186r,M7,50,F,FS,S,adopted,"[750, 3775, 4000, 3875]",,,
186r,M7,51,G,GT,T,adopted,"[750, 3775, 4000, 3875]",,,
186r,M7,52,E,ER,R,adopted,"[750, 3775, 4000, 3875]",,,
186r,M7,53,E,ER,E,adopted,"[750, 3775, 4000, 3875]",,,
186r,M7,54,E,ER,R,adopted,"[750, 3775, 4000, 3875]",,,
186r,M7,55,E,ER,E,adopted,"[750, 3775, 4000, 3875]",,,
186r,M7,56,C,CP,C,adopted,"[750, 3775, 4000, 3875]",,,
186r,M7,57,E,ER,E,adopted,"[750, 3775, 4000, 3875]",,,
186r,M7,58,H,HU,U,adopted,"[750, 3775, 4000, 3875]",,,
186r,M7,59,L,LY,L,adopted,"[750, 3775, 4000, 3875]",,,
186r,M7,60,E,ER,E,adopted,"[750, 3775, 4000, 3875]",,,
186r,M7,61,X2t,,,unadopted,"[750, 3775, 4000, 3875]",,,
186r,M7,62,F,FS,S,adopted,"[750, 3775, 4000, 3875]",,,
186r,M7,63,I,IX,I,adopted,"[750, 3775, 4000, 3875]",,,
186r,M8,1,E,ER,E,adopted,"[750, 3870, 4000, 3965]",,,
186r,M8,2,G,GT,G,adopted,"[750, 3870, 4000, 3965]",,,
186r,M8,3,E,ER,E,adopted,"[750, 3870, 4000, 3965]",,,
186r,M8,4,L,LY,L,adopted,"[750, 3870, 4000, 3965]",,,
186r,M8,5,A,AN,A,adopted,"[750, 3870, 4000, 3965]",,,
186r,M8,6,F,FS,S,adopted,"[750, 3870, 4000, 3965]",,,
186r,M8,7,F,FS,S,adopted,"[750, 3870, 4000, 3965]",,,
186r,M8,8,E,ER,E,adopted,"[750, 3870, 4000, 3965]",,,
186r,M8,9,D,DQ,D,adopted,"[750, 3870, 4000, 3965]",,,
186r,M8,10,E,ER,E,adopted,"[750, 3870, 4000, 3965]",,,
186r,M8,11,C,CP,C,adopted,"[750, 3870, 4000, 3965]",,,
186r,M8,12,B,BO,O,adopted,"[750, 3870, 4000, 3965]",,,
186r,M8,13,A,AN,N,adopted,"[750, 3870, 4000, 3965]",,,
186r,M8,14,G,GT,T,adopted,"[750, 3870, 4000, 3965]",,,
186r,M8,15,I,IX,I,adopted,"[750, 3870, 4000, 3965]",,,
186r,M8,16,A,AN,N,adopted,"[750, 3870, 4000, 3965]",,,
186r,M8,17,H,HU,U,adopted,"[750, 3870, 4000, 3965]",,,
186r,M8,18,E,ER,E,adopted,"[750, 3870, 4000, 3965]",,,
186r,M8,19,E,ER,R,adopted,"[750, 3870, 4000, 3965]",,,
186r,M8,20,F,FS,S,adopted,"[750, 3870, 4000, 3965]",,,
186r,M8,21,A,AN,A,adopted,"[750, 3870, 4000, 3965]",,,
186r,M8,22,D,DQ,D,adopted,"[750, 3870, 4000, 3965]",,,
186r,M8,23,E,ER,E,adopted,"[750, 3870, 4000, 3965]",,,
186r,M8,24,F,FS,S,adopted,"[750, 3870, 4000, 3965]",,,
186r,M8,25,C,CP,P,adopted,"[750, 3870, 4000, 3965]",,,
186r,M8,26,E,ER,E,adopted,"[750, 3870, 4000, 3965]",,,
186r,M8,27,A,AN,N,adopted,"[750, 3870, 4000, 3965]",,,
186r,M8,28,C,CP,C,adopted,"[750, 3870, 4000, 3965]",,,
186r,M8,29,E,ER,E,adopted,"[750, 3870, 4000, 3965]",,,
186r,M8,30,QUE,QUE,QUE,adopted,"[750, 3870, 4000, 3965]",,,
186r,M8,31,L,LY,L,adopted,"[750, 3870, 4000, 3965]",,,
186r,M8,32,B,BO,O,adopted,"[750, 3870, 4000, 3965]",,,
186r,M8,33,A,AN,N,adopted,"[750, 3870, 4000, 3965]",,,
186r,M8,34,C,CP,P,adopted,"[750, 3870, 4000, 3965]",,,
186r,M8,35,E,ER,E,adopted,"[750, 3870, 4000, 3965]",,,
186r,M8,36,H,HU,U,adopted,"[750, 3870, 4000, 3965]",,,
186r,M8,37,F,FS,,unadopted,"[750, 3870, 4000, 3965]",,,"['F', 'G']"
186r,M8,38,D,DQ,D,adopted,"[750, 3870, 4000, 3965]",,,
186r,M8,39,I,IX,I,adopted,"[750, 3870, 4000, 3965]",,,
186r,M8,40,E,ER,R,adopted,"[750, 3870, 4000, 3965]",,,
186r,M8,41,E,ER,E,adopted,"[750, 3870, 4000, 3965]",,,
186r,M8,42,A,AN,A,adopted,"[750, 3870, 4000, 3965]",,,
186r,M8,43,H,HU,U,adopted,"[750, 3870, 4000, 3965]",,,
186r,M8,44,B,BO,O,adopted,"[750, 3870, 4000, 3965]",,,
186r,M8,45,I,IX,I,adopted,"[750, 3870, 4000, 3965]",,,
186r,M8,46,E,ER,R,adopted,"[750, 3870, 4000, 3965]",,,
186r,M8,47,E,ER,E,adopted,"[750, 3870, 4000, 3965]",,,
186r,M8,48,F,FS,S,adopted,"[750, 3870, 4000, 3965]",,,
186r,M8,49,G,GT,T,adopted,"[750, 3870, 4000, 3965]",,,
186r,M8,50,E,ER,E,adopted,"[750, 3870, 4000, 3965]",,,
186r,M8,51,D,DQ,Q,adopted,"[750, 3870, 4000, 3965]",,,
186r,M8,52,H,HU,U,adopted,"[750, 3870, 4000, 3965]",,,
186r,M8,53,E,ER,E,adopted,"[750, 3870, 4000, 3965]",,,
186r,M8,54,L,LY,L,adopted,"[750, 3870, 4000, 3965]",,,
186r,M8,55,D,DQ,Q,adopted,"[750, 3870, 4000, 3965]",,,
186r,M8,56,H,HU,U,adopted,"[750, 3870, 4000, 3965]",,,
186r,M8,57,E,ER,E,adopted,"[750, 3870, 4000, 3965]",,,
186r,M8,58,C,CP,C,adopted,"[750, 3870, 4000, 3965]",,,
186r,M8,59,H,HU,H,adopted,"[750, 3870, 4000, 3965]",,,
186r,M8,60,B,BO,O,adopted,"[750, 3870, 4000, 3965]",,,
186r,M8,61,F,FS,S,adopted,"[750, 3870, 4000, 3965]",,,
186r,M8,62,E,ER,E,adopted,"[750, 3870, 4000, 3965]",,,
186r,M8,63,D,DQ,D,adopted,"[750, 3870, 4000, 3965]",,,
186r,M8,64,H,HU,U,adopted,"[750, 3870, 4000, 3965]",,,
186r,M8,65,E,ER,R,adopted,"[750, 3870, 4000, 3965]",,,
186r,M8,66,A,AN,A,adopted,"[750, 3870, 4000, 3965]",,,
186r,M8,67,A,AN,N,adopted,"[750, 3870, 4000, 3965]",,,
186r,M8,68,G,GT,T,adopted,"[750, 3870, 4000, 3965]",,,
186r,M8,69,L,LY,L,adopted,"[750, 3870, 4000, 3965]",,,
186r,M8,70,E,ER,E,adopted,"[750, 3870, 4000, 3965]",,,
186r,M9,1,C,CP,P,adopted,"[750, 3960, 4000, 4070]",,,
186r,M9,2,B,BO,O,adopted,"[750, 3960, 4000, 4070]",,,
186r,M9,3,A,AN,N,adopted,"[750, 3960, 4000, 4070]",,,
186r,M9,4,G,GT,T,adopted,"[750, 3960, 4000, 4070]",,,
186r,M9,5,I,IX,I,adopted,"[750, 3960, 4000, 4070]",,,
186r,M9,6,F,FS,F,adopted,"[750, 3960, 4000, 4070]",,,
186r,M9,7,I,IX,I,adopted,"[750, 3960, 4000, 4070]",,,
186r,M9,8,C,CP,C,adopted,"[750, 3960, 4000, 4070]",,,
186r,M9,9,A,AN,A,adopted,"[750, 3960, 4000, 4070]",,,
186r,M9,10,G,GT,T,adopted,"[750, 3960, 4000, 4070]",,,
186r,M9,11,D,DQ,D,adopted,"[750, 3960, 4000, 4070]",,,
186r,M9,12,H,HU,U,adopted,"[750, 3960, 4000, 4070]",,,
186r,M9,13,X4,,,unadopted,"[750, 3960, 4000, 4070]",,,
186r,M9,14,G,GT,G,adopted,"[750, 3960, 4000, 4070]",,,
186r,M9,15,E,ER,R,adopted,"[750, 3960, 4000, 4070]",,,
186r,M9,16,E,ER,E,adopted,"[750, 3960, 4000, 4070]",,,
186r,M9,17,G,GT,G,adopted,"[750, 3960, 4000, 4070]",,,
186r,M9,18,B,BO,O,adopted,"[750, 3960, 4000, 4070]",,,
186r,M9,19,I,IX,I,adopted,"[750, 3960, 4000, 4070]",,,
186r,M9,20,E,ER,R,adopted,"[750, 3960, 4000, 4070]",,,
186r,M9,21,E,ER,E,adopted,"[750, 3960, 4000, 4070]",,,
186r,M9,22,M,MZ,M,adopted,"[750, 3960, 4000, 4070]",,,
186r,M9,23,A,AN,A,adopted,"[750, 3960, 4000, 4070]",,,
186r,M9,24,I,IX,I,adopted,"[750, 3960, 4000, 4070]",,,
186r,M9,25,F,FS,S,adopted,"[750, 3960, 4000, 4070]",,,
186r,M9,26,D,DQ,D,adopted,"[750, 3960, 4000, 4070]",,,
186r,M9,27,E,ER,E,adopted,"[750, 3960, 4000, 4070]",,,
186r,M9,28,C,CP,P,adopted,"[750, 3960, 4000, 4070]",,,
186r,M9,29,H,HU,U,adopted,"[750, 3960, 4000, 4070]",,,
186r,M9,30,I,IX,I,adopted,"[750, 3960, 4000, 4070]",,,
186r,M9,31,F,FS,S,adopted,"[750, 3960, 4000, 4070]",,,
186r,M9,32,I,IX,I,adopted,"[750, 3960, 4000, 4070]",,,
186r,M9,33,L,LY,L,adopted,"[750, 3960, 4000, 4070]",,,
186r,M9,34,L,LY,L,adopted,"[750, 3960, 4000, 4070]",,,
186r,M9,35,H,HU,U,adopted,"[750, 3960, 4000, 4070]",,,
186r,M9,36,L,LY,Y,adopted,"[750, 3960, 4000, 4070]",,,
186r,M9,37,E,ER,E,adopted,"[750, 3960, 4000, 4070]",,,
186r,M9,38,H,HU,U,adopted,"[750, 3960, 4000, 4070]",,,
186r,M9,39,F,FS,S,adopted,"[750, 3960, 4000, 4070]",,,
186r,M9,40,G,GT,T,adopted,"[750, 3960, 4000, 4070]",,,
186r,M9,41,M,MZ,M,adopted,"[750, 3960, 4000, 4070]",,,
186r,M9,42,I,IX,I,adopted,"[750, 3960, 4000, 4070]",,,
186r,M9,43,E,ER,E,adopted,"[750, 3960, 4000, 4070]",,,
186r,M9,44,H,HU,U,adopted,"[750, 3960, 4000, 4070]",,,
186r,M9,45,L,LY,L,adopted,"[750, 3960, 4000, 4070]",,,
186r,M9,46,I,IX,X,adopted,"[750, 3960, 4000, 4070]",,,
186r,M9,47,E,ER,E,adopted,"[750, 3960, 4000, 4070]",,,
186r,M9,48,F,FS,S,adopted,"[750, 3960, 4000, 4070]",,,
186r,M9,49,G,GT,T,adopted,"[750, 3960, 4000, 4070]",,,
186r,M9,50,E,ER,E,adopted,"[750, 3960, 4000, 4070]",,,
186r,M9,51,ET,ET,ET,adopted,"[750, 3960, 4000, 4070]",,,
186r,M9,52,D,DQ,D,adopted,"[750, 3960, 4000, 4070]",,,
186r,M9,53,E,ER,E,adopted,"[750, 3960, 4000, 4070]",,,
186r,M9,54,G,GT,T,adopted,"[750, 3960, 4000, 4070]",,,
186r,M9,55,B,BO,O,adopted,"[750, 3960, 4000, 4070]",,,
186r,M9,56,H,HU,U,adopted,"[750, 3960, 4000, 4070]",,,
186r,M9,57,G,GT,T,adopted,"[750, 3960, 4000, 4070]",,,
186r,M9,58,C,CP,P,adopted,"[750, 3960, 4000, 4070]",,,
186r,M9,59,B,BO,O,adopted,"[750, 3960, 4000, 4070]",,,
186r,M9,60,I,IX,I,adopted,"[750, 3960, 4000, 4070]",,,
186r,M9,61,A,AN,N,adopted,"[750, 3960, 4000, 4070]",,,
186r,M9,62,G,GT,T,adopted,"[750, 3960, 4000, 4070]",,,
186r,M9,63,B,BO,O,adopted,"[750, 3960, 4000, 4070]",,,
186r,M9,64,A,AN,N,adopted,"[750, 3960, 4000, 4070]",,,
186r,M9,65,A,AN,N,adopted,"[750, 3960, 4000, 4070]",,,
186r,M9,66,B,BO,O,adopted,"[750, 3960, 4000, 4070]",,,
186r,M9,67,H,HU,U,adopted,"[750, 3960, 4000, 4070]",,,
186r,M9,68,F,FS,S,adopted,"[750, 3960, 4000, 4070]",,,
186r,M9,69,E,ER,E,adopted,"[750, 3960, 4000, 4070]",,,
186r,M9,70,H,HU,U,adopted,"[750, 3960, 4000, 4070]",,,
186r,M10,1,F,FS,,unadopted,"[750, 4055, 4000, 4160]",,,
186r,M10,2,G,GT,,unadopted,"[750, 4055, 4000, 4160]",,,
186r,M10,3,D,DQ,,unadopted,"[750, 4055, 4000, 4160]",,,
186r,M10,4,E,ER,,unadopted,"[750, 4055, 4000, 4160]",,,
186r,M10,5,F,FS,,unadopted,"[750, 4055, 4000, 4160]",,,
186r,M10,6,A,AN,,unadopted,"[750, 4055, 4000, 4160]",,,
186r,M10,7,I,IX,,unadopted,"[750, 4055, 4000, 4160]",,,
186r,M10,8,E,ER,,unadopted,"[750, 4055, 4000, 4160]",,,
186r,M10,9,G,GT,T,adopted,"[750, 4055, 4000, 4160]",,,
186r,M10,10,B,BO,O,adopted,"[750, 4055, 4000, 4160]",,,
186r,M10,11,H,HU,U,adopted,"[750, 4055, 4000, 4160]",,,
186r,M10,12,G,GT,T,adopted,"[750, 4055, 4000, 4160]",,,
186r,M10,13,E,ER,E,adopted,"[750, 4055, 4000, 4160]",,,
186r,M10,14,E,ER,E,adopted,"[750, 4055, 4000, 4160]",,,
186r,M10,15,F,FS,S,adopted,"[750, 4055, 4000, 4160]",,,
186r,M10,16,C,CP,P,adopted,"[750, 4055, 4000, 4160]",,,
186r,M10,17,E,ER,E,adopted,"[750, 4055, 4000, 4160]",,,
186r,M10,18,E,ER,R,adopted,"[750, 4055, 4000, 4160]",,,
186r,M10,19,A,AN,A,adopted,"[750, 4055, 4000, 4160]",,,
186r,M10,20,A,AN,N,adopted,"[750, 4055, 4000, 4160]",,,
186r,M10,21,C,CP,C,adopted,"[750, 4055, 4000, 4160]",,,
186r,M10,22,E,ER,E,adopted,"[750, 4055, 4000, 4160]",,,
186r,M10,23,D,DQ,D,adopted,"[750, 4055, 4000, 4160]",,,
186r,M10,24,E,ER,E,adopted,"[750, 4055, 4000, 4160]",,,
186r,M10,25,F,FS,S,adopted,"[750, 4055, 4000, 4160]",,,
186r,M10,26,E,ER,E,adopted,"[750, 4055, 4000, 4160]",,,
186r,M10,27,C,CP,C,adopted,"[750, 4055, 4000, 4160]",,,
186r,M10,28,B,BO,O,adopted,"[750, 4055, 4000, 4160]",,,
186r,M10,29,H,HU,U,adopted,"[750, 4055, 4000, 4160]",,,
186r,M10,30,E,ER,R,adopted,"[750, 4055, 4000, 4160]",,,
186r,M10,31,F,FS,S,adopted,"[750, 4055, 4000, 4160]",,,
186r,M10,32,A,AN,A,adopted,"[750, 4055, 4000, 4160]",,,
186r,M10,33,F,FS,F,adopted,"[750, 4055, 4000, 4160]",,,
186r,M10,34,F,FS,F,adopted,"[750, 4055, 4000, 4160]",,,
186r,M10,35,I,IX,I,adopted,"[750, 4055, 4000, 4160]",,,
186r,M10,36,A,AN,N,adopted,"[750, 4055, 4000, 4160]",,,
186r,M10,37,D,DQ,D,adopted,"[750, 4055, 4000, 4160]",,,
186r,M10,38,E,ER,E,adopted,"[750, 4055, 4000, 4160]",,,
186r,M10,39,A,AN,N,adopted,"[750, 4055, 4000, 4160]",,,
186r,M10,40,B,BO,O,adopted,"[750, 4055, 4000, 4160]",,,
186r,M10,41,H,HU,U,adopted,"[750, 4055, 4000, 4160]",,,
186r,M10,42,F,FS,S,adopted,"[750, 4055, 4000, 4160]",,,
186r,M10,43,F,FS,F,adopted,"[750, 4055, 4000, 4160]",,,
186r,M10,44,A,AN,A,adopted,"[750, 4055, 4000, 4160]",,,
186r,M10,45,I,IX,I,adopted,"[750, 4055, 4000, 4160]",,,
186r,M10,46,E,ER,R,adopted,"[750, 4055, 4000, 4160]",,,
186r,M10,47,E,ER,E,adopted,"[750, 4055, 4000, 4160]",,,
186r,M10,48,C,CP,P,adopted,"[750, 4055, 4000, 4160]",,,
186r,M10,49,E,ER,R,adopted,"[750, 4055, 4000, 4160]",,,
186r,M10,50,E,ER,E,adopted,"[750, 4055, 4000, 4160]",,,
186r,M10,51,A,AN,N,adopted,"[750, 4055, 4000, 4160]",,,
186r,M10,52,D,DQ,D,adopted,"[750, 4055, 4000, 4160]",,,
186r,M10,53,E,ER,R,adopted,"[750, 4055, 4000, 4160]",,,
186r,M10,54,E,ER,E,adopted,"[750, 4055, 4000, 4160]",,,
186r,M10,55,H,HU,U,adopted,"[750, 4055, 4000, 4160]",,,
186r,M10,56,A,AN,N,adopted,"[750, 4055, 4000, 4160]",,,
186r,M10,57,E,ER,E,adopted,"[750, 4055, 4000, 4160]",,,
186r,M10,58,C,CP,C,adopted,"[750, 4055, 4000, 4160]",,,
186r,M10,59,E,ER,E,adopted,"[750, 4055, 4000, 4160]",,,
186r,M10,60,E,ER,R,adopted,"[750, 4055, 4000, 4160]",,,
186r,M10,61,G,GT,T,adopted,"[750, 4055, 4000, 4160]",,,
186r,M10,62,A,AN,A,adopted,"[750, 4055, 4000, 4160]",,,
186r,M10,63,I,IX,I,adopted,"[750, 4055, 4000, 4160]",,,
186r,M10,64,A,AN,N,adopted,"[750, 4055, 4000, 4160]",,,
186r,M10,65,E,ER,R,adopted,"[750, 4055, 4000, 4160]",,,
186r,M10,66,E,ER,E,adopted,"[750, 4055, 4000, 4160]",,,
186r,M10,67,F,FS,S,adopted,"[750, 4055, 4000, 4160]",,,
186r,M11,1,B,BO,O,adopted,"[750, 4145, 4000, 4270]",,,
186r,M11,2,L,LY,L,adopted,"[750, 4145, 4000, 4270]",,,
186r,M11,3,H,HU,U,adopted,"[750, 4145, 4000, 4270]",,,
186r,M11,4,G,GT,T,adopted,"[750, 4145, 4000, 4270]",,,
186r,M11,5,I,IX,I,adopted,"[750, 4145, 4000, 4270]",,,
186r,M11,6,B,BO,O,adopted,"[750, 4145, 4000, 4270]",,,
186r,M11,7,A,AN,N,adopted,"[750, 4145, 4000, 4270]",,,
186r,M11,8,ET,ET,ET,adopted,"[750, 4145, 4000, 4270]",,,
186r,M11,9,M,MZ,M,adopted,"[750, 4145, 4000, 4270]",,,
186r,M11,10,A,AN,A,adopted,"[750, 4145, 4000, 4270]",,,
186r,M11,11,I,IX,I,adopted,"[750, 4145, 4000, 4270]",,,
186r,M11,12,F,FS,S,adopted,"[750, 4145, 4000, 4270]",,,
186r,M11,13,QUE,QUE,QUE,adopted,"[750, 4145, 4000, 4270]",,,
186r,M11,14,PLAINTEXT_S_S_T,,,unadopted,"[750, 4145, 4000, 4270]",,,
186r,M11,15,F,FS,S,adopted,"[750, 4145, 4000, 4270]",,,
186r,M11,16,E,ER,E,adopted,"[750, 4145, 4000, 4270]",,,
186r,M11,17,F,FS,S,adopted,"[750, 4145, 4000, 4270]",,,
186r,M11,18,B,BO,O,adopted,"[750, 4145, 4000, 4270]",,,
186r,M11,19,H,HU,U,adopted,"[750, 4145, 4000, 4270]",,,
186r,M11,20,B,BO,B,adopted,"[750, 4145, 4000, 4270]",,,
186r,M11,21,I,IX,I,adopted,"[750, 4145, 4000, 4270]",,,
186r,M11,22,E,ER,E,adopted,"[750, 4145, 4000, 4270]",,,
186r,M11,23,A,AN,N,adopted,"[750, 4145, 4000, 4270]",,,
186r,M11,24,A,AN,N,adopted,"[750, 4145, 4000, 4270]",,,
186r,M11,25,E,ER,E,adopted,"[750, 4145, 4000, 4270]",,,
186r,M11,26,A,AN,A,adopted,"[750, 4145, 4000, 4270]",,,
186r,M11,27,H,HU,U,adopted,"[750, 4145, 4000, 4270]",,,
186r,M11,28,E,ER,E,adopted,"[750, 4145, 4000, 4270]",,,
186r,M11,29,C,CP,C,adopted,"[750, 4145, 4000, 4270]",,,
186r,M11,30,D,DQ,,unadopted,"[750, 4145, 4000, 4270]",,,
186r,M11,31,E,ER,,unadopted,"[750, 4145, 4000, 4270]",,,
186r,M11,32,H,HU,,unadopted,"[750, 4145, 4000, 4270]",,,
186r,M11,33,E,ER,,unadopted,"[750, 4145, 4000, 4270]",,,
186r,M11,34,L,LY,,unadopted,"[750, 4145, 4000, 4270]",,,
186r,M11,35,L,LY,,unadopted,"[750, 4145, 4000, 4270]",,,
186r,M11,36,E,ER,,unadopted,"[750, 4145, 4000, 4270]",,,
186r,M11,37,I,IX,,unadopted,"[750, 4145, 4000, 4270]",,,
186r,M11,38,A,AN,,unadopted,"[750, 4145, 4000, 4270]",,,
186r,M11,39,F,FS,,unadopted,"[750, 4145, 4000, 4270]",,,
186r,M11,40,F,FS,,unadopted,"[750, 4145, 4000, 4270]",,,
186r,M11,41,A,AN,,unadopted,"[750, 4145, 4000, 4270]",,,
186r,M11,42,A,AN,,unadopted,"[750, 4145, 4000, 4270]",,,
186r,M11,43,C,CP,,unadopted,"[750, 4145, 4000, 4270]",,,
186r,M11,44,E,ER,,unadopted,"[750, 4145, 4000, 4270]",,,
186r,M11,45,I,IX,,unadopted,"[750, 4145, 4000, 4270]",,,
186r,M11,46,A,AN,,unadopted,"[750, 4145, 4000, 4270]",,,
186r,M11,47,L,LY,,unadopted,"[750, 4145, 4000, 4270]",,,
186r,M11,48,D,DQ,D,adopted,"[750, 4145, 4000, 4270]",,,
186r,M11,49,E,ER,E,adopted,"[750, 4145, 4000, 4270]",,,
186r,M11,50,M,MZ,M,adopted,"[750, 4145, 4000, 4270]",,,
186r,M11,51,A,AN,A,adopted,"[750, 4145, 4000, 4270]",,,
186r,M11,52,A,AN,N,adopted,"[750, 4145, 4000, 4270]",,,
186r,M11,53,D,DQ,D,adopted,"[750, 4145, 4000, 4270]",,,
186r,M11,54,E,ER,E,adopted,"[750, 4145, 4000, 4270]",,,
186r,M11,55,H,HU,U,adopted,"[750, 4145, 4000, 4270]",,,
186r,M11,56,A,AN,N,adopted,"[750, 4145, 4000, 4270]",,,
186r,M11,57,D,DQ,D,adopted,"[750, 4145, 4000, 4270]",,,
186r,M11,58,E,ER,E,adopted,"[750, 4145, 4000, 4270]",,,
186r,M11,59,L,LY,L,adopted,"[750, 4145, 4000, 4270]",,,
186r,M11,60,A,AN,A,adopted,"[750, 4145, 4000, 4270]",,,
186r,M11,61,M,MZ,M,adopted,"[750, 4145, 4000, 4270]",,,
186r,M11,62,A,AN,A,adopted,"[750, 4145, 4000, 4270]",,,
186r,M12,1,I,IX,I,adopted,"[750, 4240, 4000, 4365]",,,
186r,M12,2,F,FS,S,adopted,"[750, 4240, 4000, 4365]",,,
186r,M12,3,B,BO,O,adopted,"[750, 4240, 4000, 4365]",,,
186r,M12,4,A,AN,N,adopted,"[750, 4240, 4000, 4365]",,,
186r,M12,5,D,DQ,D,adopted,"[750, 4240, 4000, 4365]",,,
186r,M12,6,E,ER,E,adopted,"[750, 4240, 4000, 4365]",,,
186r,M12,7,B,BO,B,adopted,"[750, 4240, 4000, 4365]",,,
186r,M12,8,B,BO,O,adopted,"[750, 4240, 4000, 4365]",,,
186r,M12,9,H,HU,U,adopted,"[750, 4240, 4000, 4365]",,,
186r,M12,10,E,ER,R,adopted,"[750, 4240, 4000, 4365]",,,
186r,M12,11,B,BO,B,adopted,"[750, 4240, 4000, 4365]",,,
186r,M12,12,B,BO,O,adopted,"[750, 4240, 4000, 4365]",,,
186r,M12,13,A,AN,N,adopted,"[750, 4240, 4000, 4365]",,,
186r,M12,14,ET,ET,ET,adopted,"[750, 4240, 4000, 4365]",,,
186r,M12,15,L,LY,L,adopted,"[750, 4240, 4000, 4365]",,,
186r,M12,16,E,ER,E,adopted,"[750, 4240, 4000, 4365]",,,
186r,M12,17,E,ER,R,adopted,"[750, 4240, 4000, 4365]",,,
186r,M12,18,E,ER,E,adopted,"[750, 4240, 4000, 4365]",,,
186r,M12,19,F,FS,F,adopted,"[750, 4240, 4000, 4365]",,,
186r,M12,20,H,HU,U,adopted,"[750, 4240, 4000, 4365]",,,
186r,M12,21,F,FS,S,adopted,"[750, 4240, 4000, 4365]",,,
186r,M12,22,QUI,QUI,QUI,adopted,"[750, 4240, 4000, 4365]",,,
186r,M12,23,M,MZ,M,adopted,"[750, 4240, 4000, 4365]",,,
186r,M12,24,E,ER,E,adopted,"[750, 4240, 4000, 4365]",,,
186r,M12,25,A,AN,N,adopted,"[750, 4240, 4000, 4365]",,,
186r,M12,26,F,FS,F,adopted,"[750, 4240, 4000, 4365]",,,
186r,M12,27,H,HU,U,adopted,"[750, 4240, 4000, 4365]",,,
186r,M12,28,F,FS,S,adopted,"[750, 4240, 4000, 4365]",,,
186r,M12,29,G,GT,T,adopted,"[750, 4240, 4000, 4365]",,,
186r,M12,30,F,FS,F,adopted,"[750, 4240, 4000, 4365]",,,
186r,M12,31,A,AN,A,adopted,"[750, 4240, 4000, 4365]",,,
186r,M12,32,I,IX,I,adopted,"[750, 4240, 4000, 4365]",,,
186r,M12,33,G,GT,T,adopted,"[750, 4240, 4000, 4365]",,,
186r,M12,34,A,AN,A,adopted,"[750, 4240, 4000, 4365]",,,
186r,M12,35,C,CP,P,adopted,"[750, 4240, 4000, 4365]",,,
186r,M12,36,E,ER,R,adopted,"[750, 4240, 4000, 4365]",,,
186r,M12,37,E,ER,E,adopted,"[750, 4240, 4000, 4365]",,,
186r,M12,38,F,FS,S,adopted,"[750, 4240, 4000, 4365]",,,
186r,M12,39,L,LY,L,adopted,"[750, 4240, 4000, 4365]",,,
186r,M12,40,E,ER,E,adopted,"[750, 4240, 4000, 4365]",,,
186r,M12,41,M,MZ,M,adopted,"[750, 4240, 4000, 4365]",,,
186r,M12,42,A,AN,A,adopted,"[750, 4240, 4000, 4365]",,,
186r,M12,43,E,ER,R,adopted,"[750, 4240, 4000, 4365]",,,
186r,M12,44,I,IX,I,adopted,"[750, 4240, 4000, 4365]",,,
186r,M12,45,A,AN,A,adopted,"[750, 4240, 4000, 4365]",,,
186r,M12,46,G,GT,G,adopted,"[750, 4240, 4000, 4365]",,,
186r,M12,47,E,ER,E,adopted,"[750, 4240, 4000, 4365]",,,
186r,M12,48,D,DQ,D,adopted,"[750, 4240, 4000, 4365]",,,
186r,M12,49,E,ER,E,adopted,"[750, 4240, 4000, 4365]",,,
186r,M12,50,XMM,,,unadopted,"[750, 4240, 4000, 4365]",,,
186r,M12,51,A,AN,A,adopted,"[750, 4240, 4000, 4365]",,,
186r,M12,52,H,HU,U,adopted,"[750, 4240, 4000, 4365]",,,
186r,M12,53,E,ER,E,adopted,"[750, 4240, 4000, 4365]",,,
186r,M12,54,C,CP,C,adopted,"[750, 4240, 4000, 4365]",,,
186r,M12,55,H,HU,U,adopted,"[750, 4240, 4000, 4365]",,,
186r,M12,56,A,AN,N,adopted,"[750, 4240, 4000, 4365]",,,
186r,M12,57,D,DQ,D,adopted,"[750, 4240, 4000, 4365]",,,
186r,M12,58,E,ER,E,adopted,"[750, 4240, 4000, 4365]",,,
186r,M12,59,A,AN,N,adopted,"[750, 4240, 4000, 4365]",,,
186r,M12,60,B,BO,O,adopted,"[750, 4240, 4000, 4365]",,,
186r,M12,61,F,FS,S,adopted,"[750, 4240, 4000, 4365]",,,
186r,M12,62,C,CP,P,adopted,"[750, 4240, 4000, 4365]",,,
186r,M12,63,E,ER,R,adopted,"[750, 4240, 4000, 4365]",,,
186r,M12,64,I,IX,I,adopted,"[750, 4240, 4000, 4365]",,,
186r,M13,1,A,AN,N,adopted,"[750, 4335, 4000, 4450]",,,
186r,M13,2,C,CP,C,adopted,"[750, 4335, 4000, 4450]",,,
186r,M13,3,E,ER,E,adopted,"[750, 4335, 4000, 4450]",,,
186r,M13,4,F,FS,S,adopted,"[750, 4335, 4000, 4450]",,,
186r,M13,5,D,DQ,D,adopted,"[750, 4335, 4000, 4450]",,,
186r,M13,6,E,ER,E,adopted,"[750, 4335, 4000, 4450]",,,
186r,M13,7,G,GT,T,adopted,"[750, 4335, 4000, 4450]",,,
186r,M13,8,B,BO,O,adopted,"[750, 4335, 4000, 4450]",,,
186r,M13,9,H,HU,U,adopted,"[750, 4335, 4000, 4450]",,,
186r,M13,10,G,GT,T,adopted,"[750, 4335, 4000, 4450]",,,
186r,M13,11,C,CP,P,adopted,"[750, 4335, 4000, 4450]",,,
186r,M13,12,B,BO,O,adopted,"[750, 4335, 4000, 4450]",,,
186r,M13,13,I,IX,I,adopted,"[750, 4335, 4000, 4450]",,,
186r,M13,14,A,AN,N,adopted,"[750, 4335, 4000, 4450]",,,
186r,M13,15,G,GT,T,adopted,"[750, 4335, 4000, 4450]",,,
186r,M13,16,B,BO,O,adopted,"[750, 4335, 4000, 4450]",,,
186r,M13,17,A,AN,N,adopted,"[750, 4335, 4000, 4450]",,,
186r,M13,18,M,MZ,M,adopted,"[750, 4335, 4000, 4450]",,,
186r,M13,19,E,ER,E,adopted,"[750, 4335, 4000, 4450]",,,
186r,M13,20,A,AN,N,adopted,"[750, 4335, 4000, 4450]",,,
186r,M13,21,F,FS,F,adopted,"[750, 4335, 4000, 4450]",,,
186r,M13,22,I,IX,I,adopted,"[750, 4335, 4000, 4450]",,,
186r,M13,23,F,FS,S,adopted,"[750, 4335, 4000, 4450]",,,
186r,M13,24,G,GT,T,adopted,"[750, 4335, 4000, 4450]",,,
186r,M13,25,E,ER,R,adopted,"[750, 4335, 4000, 4450]",,,
186r,M13,26,E,ER,E,adopted,"[750, 4335, 4000, 4450]",,,
186r,M13,27,F,FS,F,adopted,"[750, 4335, 4000, 4450]",,,
186r,M13,28,H,HU,U,adopted,"[750, 4335, 4000, 4450]",,,
186r,M13,29,F,FS,S,adopted,"[750, 4335, 4000, 4450]",,,
186r,M13,30,F,FS,S,adopted,"[750, 4335, 4000, 4450]",,,
186r,M13,31,E,ER,E,adopted,"[750, 4335, 4000, 4450]",,,
186r,M13,32,A,AN,N,adopted,"[750, 4335, 4000, 4450]",,,
186r,M13,33,E,ER,R,adopted,"[750, 4335, 4000, 4450]",,,
186r,M13,34,E,ER,E,adopted,"[750, 4335, 4000, 4450]",,,
186r,M13,35,M,MZ,M,adopted,"[750, 4335, 4000, 4450]",,,
186r,M13,36,E,ER,E,adopted,"[750, 4335, 4000, 4450]",,,
186r,M13,37,G,GT,T,adopted,"[750, 4335, 4000, 4450]",,,
186r,M13,38,G,GT,T,adopted,"[750, 4335, 4000, 4450]",,,
186r,M13,39,A,AN,A,adopted,"[750, 4335, 4000, 4450]",,,
186r,M13,40,A,AN,N,adopted,"[750, 4335, 4000, 4450]",,,
186r,M13,41,G,GT,T,adopted,"[750, 4335, 4000, 4450]",,,
186r,M13,42,A,AN,A,adopted,"[750, 4335, 4000, 4450]",,,
186r,M13,43,X6,,,unadopted,"[750, 4335, 4000, 4450]",,,
186r,M13,44,X7,,,unadopted,"[750, 4335, 4000, 4450]",,,
186r,M13,45,ET,ET,ET,adopted,"[750, 4335, 4000, 4450]",,,
186r,M13,46,A,AN,A,adopted,"[750, 4335, 4000, 4450]",,,
186r,M13,47,H,HU,U,adopted,"[750, 4335, 4000, 4450]",,,
186r,M13,48,D,DQ,D,adopted,"[750, 4335, 4000, 4450]",,,
186r,M13,49,H,HU,U,adopted,"[750, 4335, 4000, 4450]",,,
186r,M13,50,C,CP,C,adopted,"[750, 4335, 4000, 4450]",,,
186r,M13,51,D,DQ,D,adopted,"[750, 4335, 4000, 4450]",,,
186r,M13,52,E,ER,E,adopted,"[750, 4335, 4000, 4450]",,,
186r,M13,53,F,FS,,unadopted,"[750, 4335, 4000, 4450]",,,
186r,M13,54,E,ER,,unadopted,"[750, 4335, 4000, 4450]",,,
186r,M13,55,I,IX,,unadopted,"[750, 4335, 4000, 4450]",,,
186r,M13,56,A,AN,,unadopted,"[750, 4335, 4000, 4450]",,,
186r,M13,57,B,BO,,unadopted,"[750, 4335, 4000, 4450]",,,
186r,M13,58,H,HU,,unadopted,"[750, 4335, 4000, 4450]",,,
186r,M13,59,I,IX,,unadopted,"[750, 4335, 4000, 4450]",,,
186r,M13,60,E,ER,,unadopted,"[750, 4335, 4000, 4450]",,,
186r,M13,61,C,CP,,unadopted,"[750, 4335, 4000, 4450]",,,
186r,M13,62,E,ER,,unadopted,"[750, 4335, 4000, 4450]",,,
186r,M13,63,C,CP,,unadopted,"[750, 4335, 4000, 4450]",,,
186r,L01,1,F,FS,,unadopted,"[720, 4425, 4090, 4569]",,,
186r,L01,2,E,ER,,unadopted,"[720, 4425, 4090, 4569]",,,
186r,L01,3,A,AN,,unadopted,"[720, 4425, 4090, 4569]",,,
186r,L01,4,H,HU,,unadopted,"[720, 4425, 4090, 4569]",,,
186r,L01,5,B,BO,,unadopted,"[720, 4425, 4090, 4569]",,,
186r,L01,6,I,IX,,unadopted,"[720, 4425, 4090, 4569]",,,
186r,L01,7,E,ER,,unadopted,"[720, 4425, 4090, 4569]",,,
186r,L01,8,A,AN,,unadopted,"[720, 4425, 4090, 4569]",,,
186r,L01,9,F,FS,,unadopted,"[720, 4425, 4090, 4569]",,,
186r,L01,10,F,FS,,unadopted,"[720, 4425, 4090, 4569]",,,
186r,L01,11,E,ER,,unadopted,"[720, 4425, 4090, 4569]",,,
186r,L01,12,F,FS,,unadopted,"[720, 4425, 4090, 4569]",,,
186r,L01,13,F,FS,,unadopted,"[720, 4425, 4090, 4569]",,,
186r,L01,14,A,AN,,unadopted,"[720, 4425, 4090, 4569]",,,
186r,L01,15,I,IX,,unadopted,"[720, 4425, 4090, 4569]",,,
186r,L01,16,G,GT,,unadopted,"[720, 4425, 4090, 4569]",,,
186r,L01,17,C,CP,,unadopted,"[720, 4425, 4090, 4569]",,,
186r,L01,18,B,BO,,unadopted,"[720, 4425, 4090, 4569]",,,
186r,L01,19,G,GT,,unadopted,"[720, 4425, 4090, 4569]",,,
186r,L01,20,C,CP,,unadopted,"[720, 4425, 4090, 4569]",,,
186r,L01,21,B,BO,,unadopted,"[720, 4425, 4090, 4569]",,,
186r,L01,22,I,IX,,unadopted,"[720, 4425, 4090, 4569]",,,
186r,L01,23,F,FS,,unadopted,"[720, 4425, 4090, 4569]",,,
186r,L01,24,G,GT,,unadopted,"[720, 4425, 4090, 4569]",,,
186r,L01,25,E,ER,,unadopted,"[720, 4425, 4090, 4569]",,,
186r,L01,26,E,ER,,unadopted,"[720, 4425, 4090, 4569]",,,
186r,L01,27,QUE,QUE,QUE,adopted,"[720, 4425, 4090, 4569]",,,
186r,L01,28,I,IX,I,adopted,"[720, 4425, 4090, 4569]",,,
186r,L01,29,A,AN,A,adopted,"[720, 4425, 4090, 4569]",,,
186r,L01,30,M,MZ,M,adopted,"[720, 4425, 4090, 4569]",,,
186r,L01,31,A,AN,A,adopted,"[720, 4425, 4090, 4569]",,,
186r,L01,32,I,IX,I,adopted,"[720, 4425, 4090, 4569]",,,
186r,L01,33,F,FS,S,adopted,"[720, 4425, 4090, 4569]",,,
186r,L01,34,A,AN,,unadopted,"[720, 4425, 4090, 4569]",,,
186r,L01,35,A,AN,,unadopted,"[720, 4425, 4090, 4569]",,,
186r,L01,36,F,FS,,unadopted,"[720, 4425, 4090, 4569]",,,
186r,L01,37,A,AN,,unadopted,"[720, 4425, 4090, 4569]",,,
186r,L01,38,E,ER,,unadopted,"[720, 4425, 4090, 4569]",,,
186r,L01,39,D,DQ,,unadopted,"[720, 4425, 4090, 4569]",,,
186r,L01,40,E,ER,,unadopted,"[720, 4425, 4090, 4569]",,,
186r,L01,41,E,ER,,unadopted,"[720, 4425, 4090, 4569]",,,
186r,L01,42,I,IX,,unadopted,"[720, 4425, 4090, 4569]",,,
186r,L01,43,B,BO,,unadopted,"[720, 4425, 4090, 4569]",,,
186r,L01,44,A,AN,,unadopted,"[720, 4425, 4090, 4569]",,,
186r,L01,45,A,AN,N,adopted,"[720, 4425, 4090, 4569]",,,
186r,L01,46,B,BO,O,adopted,"[720, 4425, 4090, 4569]",,,
186r,L01,47,F,FS,S,adopted,"[720, 4425, 4090, 4569]",,,
186r,L01,48,G,GT,T,adopted,"[720, 4425, 4090, 4569]",,,
186r,L01,49,E,ER,R,adopted,"[720, 4425, 4090, 4569]",,,
186r,L01,50,E,ER,E,adopted,"[720, 4425, 4090, 4569]",,,
186r,L01,51,E,ER,R,adopted,"[720, 4425, 4090, 4569]",,,
186r,L01,52,E,ER,E,adopted,"[720, 4425, 4090, 4569]",,,
186r,L01,53,L,LY,L,adopted,"[720, 4425, 4090, 4569]",,,
186r,L01,54,I,IX,I,adopted,"[720, 4425, 4090, 4569]",,,
186r,L01,55,G,GT,G,adopted,"[720, 4425, 4090, 4569]",,,
186r,L01,56,I,IX,I,adopted,"[720, 4425, 4090, 4569]",,,
186r,L01,57,B,BO,O,adopted,"[720, 4425, 4090, 4569]",,,
186r,L01,58,A,AN,N,adopted,"[720, 4425, 4090, 4569]",,,
186r,L01,59,H,HU,H,adopted,"[720, 4425, 4090, 4569]",,,
186r,L01,60,B,BO,O,adopted,"[720, 4425, 4090, 4569]",,,
186r,L01,61,A,AN,N,adopted,"[720, 4425, 4090, 4569]",,,
186r,L01,62,A,AN,N,adopted,"[720, 4425, 4090, 4569]",,,
186r,L01,63,E,ER,E,adopted,"[720, 4425, 4090, 4569]",,,
186r,L01,64,H,HU,U,adopted,"[720, 4425, 4090, 4569]",,,
186r,L02,1,E,ER,R,adopted,"[720, 4524, 4090, 4668]",,,
186r,L02,2,F,FS,S,adopted,"[720, 4524, 4090, 4668]",,,
186r,L02,3,ET,ET,ET,adopted,"[720, 4524, 4090, 4668]",,,
186r,L02,4,B,BO,B,adopted,"[720, 4524, 4090, 4668]",,,
186r,L02,5,I,IX,I,adopted,"[720, 4524, 4090, 4668]",,,
186r,L02,6,E,ER,E,adopted,"[720, 4524, 4090, 4668]",,,
186r,L02,7,A,AN,N,adopted,"[720, 4524, 4090, 4668]",,,
186r,L02,8,F,FS,S,adopted,"[720, 4524, 4090, 4668]",,,
186r,L02,9,F,FS,S,adopted,"[720, 4524, 4090, 4668]",,,
186r,L02,10,A,AN,A,adopted,"[720, 4524, 4090, 4668]",,,
186r,L02,11,A,AN,N,adopted,"[720, 4524, 4090, 4668]",,,
186r,L02,12,F,FS,S,adopted,"[720, 4524, 4090, 4668]",,,
186r,L02,13,E,ER,E,adopted,"[720, 4524, 4090, 4668]",,,
186r,L02,14,F,FS,S,adopted,"[720, 4524, 4090, 4668]",,,
186r,L02,15,G,GT,T,adopted,"[720, 4524, 4090, 4668]",,,
186r,L02,16,E,ER,R,adopted,"[720, 4524, 4090, 4668]",,,
186r,L02,17,E,ER,E,adopted,"[720, 4524, 4090, 4668]",,,
186r,L02,18,A,AN,A,adopted,"[720, 4524, 4090, 4668]",,,
186r,L02,19,H,HU,U,adopted,"[720, 4524, 4090, 4668]",,,
186r,L02,20,G,GT,T,adopted,"[720, 4524, 4090, 4668]",,,
186r,L02,21,E,ER,R,adopted,"[720, 4524, 4090, 4668]",,,
186r,L02,22,E,ER,E,adopted,"[720, 4524, 4090, 4668]",,,
186r,L02,23,M,MZ,M,adopted,"[720, 4524, 4090, 4668]",,,
186r,L02,24,E,ER,E,adopted,"[720, 4524, 4090, 4668]",,,
186r,L02,25,A,AN,N,adopted,"[720, 4524, 4090, 4668]",,,
186r,L02,26,G,GT,T,adopted,"[720, 4524, 4090, 4668]",,,
186r,L02,27,A,AN,A,adopted,"[720, 4524, 4090, 4668]",,,
186r,L02,28,F,FS,S,adopted,"[720, 4524, 4090, 4668]",,,
186r,L02,29,F,FS,S,adopted,"[720, 4524, 4090, 4668]",,,
186r,L02,30,E,ER,E,adopted,"[720, 4524, 4090, 4668]",,,
186r,L02,31,H,HU,U,adopted,"[720, 4524, 4090, 4668]",,,
186r,L02,32,E,ER,R,adopted,"[720, 4524, 4090, 4668]",,,
186r,L02,33,E,ER,E,adopted,"[720, 4524, 4090, 4668]",,,
186r,L02,34,F,FS,S,adopted,"[720, 4524, 4090, 4668]",,,
186r,L02,35,ET,ET,ET,adopted,"[720, 4524, 4090, 4668]",,,
186r,L02,36,QUE,QUE,QUE,adopted,"[720, 4524, 4090, 4668]",,,
186r,L02,37,X,,,unadopted,"[720, 4524, 4090, 4668]",,,
186r,L02,38,A,AN,,unadopted,"[720, 4524, 4090, 4668]",,,
186r,L02,39,E,ER,,unadopted,"[720, 4524, 4090, 4668]",,,
186r,L02,40,X,,,unadopted,"[720, 4524, 4090, 4668]",,,
186r,L02,41,L,LY,,unadopted,"[720, 4524, 4090, 4668]",,,
186r,L02,42,A,AN,,unadopted,"[720, 4524, 4090, 4668]",,,
186r,L02,43,F,FS,,unadopted,"[720, 4524, 4090, 4668]",,,
186r,L02,44,G,GT,,unadopted,"[720, 4524, 4090, 4668]",,,
186r,L02,45,C,CP,P,adopted,"[720, 4524, 4090, 4668]",,,
186r,L02,46,L,LY,L,adopted,"[720, 4524, 4090, 4668]",,,
186r,L02,47,H,HU,U,adopted,"[720, 4524, 4090, 4668]",,,
186r,L02,48,F,FS,S,adopted,"[720, 4524, 4090, 4668]",,,
186r,L02,49,C,CP,C,adopted,"[720, 4524, 4090, 4668]",,,
186r,L02,50,L,LY,L,adopted,"[720, 4524, 4090, 4668]",,,
186r,L02,51,A,AN,A,adopted,"[720, 4524, 4090, 4668]",,,
186r,L02,52,I,IX,I,adopted,"[720, 4524, 4090, 4668]",,,
186r,L02,53,E,ER,R,adopted,"[720, 4524, 4090, 4668]",,,
186r,L02,54,C,CP,P,adopted,"[720, 4524, 4090, 4668]",,,
186r,L02,55,A,AN,A,adopted,"[720, 4524, 4090, 4668]",,,
186r,L02,56,E,ER,R,adopted,"[720, 4524, 4090, 4668]",,,
186r,L02,57,D,DQ,D,adopted,"[720, 4524, 4090, 4668]",,,
186r,L02,58,A,AN,A,adopted,"[720, 4524, 4090, 4668]",,,
186r,L02,59,H,HU,U,adopted,"[720, 4524, 4090, 4668]",,,
186r,L02,60,G,GT,T,adopted,"[720, 4524, 4090, 4668]",,,
186r,L02,61,E,ER,R,adopted,"[720, 4524, 4090, 4668]",,,
186r,L02,62,E,ER,E,adopted,"[720, 4524, 4090, 4668]",,,
186r,L02,63,F,FS,S,adopted,"[720, 4524, 4090, 4668]",,,
186r,L02,64,A,AN,A,adopted,"[720, 4524, 4090, 4668]",,,
186r,L02,65,F,FS,S,adopted,"[720, 4524, 4090, 4668]",,,
186r,L02,66,F,FS,S,adopted,"[720, 4524, 4090, 4668]",,,
186r,L02,67,E,ER,E,adopted,"[720, 4524, 4090, 4668]",,,
186r,L02,68,H,HU,U,adopted,"[720, 4524, 4090, 4668]",,,
186r,L03,1,E,ER,R,adopted,"[720, 4623, 4090, 4767]",,,
186r,L03,2,A,AN,A,adopted,"[720, 4623, 4090, 4767]",,,
186r,L03,3,A,AN,N,adopted,"[720, 4623, 4090, 4767]",,,
186r,L03,4,C,CP,C,adopted,"[720, 4623, 4090, 4767]",,,
186r,L03,5,E,ER,E,adopted,"[720, 4623, 4090, 4767]",,,
186r,L03,6,F,FS,S,adopted,"[720, 4623, 4090, 4767]",,,
186r,L03,7,QUE,QUE,QUE,adopted,"[720, 4623, 4090, 4767]",,,
186r,L03,8,C,CP,C,adopted,"[720, 4623, 4090, 4767]",,,
186r,L03,9,E,ER,E,adopted,"[720, 4623, 4090, 4767]",,,
186r,L03,10,L,LY,L,adopted,"[720, 4623, 4090, 4767]",,,
186r,L03,11,L,LY,L,adopted,"[720, 4623, 4090, 4767]",,,
186r,L03,12,E,ER,E,adopted,"[720, 4623, 4090, 4767]",,,
186r,L03,13,A,AN,N,adopted,"[720, 4623, 4090, 4767]",,,
186r,L03,14,B,BO,O,adopted,"[720, 4623, 4090, 4767]",,,
186r,L03,15,H,HU,U,adopted,"[720, 4623, 4090, 4767]",,,
186r,L03,16,F,FS,S,adopted,"[720, 4623, 4090, 4767]",,,
186r,L03,17,A,AN,N,adopted,"[720, 4623, 4090, 4767]",,,
186r,L03,18,E,ER,E,adopted,"[720, 4623, 4090, 4767]",,,
186r,L03,19,A,AN,N,adopted,"[720, 4623, 4090, 4767]",,,
186r,L03,20,H,HU,U,adopted,"[720, 4623, 4090, 4767]",,,
186r,L03,21,B,BO,O,adopted,"[720, 4623, 4090, 4767]",,,
186r,L03,22,H,HU,U,adopted,"[720, 4623, 4090, 4767]",,,
186r,L03,23,L,LY,L,adopted,"[720, 4623, 4090, 4767]",,,
186r,L03,24,B,BO,O,adopted,"[720, 4623, 4090, 4767]",,,
186r,L03,25,A,AN,N,adopted,"[720, 4623, 4090, 4767]",,,
186r,L03,26,F,FS,S,adopted,"[720, 4623, 4090, 4767]",,,
186r,L03,27,C,CP,P,adopted,"[720, 4623, 4090, 4767]",,,
186r,L03,28,B,BO,O,adopted,"[720, 4623, 4090, 4767]",,,
186r,L03,29,I,IX,I,adopted,"[720, 4623, 4090, 4767]",,,
186r,L03,30,A,AN,N,adopted,"[720, 4623, 4090, 4767]",,,
186r,L03,31,G,GT,T,adopted,"[720, 4623, 4090, 4767]",,,
186r,L03,32,E,ER,E,adopted,"[720, 4623, 4090, 4767]",,,
186r,L03,33,A,AN,N,adopted,"[720, 4623, 4090, 4767]",,,
186r,L03,34,E,ER,E,adopted,"[720, 4623, 4090, 4767]",,,
186r,L03,35,F,FS,S,adopted,"[720, 4623, 4090, 4767]",,,
186r,L03,36,G,GT,T,adopted,"[720, 4623, 4090, 4767]",,,
186r,L03,37,A,AN,A,adopted,"[720, 4623, 4090, 4767]",,,
186r,L03,38,A,AN,N,adopted,"[720, 4623, 4090, 4767]",,,
186r,L03,39,G,GT,T,adopted,"[720, 4623, 4090, 4767]",,,
186r,L03,40,L,LY,L,adopted,"[720, 4623, 4090, 4767]",,,
186r,L03,41,A,AN,A,adopted,"[720, 4623, 4090, 4767]",,,
186r,L03,42,C,CP,P,adopted,"[720, 4623, 4090, 4767]",,,
186r,L03,43,L,LY,L,adopted,"[720, 4623, 4090, 4767]",,,
186r,L03,44,H,HU,U,adopted,"[720, 4623, 4090, 4767]",,,
186r,L03,45,F,FS,S,adopted,"[720, 4623, 4090, 4767]",,,
186r,L03,46,I,IX,I,adopted,"[720, 4623, 4090, 4767]",,,
186r,L03,47,A,AN,N,adopted,"[720, 4623, 4090, 4767]",,,
186r,L03,48,G,GT,T,adopted,"[720, 4623, 4090, 4767]",,,
186r,L03,49,E,ER,E,adopted,"[720, 4623, 4090, 4767]",,,
186r,L03,50,E,ER,R,adopted,"[720, 4623, 4090, 4767]",,,
186r,L03,51,E,ER,E,adopted,"[720, 4623, 4090, 4767]",,,
186r,L03,52,F,FS,S,adopted,"[720, 4623, 4090, 4767]",,,
186r,L03,53,F,FS,S,adopted,"[720, 4623, 4090, 4767]",,,
186r,L03,54,E,ER,E,adopted,"[720, 4623, 4090, 4767]",,,
186r,L03,55,E,ER,E,adopted,"[720, 4623, 4090, 4767]",,,
186r,L03,56,QUE,QUE,,unadopted,"[720, 4623, 4090, 4767]",,,
186r,L03,57,L,LY,,unadopted,"[720, 4623, 4090, 4767]",,,
186r,L03,58,B,BO,,unadopted,"[720, 4623, 4090, 4767]",,,
186r,L03,59,A,AN,,unadopted,"[720, 4623, 4090, 4767]",,,
186r,L03,60,A,AN,,unadopted,"[720, 4623, 4090, 4767]",,,
186r,L03,61,E,ER,,unadopted,"[720, 4623, 4090, 4767]",,,
186r,L03,62,F,FS,,unadopted,"[720, 4623, 4090, 4767]",,,
186r,L03,63,E,ER,,unadopted,"[720, 4623, 4090, 4767]",,,
186r,L03,64,B,BO,,unadopted,"[720, 4623, 4090, 4767]",,,
186r,L03,65,I,IX,,unadopted,"[720, 4623, 4090, 4767]",,,
186r,L04,1,G,GT,T,adopted,"[720, 4722, 4090, 4866]",,,
186r,L04,2,C,CP,P,adopted,"[720, 4722, 4090, 4866]",,,
186r,L04,3,A,AN,A,adopted,"[720, 4722, 4090, 4866]",,,
186r,L04,4,F,FS,S,adopted,"[720, 4722, 4090, 4866]",,,
186r,L04,5,POUR,POUR,POUR,adopted,"[720, 4722, 4090, 4866]",,,
186r,L04,6,F,FS,F,adopted,"[720, 4722, 4090, 4866]",,,
186r,L04,7,A,AN,A,adopted,"[720, 4722, 4090, 4866]",,,
186r,L04,8,I,IX,I,adopted,"[720, 4722, 4090, 4866]",,,
186r,L04,9,E,ER,R,adopted,"[720, 4722, 4090, 4866]",,,
186r,L04,10,E,ER,E,adopted,"[720, 4722, 4090, 4866]",,,
186r,L04,11,M,MZ,M,adopted,"[720, 4722, 4090, 4866]",,,
186r,L04,12,I,IX,I,adopted,"[720, 4722, 4090, 4866]",,,
186r,L04,13,E,ER,E,adopted,"[720, 4722, 4090, 4866]",,,
186r,L04,14,H,HU,U,adopted,"[720, 4722, 4090, 4866]",,,
186r,L04,15,L,LY,L,adopted,"[720, 4722, 4090, 4866]",,,
186r,L04,16,I,IX,X,adopted,"[720, 4722, 4090, 4866]",,,
186r,L04,17,A,AN,A,adopted,"[720, 4722, 4090, 4866]",,,
186r,L04,18,L,LY,L,adopted,"[720, 4722, 4090, 4866]",,,
186r,L04,19,A,AN,A,adopted,"[720, 4722, 4090, 4866]",,,
186r,L04,20,D,DQ,D,adopted,"[720, 4722, 4090, 4866]",,,
186r,L04,21,H,HU,U,adopted,"[720, 4722, 4090, 4866]",,,
186r,L04,22,E,ER,E,adopted,"[720, 4722, 4090, 4866]",,,
186r,L04,23,A,AN,N,adopted,"[720, 4722, 4090, 4866]",,,
186r,L04,24,I,IX,I,adopted,"[720, 4722, 4090, 4866]",,,
186r,L04,25,E,ER,R,adopted,"[720, 4722, 4090, 4866]",,,
186r,L04,26,QUE,QUE,QUE,adopted,"[720, 4722, 4090, 4866]",,,
186r,L04,27,X,,,unadopted,"[720, 4722, 4090, 4866]",,,
186r,L04,28,L,LY,L,adopted,"[720, 4722, 4090, 4866]",,,
186r,L04,29,E,ER,E,adopted,"[720, 4722, 4090, 4866]",,,
186r,L04,30,C,CP,P,adopted,"[720, 4722, 4090, 4866]",,,
186r,L04,31,A,AN,A,adopted,"[720, 4722, 4090, 4866]",,,
186r,L04,32,F,FS,S,adopted,"[720, 4722, 4090, 4866]",,,
186r,L04,33,F,FS,S,adopted,"[720, 4722, 4090, 4866]",,,
186r,L04,34,E,ER,E,adopted,"[720, 4722, 4090, 4866]",,,
186r,L04,35,ET,ET,ET,adopted,"[720, 4722, 4090, 4866]",,,
186r,L04,36,E,ER,E,adopted,"[720, 4722, 4090, 4866]",,,
186r,L04,37,H,HU,U,adopted,"[720, 4722, 4090, 4866]",,,
186r,L04,38,F,FS,S,adopted,"[720, 4722, 4090, 4866]",,,
186r,L04,39,F,FS,S,adopted,"[720, 4722, 4090, 4866]",,,
186r,L04,40,E,ER,E,adopted,"[720, 4722, 4090, 4866]",,,
186r,L04,41,E,ER,E,adopted,"[720, 4722, 4090, 4866]",,,
186r,L04,42,F,FS,S,adopted,"[720, 4722, 4090, 4866]",,,
186r,L04,43,G,GT,T,adopted,"[720, 4722, 4090, 4866]",,,
186r,L04,44,E,ER,E,adopted,"[720, 4722, 4090, 4866]",,,
186r,L04,45,B,BO,B,adopted,"[720, 4722, 4090, 4866]",,,
186r,L04,46,I,IX,I,adopted,"[720, 4722, 4090, 4866]",,,
186r,L04,47,E,ER,E,adopted,"[720, 4722, 4090, 4866]",,,
186r,L04,48,A,AN,N,adopted,"[720, 4722, 4090, 4866]",,,
186r,L04,49,I,IX,I,adopted,"[720, 4722, 4090, 4866]",,,
186r,L04,50,M,MZ,M,adopted,"[720, 4722, 4090, 4866]",,,
186r,L04,51,C,CP,P,adopted,"[720, 4722, 4090, 4866]",,,
186r,L04,52,E,ER,R,adopted,"[720, 4722, 4090, 4866]",,,
186r,L04,53,H,HU,U,adopted,"[720, 4722, 4090, 4866]",,,
186r,L04,54,D,DQ,D,adopted,"[720, 4722, 4090, 4866]",,,
186r,L04,55,E,ER,E,adopted,"[720, 4722, 4090, 4866]",,,
186r,L04,56,A,AN,N,adopted,"[720, 4722, 4090, 4866]",,,
186r,L04,57,G,GT,T,adopted,"[720, 4722, 4090, 4866]",,,
186r,L04,58,D,DQ,D,adopted,"[720, 4722, 4090, 4866]",,,
186r,L04,59,E,ER,E,adopted,"[720, 4722, 4090, 4866]",,,
186r,L04,60,A,AN,N,adopted,"[720, 4722, 4090, 4866]",,,
186r,L04,61,H,HU,U,adopted,"[720, 4722, 4090, 4866]",,,
186r,L04,62,F,FS,S,adopted,"[720, 4722, 4090, 4866]",,,
186r,L04,63,E,ER,E,adopted,"[720, 4722, 4090, 4866]",,,
186r,L04,64,E,ER,R,adopted,"[720, 4722, 4090, 4866]",,,
186r,L04,65,A,AN,A,adopted,"[720, 4722, 4090, 4866]",,,
186r,L04,66,H,HU,U,adopted,"[720, 4722, 4090, 4866]",,,
186r,L05,1,G,GT,T,adopted,"[720, 4821, 4090, 4965]",,,
186r,L05,2,E,ER,R,adopted,"[720, 4821, 4090, 4965]",,,
186r,L05,3,E,ER,E,adopted,"[720, 4821, 4090, 4965]",,,
186r,L05,4,M,MZ,M,adopted,"[720, 4821, 4090, 4965]",,,
186r,L05,5,E,ER,E,adopted,"[720, 4821, 4090, 4965]",,,
186r,L05,6,A,AN,N,adopted,"[720, 4821, 4090, 4965]",,,
186r,L05,7,G,GT,T,adopted,"[720, 4821, 4090, 4965]",,,
186r,L05,8,M,MZ,M,adopted,"[720, 4821, 4090, 4965]",,,
186r,L05,9,B,BO,O,adopted,"[720, 4821, 4090, 4965]",,,
186r,L05,10,L,LY,Y,adopted,"[720, 4821, 4090, 4965]",,,
186r,L05,11,QUI,QUI,QUI,adopted,"[720, 4821, 4090, 4965]",,,
186r,L05,12,C,CP,C,adopted,"[720, 4821, 4090, 4965]",,,
186r,L05,13,B,BO,O,adopted,"[720, 4821, 4090, 4965]",,,
186r,L05,14,G,GT,G,adopted,"[720, 4821, 4090, 4965]",,,
186r,L05,15,A,AN,N,adopted,"[720, 4821, 4090, 4965]",,,
186r,L05,16,B,BO,O,adopted,"[720, 4821, 4090, 4965]",,,
186r,L05,17,I,IX,I,adopted,"[720, 4821, 4090, 4965]",,,
186r,L05,18,F,FS,S,adopted,"[720, 4821, 4090, 4965]",,,
186r,L05,19,G,GT,T,adopted,"[720, 4821, 4090, 4965]",,,
186r,L05,20,L,LY,L,adopted,"[720, 4821, 4090, 4965]",,,
186r,L05,21,E,ER,E,adopted,"[720, 4821, 4090, 4965]",,,
186r,L05,22,F,FS,S,adopted,"[720, 4821, 4090, 4965]",,,
186r,L05,23,E,ER,E,adopted,"[720, 4821, 4090, 4965]",,,
186r,L05,24,F,FS,S,adopted,"[720, 4821, 4090, 4965]",,,
186r,L05,25,C,CP,P,adopted,"[720, 4821, 4090, 4965]",,,
186r,L05,26,A,AN,A,adopted,"[720, 4821, 4090, 4965]",,,
186r,L05,27,G,GT,G,adopted,"[720, 4821, 4090, 4965]",,,
186r,L05,28,A,AN,N,adopted,"[720, 4821, 4090, 4965]",,,
186r,L05,29,B,BO,O,adopted,"[720, 4821, 4090, 4965]",,,
186r,L05,30,L,LY,L,adopted,"[720, 4821, 4090, 4965]",,,
186r,L05,31,F,FS,S,adopted,"[720, 4821, 4090, 4965]",,,
186r,L05,32,QUI,QUI,QUI,adopted,"[720, 4821, 4090, 4965]",,,
186r,L05,33,M,MZ,M,adopted,"[720, 4821, 4090, 4965]",,,
186r,L05,34,E,ER,E,adopted,"[720, 4821, 4090, 4965]",,,
186r,L05,35,F,FS,F,adopted,"[720, 4821, 4090, 4965]",,,
186r,L05,36,E,ER,E,adopted,"[720, 4821, 4090, 4965]",,,
186r,L05,37,I,IX,I,adopted,"[720, 4821, 4090, 4965]",,,
186r,L05,38,F,FS,S,adopted,"[720, 4821, 4090, 4965]",,,
186r,L05,39,G,GT,T,adopted,"[720, 4821, 4090, 4965]",,,
186r,L05,40,E,ER,R,adopted,"[720, 4821, 4090, 4965]",,,
186r,L05,41,E,ER,E,adopted,"[720, 4821, 4090, 4965]",,,
186r,L05,42,I,IX,I,adopted,"[720, 4821, 4090, 4965]",,,
186r,L05,43,E,ER,E,adopted,"[720, 4821, 4090, 4965]",,,
186r,L05,44,C,CP,C,adopted,"[720, 4821, 4090, 4965]",,,
186r,L05,45,G,GT,T,adopted,"[720, 4821, 4090, 4965]",,,
186r,L05,46,E,ER,E,adopted,"[720, 4821, 4090, 4965]",,,
186r,L05,47,E,ER,R,adopted,"[720, 4821, 4090, 4965]",,,
186r,L05,48,C,CP,C,adopted,"[720, 4821, 4090, 4965]",,,
186r,L05,49,E,ER,E,adopted,"[720, 4821, 4090, 4965]",,,
186r,L05,50,F,FS,S,adopted,"[720, 4821, 4090, 4965]",,,
186r,L05,51,H,HU,U,adopted,"[720, 4821, 4090, 4965]",,,
186r,L05,52,I,IX,I,adopted,"[720, 4821, 4090, 4965]",,,
186r,L05,53,E,ER,E,adopted,"[720, 4821, 4090, 4965]",,,
186r,L05,54,C,CP,C,adopted,"[720, 4821, 4090, 4965]",,,
186r,L05,55,G,GT,T,adopted,"[720, 4821, 4090, 4965]",,,
186r,L05,56,QUI,QUI,QUI,adopted,"[720, 4821, 4090, 4965]",,,
186r,L05,57,M,MZ,M,adopted,"[720, 4821, 4090, 4965]",,,
186r,L05,58,E,ER,E,adopted,"[720, 4821, 4090, 4965]",,,
186r,L05,59,F,FS,F,adopted,"[720, 4821, 4090, 4965]",,,
186r,L05,60,H,HU,U,adopted,"[720, 4821, 4090, 4965]",,,
186r,L05,61,F,FS,S,adopted,"[720, 4821, 4090, 4965]",,,
186r,L05,62,G,GT,T,adopted,"[720, 4821, 4090, 4965]",,,
186r,L06,1,C,CP,P,adopted,"[720, 4920, 4090, 5074]",,,
186r,L06,2,E,ER,R,adopted,"[720, 4920, 4090, 5074]",,,
186r,L06,3,B,BO,O,adopted,"[720, 4920, 4090, 5074]",,,
186r,L06,4,C,CP,P,adopted,"[720, 4920, 4090, 5074]",,,
186r,L06,5,B,BO,O,adopted,"[720, 4920, 4090, 5074]",,,
186r,L06,6,F,FS,S,adopted,"[720, 4920, 4090, 5074]",,,
186r,L06,7,E,ER,E,adopted,"[720, 4920, 4090, 5074]",,,
186r,L06,8,D,DQ,D,adopted,"[720, 4920, 4090, 5074]",,,
186r,L06,9,E,ER,E,adopted,"[720, 4920, 4090, 5074]",,,
186r,L06,10,X,,,unadopted,"[720, 4920, 4090, 5074]",,,
186r,L06,11,QUE,QUE,QUE,adopted,"[720, 4920, 4090, 5074]",,,
186r,L06,12,A,AN,A,adopted,"[720, 4920, 4090, 5074]",,,
186r,L06,13,L,LY,L,adopted,"[720, 4920, 4090, 5074]",,,
186r,L06,14,A,AN,A,adopted,"[720, 4920, 4090, 5074]",,,
186r,L06,15,H,HU,U,adopted,"[720, 4920, 4090, 5074]",,,
186r,L06,16,E,ER,E,adopted,"[720, 4920, 4090, 5074]",,,
186r,L06,17,E,ER,R,adopted,"[720, 4920, 4090, 5074]",,,
186r,L06,18,I,IX,I,adopted,"[720, 4920, 4090, 5074]",,,
186r,L06,19,G,GT,T,adopted,"[720, 4920, 4090, 5074]",,,
186r,L06,20,E,ER,E,adopted,"[720, 4920, 4090, 5074]",,,
186r,L06,21,E,ER,E,adopted,"[720, 4920, 4090, 5074]",,,
186r,L06,22,H,HU,U,adopted,"[720, 4920, 4090, 5074]",,,
186r,L06,23,F,FS,S,adopted,"[720, 4920, 4090, 5074]",,,
186r,L06,24,G,GT,T,adopted,"[720, 4920, 4090, 5074]",,,
186r,L06,25,E,ER,E,adopted,"[720, 4920, 4090, 5074]",,,
186r,L06,26,F,FS,S,adopted,"[720, 4920, 4090, 5074]",,,
186r,L06,27,G,GT,T,adopted,"[720, 4920, 4090, 5074]",,,
186r,L06,28,E,ER,E,adopted,"[720, 4920, 4090, 5074]",,,
186r,L06,29,L,LY,L,adopted,"[720, 4920, 4090, 5074]",,,
186r,L06,30,E,ER,E,adopted,"[720, 4920, 4090, 5074]",,,
186r,L06,31,M,MZ,M,adopted,"[720, 4920, 4090, 5074]",,,
186r,L06,32,E,ER,E,adopted,"[720, 4920, 4090, 5074]",,,
186r,L06,33,I,IX,I,adopted,"[720, 4920, 4090, 5074]",,,
186r,L06,34,L,LY,L,adopted,"[720, 4920, 4090, 5074]",,,
186r,L06,35,L,LY,L,adopted,"[720, 4920, 4090, 5074]",,,
186r,L06,36,E,ER,E,adopted,"[720, 4920, 4090, 5074]",,,
186r,L06,37,H,HU,U,adopted,"[720, 4920, 4090, 5074]",,,
186r,L06,38,E,ER,R,adopted,"[720, 4920, 4090, 5074]",,,
186r,L06,39,M,MZ,M,adopted,"[720, 4920, 4090, 5074]",,,
186r,L06,40,A,AN,A,adopted,"[720, 4920, 4090, 5074]",,,
186r,L06,41,I,IX,I,adopted,"[720, 4920, 4090, 5074]",,,
186r,L06,42,F,FS,S,adopted,"[720, 4920, 4090, 5074]",,,
186r,L06,43,I,IX,I,adopted,"[720, 4920, 4090, 5074]",,,
186r,L06,44,L,LY,L,adopted,"[720, 4920, 4090, 5074]",,,
186r,L06,45,L,LY,Y,adopted,"[720, 4920, 4090, 5074]",,,
186r,L06,46,F,FS,F,adopted,"[720, 4920, 4090, 5074]",,,
186r,L06,47,A,AN,A,adopted,"[720, 4920, 4090, 5074]",,,
186r,L06,48,L,LY,L,adopted,"[720, 4920, 4090, 5074]",,,
186r,L06,49,B,BO,O,adopted,"[720, 4920, 4090, 5074]",,,
186r,L06,50,I,IX,I,adopted,"[720, 4920, 4090, 5074]",,,
186r,L06,51,G,GT,T,adopted,"[720, 4920, 4090, 5074]",,,
186r,L06,52,H,HU,U,adopted,"[720, 4920, 4090, 5074]",,,
186r,L06,53,B,BO,O,adopted,"[720, 4920, 4090, 5074]",,,
186r,L06,54,I,IX,I,adopted,"[720, 4920, 4090, 5074]",,,
186r,L06,55,E,ER,R,adopted,"[720, 4920, 4090, 5074]",,,
186r,L06,56,H,HU,U,adopted,"[720, 4920, 4090, 5074]",,,
186r,L06,57,A,AN,N,adopted,"[720, 4920, 4090, 5074]",,,
186r,L06,58,E,ER,E,adopted,"[720, 4920, 4090, 5074]",,,
186r,L06,59,L,LY,L,adopted,"[720, 4920, 4090, 5074]",,,
186r,L06,60,H,HU,U,adopted,"[720, 4920, 4090, 5074]",,,
186r,L06,61,M,MZ,M,adopted,"[720, 4920, 4090, 5074]",,,
186r,L06,62,I,IX,I,adopted,"[720, 4920, 4090, 5074]",,,
186r,L06,63,E,ER,E,adopted,"[720, 4920, 4090, 5074]",,,
186r,L06,64,E,ER,R,adopted,"[720, 4920, 4090, 5074]",,,
186r,L06,65,E,ER,E,adopted,"[720, 4920, 4090, 5074]",,,
186r,L07,1,A,AN,A,adopted,"[720, 5019, 4090, 5173]",,,
186r,L07,2,F,FS,S,adopted,"[720, 5019, 4090, 5173]",,,
186r,L07,3,F,FS,S,adopted,"[720, 5019, 4090, 5173]",,,
186r,L07,4,E,ER,E,adopted,"[720, 5019, 4090, 5173]",,,
186r,L07,5,H,HU,U,adopted,"[720, 5019, 4090, 5173]",,,
186r,L07,6,E,ER,R,adopted,"[720, 5019, 4090, 5173]",,,
186r,L07,7,E,ER,E,adopted,"[720, 5019, 4090, 5173]",,,
186r,L07,8,E,ER,E,adopted,"[720, 5019, 4090, 5173]",,,
186r,L07,9,A,AN,A,adopted,"[720, 5019, 4090, 5173]",,,
186r,L07,10,H,HU,U,adopted,"[720, 5019, 4090, 5173]",,,
186r,L07,11,F,FS,S,adopted,"[720, 5019, 4090, 5173]",,,
186r,L07,12,F,FS,S,adopted,"[720, 5019, 4090, 5173]",,,
186r,L07,13,I,IX,I,adopted,"[720, 5019, 4090, 5173]",,,
186r,L07,14,B,BO,O,adopted,"[720, 5019, 4090, 5173]",,,
186r,L07,15,E,ER,R,adopted,"[720, 5019, 4090, 5173]",,,
186r,L07,16,E,ER,E,adopted,"[720, 5019, 4090, 5173]",,,
186r,L07,17,F,FS,S,adopted,"[720, 5019, 4090, 5173]",,,
186r,L07,18,QUE,QUE,QUE,adopted,"[720, 5019, 4090, 5173]",,,
186r,L07,19,M,MZ,M,adopted,"[720, 5019, 4090, 5173]",,,
186r,L07,20,B,BO,O,adopted,"[720, 5019, 4090, 5173]",,,
186r,L07,21,A,AN,N,adopted,"[720, 5019, 4090, 5173]",,,
186r,L07,22,CLEAR_ABBREVIATION,,,unadopted,"[720, 5019, 4090, 5173]",,,
186r,L07,23,G,GT,,unadopted,"[720, 5019, 4090, 5173]",,,
186r,L07,24,I,IX,,unadopted,"[720, 5019, 4090, 5173]",,,
186r,L07,25,F,FS,,unadopted,"[720, 5019, 4090, 5173]",,,
186r,L07,26,H,HU,,unadopted,"[720, 5019, 4090, 5173]",,,
186r,L07,27,F,FS,,unadopted,"[720, 5019, 4090, 5173]",,,
186r,L07,28,G,GT,,unadopted,"[720, 5019, 4090, 5173]",,,
186r,L07,29,H,HU,,unadopted,"[720, 5019, 4090, 5173]",,,
186r,L07,30,B,BO,,unadopted,"[720, 5019, 4090, 5173]",,,
186r,L07,31,H,HU,,unadopted,"[720, 5019, 4090, 5173]",,,
186r,L07,32,L,LY,,unadopted,"[720, 5019, 4090, 5173]",,,
186r,L07,33,H,HU,,unadopted,"[720, 5019, 4090, 5173]",,,
186r,L07,34,L,LY,,unadopted,"[720, 5019, 4090, 5173]",,,
186r,L07,35,A,AN,,unadopted,"[720, 5019, 4090, 5173]",,,
186r,L07,36,I,IX,,unadopted,"[720, 5019, 4090, 5173]",,,
186r,L07,37,F,FS,,unadopted,"[720, 5019, 4090, 5173]",,,
186r,L07,38,F,FS,,unadopted,"[720, 5019, 4090, 5173]",,,
186r,L07,39,E,ER,,unadopted,"[720, 5019, 4090, 5173]",,,
186r,L07,40,A,AN,,unadopted,"[720, 5019, 4090, 5173]",,,
186r,L07,41,L,LY,,unadopted,"[720, 5019, 4090, 5173]",,,
186r,L07,42,L,LY,,unadopted,"[720, 5019, 4090, 5173]",,,
186r,L07,43,E,ER,,unadopted,"[720, 5019, 4090, 5173]",,,
186r,L07,44,E,ER,,unadopted,"[720, 5019, 4090, 5173]",,,
186r,L07,45,I,IX,,unadopted,"[720, 5019, 4090, 5173]",,,
186r,L07,46,L,LY,,unadopted,"[720, 5019, 4090, 5173]",,,
186r,L07,47,A,AN,,unadopted,"[720, 5019, 4090, 5173]",,,
186r,L07,48,L,LY,,unadopted,"[720, 5019, 4090, 5173]",,,
186r,L07,49,E,ER,,unadopted,"[720, 5019, 4090, 5173]",,,
186r,L07,50,A,AN,,unadopted,"[720, 5019, 4090, 5173]",,,
186r,L07,51,A,AN,,unadopted,"[720, 5019, 4090, 5173]",,,
186r,L07,52,C,CP,,unadopted,"[720, 5019, 4090, 5173]",,,
186r,L07,53,B,BO,,unadopted,"[720, 5019, 4090, 5173]",,,
186r,L07,54,A,AN,,unadopted,"[720, 5019, 4090, 5173]",,,
186r,L07,55,G,GT,,unadopted,"[720, 5019, 4090, 5173]",,,
186r,L07,56,QUI,QUI,,unadopted,"[720, 5019, 4090, 5173]",,,
186r,L07,57,L,LY,,unadopted,"[720, 5019, 4090, 5173]",,,
186r,L07,58,H,HU,,unadopted,"[720, 5019, 4090, 5173]",,,
186r,L07,59,L,LY,,unadopted,"[720, 5019, 4090, 5173]",,,
186r,L08,1,E,ER,E,adopted,"[720, 5118, 4090, 5272]",,,
186r,L08,2,H,HU,U,adopted,"[720, 5118, 4090, 5272]",,,
186r,L08,3,F,FS,S,adopted,"[720, 5118, 4090, 5272]",,,
186r,L08,4,G,GT,T,adopted,"[720, 5118, 4090, 5272]",,,
186r,L08,5,C,CP,P,adopted,"[720, 5118, 4090, 5272]",,,
186r,L08,6,L,LY,L,adopted,"[720, 5118, 4090, 5272]",,,
186r,L08,7,H,HU,U,adopted,"[720, 5118, 4090, 5272]",,,
186r,L08,8,F,FS,S,adopted,"[720, 5118, 4090, 5272]",,,
186r,L08,9,F,FS,F,adopted,"[720, 5118, 4090, 5272]",,,
186r,L08,10,A,AN,A,adopted,"[720, 5118, 4090, 5272]",,,
186r,L08,11,I,IX,I,adopted,"[720, 5118, 4090, 5272]",,,
186r,L08,12,G,GT,T,adopted,"[720, 5118, 4090, 5272]",,,
186r,L08,13,D,DQ,D,adopted,"[720, 5118, 4090, 5272]",,,
186r,L08,14,E,ER,E,adopted,"[720, 5118, 4090, 5272]",,,
186r,L08,15,E,ER,R,adopted,"[720, 5118, 4090, 5272]",,,
186r,L08,16,E,ER,E,adopted,"[720, 5118, 4090, 5272]",,,
186r,L08,17,F,FS,S,adopted,"[720, 5118, 4090, 5272]",,,
186r,L08,18,I,IX,I,adopted,"[720, 5118, 4090, 5272]",,,
186r,L08,19,F,FS,S,adopted,"[720, 5118, 4090, 5272]",,,
186r,L08,20,G,GT,T,adopted,"[720, 5118, 4090, 5272]",,,
186r,L08,21,A,AN,A,adopted,"[720, 5118, 4090, 5272]",,,
186r,L08,22,A,AN,N,adopted,"[720, 5118, 4090, 5272]",,,
186r,L08,23,C,CP,C,adopted,"[720, 5118, 4090, 5272]",,,
186r,L08,24,E,ER,E,adopted,"[720, 5118, 4090, 5272]",,,
186r,L08,25,QUE,QUE,QUE,adopted,"[720, 5118, 4090, 5272]",,,
186r,L08,26,M,MZ,M,adopted,"[720, 5118, 4090, 5272]",,,
186r,L08,27,B,BO,O,adopted,"[720, 5118, 4090, 5272]",,,
186r,L08,28,L,LY,Y,adopted,"[720, 5118, 4090, 5272]",,,
186r,L08,29,ET,ET,ET,adopted,"[720, 5118, 4090, 5272]",,,
186r,L08,30,B,BO,O,adopted,"[720, 5118, 4090, 5272]",,,
186r,L08,31,H,HU,U,adopted,"[720, 5118, 4090, 5272]",,,
186r,L08,32,E,ER,E,adopted,"[720, 5118, 4090, 5272]",,,
186r,L08,33,A,AN,N,adopted,"[720, 5118, 4090, 5272]",,,
186r,L08,34,F,FS,S,adopted,"[720, 5118, 4090, 5272]",,,
186r,L08,35,E,ER,E,adopted,"[720, 5118, 4090, 5272]",,,
186r,L08,36,E,ER,R,adopted,"[720, 5118, 4090, 5272]",,,
186r,L08,37,B,BO,O,adopted,"[720, 5118, 4090, 5272]",,,
186r,L08,38,I,IX,I,adopted,"[720, 5118, 4090, 5272]",,,
186r,L08,39,G,GT,T,adopted,"[720, 5118, 4090, 5272]",,,
186r,L08,40,I,IX,I,adopted,"[720, 5118, 4090, 5272]",,,
186r,L08,41,L,LY,L,adopted,"[720, 5118, 4090, 5272]",,,
186r,L08,42,M,MZ,M,adopted,"[720, 5118, 4090, 5272]",,,
186r,L08,43,A,AN,A,adopted,"[720, 5118, 4090, 5272]",,,
186r,L08,44,I,IX,I,adopted,"[720, 5118, 4090, 5272]",,,
186r,L08,45,A,AN,N,adopted,"[720, 5118, 4090, 5272]",,,
186r,L08,46,G,GT,T,adopted,"[720, 5118, 4090, 5272]",,,
186r,L08,47,E,ER,E,adopted,"[720, 5118, 4090, 5272]",,,
186r,L08,48,A,AN,N,adopted,"[720, 5118, 4090, 5272]",,,
186r,L08,49,A,AN,A,adopted,"[720, 5118, 4090, 5272]",,,
186r,L08,50,G,GT,T,adopted,"[720, 5118, 4090, 5272]",,,
186r,L08,51,F,FS,S,adopted,"[720, 5118, 4090, 5272]",,,
186r,L08,52,E,ER,E,adopted,"[720, 5118, 4090, 5272]",,,
186r,L08,53,F,FS,S,adopted,"[720, 5118, 4090, 5272]",,,
186r,L08,54,E,ER,E,adopted,"[720, 5118, 4090, 5272]",,,
186r,L08,55,A,AN,N,adopted,"[720, 5118, 4090, 5272]",,,
186r,L08,56,A,AN,N,adopted,"[720, 5118, 4090, 5272]",,,
186r,L08,57,E,ER,E,adopted,"[720, 5118, 4090, 5272]",,,
186r,L08,58,M,MZ,M,adopted,"[720, 5118, 4090, 5272]",,,
186r,L08,59,I,IX,I,adopted,"[720, 5118, 4090, 5272]",,,
186r,L09,1,F,FS,,unadopted,"[720, 5170, 4090, 5317]",,,
186r,L09,2,B,BO,,unadopted,"[720, 5170, 4090, 5317]",,,
186r,L09,3,F,FS,,unadopted,"[720, 5170, 4090, 5317]",,,
186r,L09,4,F,FS,,unadopted,"[720, 5170, 4090, 5317]",,,
186r,L09,5,E,ER,,unadopted,"[720, 5170, 4090, 5317]",,,
186r,L09,6,A,AN,,unadopted,"[720, 5170, 4090, 5317]",,,
186r,L09,7,A,AN,,unadopted,"[720, 5170, 4090, 5317]",,,
186r,L09,8,G,GT,,unadopted,"[720, 5170, 4090, 5317]",,,
186r,L09,9,E,ER,,unadopted,"[720, 5170, 4090, 5317]",,,
186r,L09,10,A,AN,,unadopted,"[720, 5170, 4090, 5317]",,,
186r,L09,11,C,CP,,unadopted,"[720, 5170, 4090, 5317]",,,
186r,L09,12,B,BO,,unadopted,"[720, 5170, 4090, 5317]",,,
186r,L09,13,E,ER,,unadopted,"[720, 5170, 4090, 5317]",,,
186r,L09,14,E,ER,,unadopted,"[720, 5170, 4090, 5317]",,,
186r,L09,15,F,FS,,unadopted,"[720, 5170, 4090, 5317]",,,
186r,L09,16,D,DQ,D,adopted,"[720, 5170, 4090, 5317]",,,
186r,L09,17,E,ER,E,adopted,"[720, 5170, 4090, 5317]",,,
186r,L09,18,F,FS,F,adopted,"[720, 5170, 4090, 5317]",,,
186r,L09,19,A,AN,A,adopted,"[720, 5170, 4090, 5317]",,,
186r,L09,20,I,IX,I,adopted,"[720, 5170, 4090, 5317]",,,
186r,L09,21,E,ER,R,adopted,"[720, 5170, 4090, 5317]",,,
186r,L09,22,E,ER,E,adopted,"[720, 5170, 4090, 5317]",,,
186r,L09,23,H,HU,U,adopted,"[720, 5170, 4090, 5317]",,,
186r,L09,24,B,BO,O,adopted,"[720, 5170, 4090, 5317]",,,
186r,L09,25,I,IX,I,adopted,"[720, 5170, 4090, 5317]",,,
186r,L09,26,E,ER,R,adopted,"[720, 5170, 4090, 5317]",,,
186r,L09,27,H,HU,U,adopted,"[720, 5170, 4090, 5317]",,,
186r,L09,28,A,AN,N,adopted,"[720, 5170, 4090, 5317]",,,
186r,L09,29,E,ER,E,adopted,"[720, 5170, 4090, 5317]",,,
186r,L09,30,L,LY,L,adopted,"[720, 5170, 4090, 5317]",,,
186r,L09,31,E,ER,E,adopted,"[720, 5170, 4090, 5317]",,,
186r,L09,32,G,GT,T,adopted,"[720, 5170, 4090, 5317]",,,
186r,L09,33,G,GT,T,adopted,"[720, 5170, 4090, 5317]",,,
186r,L09,34,E,ER,R,adopted,"[720, 5170, 4090, 5317]",,,
186r,L09,35,E,ER,E,adopted,"[720, 5170, 4090, 5317]",,,
186r,L09,36,D,DQ,D,adopted,"[720, 5170, 4090, 5317]",,,
186r,L09,37,E,ER,E,adopted,"[720, 5170, 4090, 5317]",,,
186r,L09,38,X,,,unadopted,"[720, 5170, 4090, 5317]",,,
186r,L09,39,A,AN,A,adopted,"[720, 5170, 4090, 5317]",,,
186r,L09,40,D,DQ,D,adopted,"[720, 5170, 4090, 5317]",,,
186r,L09,41,E,ER,R,adopted,"[720, 5170, 4090, 5317]",,,
186r,L09,42,E,ER,E,adopted,"[720, 5170, 4090, 5317]",,,
186r,L09,43,F,FS,S,adopted,"[720, 5170, 4090, 5317]",,,
186r,L09,44,F,FS,S,adopted,"[720, 5170, 4090, 5317]",,,
186r,L09,45,A,AN,A,adopted,"[720, 5170, 4090, 5317]",,,
186r,L09,46,A,AN,N,adopted,"[720, 5170, 4090, 5317]",,,
186r,L09,47,G,GT,T,adopted,"[720, 5170, 4090, 5317]",,,
186r,L09,48,A,AN,A,adopted,"[720, 5170, 4090, 5317]",,,
186r,L09,49,X,,,unadopted,"[720, 5170, 4090, 5317]",,,
186r,L09,50,X,,,unadopted,"[720, 5170, 4090, 5317]",,,
186r,L09,51,X,,,unadopted,"[720, 5170, 4090, 5317]",,,
186r,L09,52,L,LY,L,adopted,"[720, 5170, 4090, 5317]",,,
186r,L09,53,A,AN,A,adopted,"[720, 5170, 4090, 5317]",,,
186r,L09,54,D,DQ,Q,adopted,"[720, 5170, 4090, 5317]",,,
186r,L09,55,H,HU,U,adopted,"[720, 5170, 4090, 5317]",,,
186r,L09,56,E,ER,E,adopted,"[720, 5170, 4090, 5317]",,,
186r,L09,57,L,LY,L,adopted,"[720, 5170, 4090, 5317]",,,
186r,L09,58,L,LY,L,adopted,"[720, 5170, 4090, 5317]",,,
186r,L09,59,E,ER,E,adopted,"[720, 5170, 4090, 5317]",,,
186r,L09,60,I,IX,I,adopted,"[720, 5170, 4090, 5317]",,,
186r,L09,61,L,LY,L,adopted,"[720, 5170, 4090, 5317]",,,
186r,L09,62,L,LY,L,adopted,"[720, 5170, 4090, 5317]",,,
186r,L09,63,H,HU,U,adopted,"[720, 5170, 4090, 5317]",,,
186r,L09,64,L,LY,Y,adopted,"[720, 5170, 4090, 5317]",,,
186r,L09,65,M,MZ,M,adopted,"[720, 5170, 4090, 5317]",,,
186r,L09,66,A,AN,A,adopted,"[720, 5170, 4090, 5317]",,,
186r,L10,1,A,AN,N,adopted,"[720, 5258, 4090, 5409]",,,
186r,L10,2,D,DQ,D,adopted,"[720, 5258, 4090, 5409]",,,
186r,L10,3,E,ER,E,adopted,"[720, 5258, 4090, 5409]",,,
186r,L10,4,D,DQ,D,adopted,"[720, 5258, 4090, 5409]",,,
186r,L10,5,E,ER,E,adopted,"[720, 5258, 4090, 5409]",,,
186r,L10,6,A,AN,N,adopted,"[720, 5258, 4090, 5409]",,,
186r,L10,7,E,ER,E,adopted,"[720, 5258, 4090, 5409]",,,
186r,L10,8,E,ER,R,adopted,"[720, 5258, 4090, 5409]",,,
186r,L10,9,I,IX,I,adopted,"[720, 5258, 4090, 5409]",,,
186r,L10,10,E,ER,E,adopted,"[720, 5258, 4090, 5409]",,,
186r,L10,11,A,AN,N,adopted,"[720, 5258, 4090, 5409]",,,
186r,L10,12,F,FS,F,adopted,"[720, 5258, 4090, 5409]",,,
186r,L10,13,A,AN,A,adopted,"[720, 5258, 4090, 5409]",,,
186r,L10,14,I,IX,I,adopted,"[720, 5258, 4090, 5409]",,,
186r,L10,15,E,ER,R,adopted,"[720, 5258, 4090, 5409]",,,
186r,L10,16,E,ER,E,adopted,"[720, 5258, 4090, 5409]",,,
186r,L10,17,A,AN,A,adopted,"[720, 5258, 4090, 5409]",,,
186r,L10,18,H,HU,U,adopted,"[720, 5258, 4090, 5409]",,,
186r,L10,19,C,CP,P,adopted,"[720, 5258, 4090, 5409]",,,
186r,L10,20,E,ER,R,adopted,"[720, 5258, 4090, 5409]",,,
186r,L10,21,E,ER,E,adopted,"[720, 5258, 4090, 5409]",,,
186r,L10,22,I,IX,I,adopted,"[720, 5258, 4090, 5409]",,,
186r,L10,23,H,HU,U,adopted,"[720, 5258, 4090, 5409]",,,
186r,L10,24,D,DQ,D,adopted,"[720, 5258, 4090, 5409]",,,
186r,L10,25,I,IX,I,adopted,"[720, 5258, 4090, 5409]",,,
186r,L10,26,C,CP,C,adopted,"[720, 5258, 4090, 5409]",,,
186r,L10,27,E,ER,E,adopted,"[720, 5258, 4090, 5409]",,,
186r,L10,28,D,DQ,D,adopted,"[720, 5258, 4090, 5409]",,,
186r,L10,29,E,ER,E,adopted,"[720, 5258, 4090, 5409]",,,
186r,L10,30,L,LY,L,adopted,"[720, 5258, 4090, 5409]",,,
186r,L10,31,A,AN,A,adopted,"[720, 5258, 4090, 5409]",,,
186r,L10,32,M,MZ,M,adopted,"[720, 5258, 4090, 5409]",,,
186r,L10,33,A,AN,A,adopted,"[720, 5258, 4090, 5409]",,,
186r,L10,34,I,IX,I,adopted,"[720, 5258, 4090, 5409]",,,
186r,L10,35,F,FS,S,adopted,"[720, 5258, 4090, 5409]",,,
186r,L10,36,B,BO,O,adopted,"[720, 5258, 4090, 5409]",,,
186r,L10,37,D,DQ,D,adopted,"[720, 5258, 4090, 5409]",,,
186r,L10,38,E,ER,E,adopted,"[720, 5258, 4090, 5409]",,,
186r,L10,39,B,BO,B,adopted,"[720, 5258, 4090, 5409]",,,
186r,L10,40,B,BO,O,adopted,"[720, 5258, 4090, 5409]",,,
186r,L10,41,H,HU,U,adopted,"[720, 5258, 4090, 5409]",,,
186r,L10,42,E,ER,R,adopted,"[720, 5258, 4090, 5409]",,,
186r,L10,43,B,BO,B,adopted,"[720, 5258, 4090, 5409]",,,
186r,L10,44,B,BO,O,adopted,"[720, 5258, 4090, 5409]",,,
186r,L10,45,A,AN,N,adopted,"[720, 5258, 4090, 5409]",,,
186r,L10,46,C,CP,C,adopted,"[720, 5258, 4090, 5409]",,,
186r,L10,47,B,BO,O,adopted,"[720, 5258, 4090, 5409]",,,
186r,L10,48,A,AN,N,adopted,"[720, 5258, 4090, 5409]",,,
186r,L10,49,G,GT,T,adopted,"[720, 5258, 4090, 5409]",,,
186r,L10,50,E,ER,R,adopted,"[720, 5258, 4090, 5409]",,,
186r,L10,51,E,ER,E,adopted,"[720, 5258, 4090, 5409]",,,
186r,L10,52,L,LY,L,adopted,"[720, 5258, 4090, 5409]",,,
186r,L10,53,E,ER,E,adopted,"[720, 5258, 4090, 5409]",,,
186r,L10,54,F,FS,S,adopted,"[720, 5258, 4090, 5409]",,,
186r,L10,55,L,LY,L,adopted,"[720, 5258, 4090, 5409]",,,
186r,L10,56,B,BO,O,adopted,"[720, 5258, 4090, 5409]",,,
186r,L10,57,I,IX,I,adopted,"[720, 5258, 4090, 5409]",,,
186r,L10,58,F,FS,S,adopted,"[720, 5258, 4090, 5409]",,,
186r,L10,59,F,FS,F,adopted,"[720, 5258, 4090, 5409]",,,
186r,L10,60,B,BO,O,adopted,"[720, 5258, 4090, 5409]",,,
186r,L10,61,A,AN,N,adopted,"[720, 5258, 4090, 5409]",,,
186r,L10,62,D,DQ,D,adopted,"[720, 5258, 4090, 5409]",,,
186r,L10,63,A,AN,A,adopted,"[720, 5258, 4090, 5409]",,,
186r,L10,64,M,MZ,M,adopted,"[720, 5258, 4090, 5409]",,,
186r,L10,65,E,ER,E,adopted,"[720, 5258, 4090, 5409]",,,
186r,L10,66,A,AN,N,adopted,"[720, 5258, 4090, 5409]",,,
186r,L10,67,G,GT,T,adopted,"[720, 5258, 4090, 5409]",,,
186r,L11,1,A,AN,A,adopted,"[720, 5346, 4090, 5501]",,,
186r,L11,2,L,LY,L,adopted,"[720, 5346, 4090, 5501]",,,
186r,L11,3,E,ER,E,adopted,"[720, 5346, 4090, 5501]",,,
186r,L11,4,F,FS,S,adopted,"[720, 5346, 4090, 5501]",,,
186r,L11,5,D,DQ,D,adopted,"[720, 5346, 4090, 5501]",,,
186r,L11,6,H,HU,U,adopted,"[720, 5346, 4090, 5501]",,,
186r,L11,7,E,ER,R,adopted,"[720, 5346, 4090, 5501]",,,
186r,L11,8,B,BO,O,adopted,"[720, 5346, 4090, 5501]",,,
186r,L11,9,I,IX,I,adopted,"[720, 5346, 4090, 5501]",,,
186r,L11,10,A,AN,A,adopted,"[720, 5346, 4090, 5501]",,,
186r,L11,11,H,HU,U,adopted,"[720, 5346, 4090, 5501]",,,
186r,L11,12,M,MZ,M,adopted,"[720, 5346, 4090, 5501]",,,
186r,L11,13,E,ER,E,adopted,"[720, 5346, 4090, 5501]",,,
186r,L11,14,A,AN,,unadopted,"[720, 5346, 4090, 5501]",,,
186r,L11,15,L,LY,,unadopted,"[720, 5346, 4090, 5501]",,,
186r,L11,16,C,CP,,unadopted,"[720, 5346, 4090, 5501]",,,
186r,L11,17,B,BO,,unadopted,"[720, 5346, 4090, 5501]",,,
186r,L11,18,A,AN,,unadopted,"[720, 5346, 4090, 5501]",,,
186r,L11,19,G,GT,,unadopted,"[720, 5346, 4090, 5501]",,,
186r,L11,20,E,ER,,unadopted,"[720, 5346, 4090, 5501]",,,
186r,L11,21,E,ER,,unadopted,"[720, 5346, 4090, 5501]",,,
186r,L11,22,L,LY,L,adopted,"[720, 5346, 4090, 5501]",,,
186r,L11,23,E,ER,E,adopted,"[720, 5346, 4090, 5501]",,,
186r,L11,24,F,FS,S,adopted,"[720, 5346, 4090, 5501]",,,
186r,L11,25,C,CP,C,adopted,"[720, 5346, 4090, 5501]",,,
186r,L11,26,A,AN,A,adopted,"[720, 5346, 4090, 5501]",,,
186r,L11,27,G,GT,T,adopted,"[720, 5346, 4090, 5501]",,,
186r,L11,28,B,BO,O,adopted,"[720, 5346, 4090, 5501]",,,
186r,L11,29,L,LY,L,adopted,"[720, 5346, 4090, 5501]",,,
186r,L11,30,I,IX,I,adopted,"[720, 5346, 4090, 5501]",,,
186r,L11,31,D,DQ,Q,adopted,"[720, 5346, 4090, 5501]",,,
186r,L11,32,H,HU,U,adopted,"[720, 5346, 4090, 5501]",,,
186r,L11,33,E,ER,E,adopted,"[720, 5346, 4090, 5501]",,,
186r,L11,34,F,FS,S,adopted,"[720, 5346, 4090, 5501]",,,
186r,L11,35,QUI,QUI,QUI,adopted,"[720, 5346, 4090, 5501]",,,
186r,L11,36,A,AN,A,adopted,"[720, 5346, 4090, 5501]",,,
186r,L11,37,F,FS,S,adopted,"[720, 5346, 4090, 5501]",,,
186r,L11,38,F,FS,S,adopted,"[720, 5346, 4090, 5501]",,,
186r,L11,39,I,IX,I,adopted,"[720, 5346, 4090, 5501]",,,
186r,L11,40,F,FS,S,adopted,"[720, 5346, 4090, 5501]",,,
186r,L11,41,G,GT,T,adopted,"[720, 5346, 4090, 5501]",,,
186r,L11,42,E,ER,E,adopted,"[720, 5346, 4090, 5501]",,,
186r,L11,43,A,AN,N,adopted,"[720, 5346, 4090, 5501]",,,
186r,L11,44,G,GT,T,adopted,"[720, 5346, 4090, 5501]",,,
186r,L11,45,X,,,unadopted,"[720, 5346, 4090, 5501]",,,
186r,L11,46,C,CP,C,adopted,"[720, 5346, 4090, 5501]",,,
186r,L11,47,H,HU,H,adopted,"[720, 5346, 4090, 5501]",,,
186r,L11,48,B,BO,O,adopted,"[720, 5346, 4090, 5501]",,,
186r,L11,49,F,FS,S,adopted,"[720, 5346, 4090, 5501]",,,
186r,L11,50,E,ER,E,adopted,"[720, 5346, 4090, 5501]",,,
186r,L11,51,B,BO,B,adopted,"[720, 5346, 4090, 5501]",,,
186r,L11,52,I,IX,I,adopted,"[720, 5346, 4090, 5501]",,,
186r,L11,53,E,ER,E,adopted,"[720, 5346, 4090, 5501]",,,
186r,L11,54,A,AN,N,adopted,"[720, 5346, 4090, 5501]",,,
186r,L11,55,C,CP,C,adopted,"[720, 5346, 4090, 5501]",,,
186r,L11,56,B,BO,O,adopted,"[720, 5346, 4090, 5501]",,,
186r,L11,57,A,AN,N,adopted,"[720, 5346, 4090, 5501]",,,
186r,L11,58,G,GT,T,adopted,"[720, 5346, 4090, 5501]",,,
186r,L11,59,E,ER,R,adopted,"[720, 5346, 4090, 5501]",,,
186r,L11,60,A,AN,A,adopted,"[720, 5346, 4090, 5501]",,,
186r,L11,61,I,IX,I,adopted,"[720, 5346, 4090, 5501]",,,
186r,L11,62,E,ER,R,adopted,"[720, 5346, 4090, 5501]",,,
186r,L11,63,E,ER,E,adopted,"[720, 5346, 4090, 5501]",,,
186r,L11,64,F,FS,S,adopted,"[720, 5346, 4090, 5501]",,,
186r,L11,65,A,AN,A,adopted,"[720, 5346, 4090, 5501]",,,
186r,L11,66,G,GT,T,adopted,"[720, 5346, 4090, 5501]",,,
186r,L11,67,A,AN,A,adopted,"[720, 5346, 4090, 5501]",,,
186r,L12,1,A,AN,N,adopted,"[720, 5434, 4090, 5593]",,,
186r,L12,2,G,GT,T,adopted,"[720, 5434, 4090, 5593]",,,
186r,L12,3,D,DQ,D,adopted,"[720, 5434, 4090, 5593]",,,
186r,L12,4,E,ER,E,adopted,"[720, 5434, 4090, 5593]",,,
186r,L12,5,C,CP,P,adopted,"[720, 5434, 4090, 5593]",,,
186r,L12,6,E,ER,R,adopted,"[720, 5434, 4090, 5593]",,,
186r,L12,7,B,BO,O,adopted,"[720, 5434, 4090, 5593]",,,
186r,L12,8,G,GT,T,adopted,"[720, 5434, 4090, 5593]",,,
186r,L12,9,E,ER,E,adopted,"[720, 5434, 4090, 5593]",,,
186r,L12,10,F,FS,S,adopted,"[720, 5434, 4090, 5593]",,,
186r,L12,11,G,GT,T,adopted,"[720, 5434, 4090, 5593]",,,
186r,L12,12,A,AN,A,adopted,"[720, 5434, 4090, 5593]",,,
186r,L12,13,G,GT,T,adopted,"[720, 5434, 4090, 5593]",,,
186r,L12,14,I,IX,I,adopted,"[720, 5434, 4090, 5593]",,,
186r,L12,15,B,BO,O,adopted,"[720, 5434, 4090, 5593]",,,
186r,L12,16,A,AN,N,adopted,"[720, 5434, 4090, 5593]",,,
186r,L12,17,F,FS,S,adopted,"[720, 5434, 4090, 5593]",,,
186r,L12,18,QUE,QUE,QUE,adopted,"[720, 5434, 4090, 5593]",,,
186r,L12,19,L,LY,L,adopted,"[720, 5434, 4090, 5593]",,,
186r,L12,20,B,BO,O,adopted,"[720, 5434, 4090, 5593]",,,
186r,L12,21,A,AN,N,adopted,"[720, 5434, 4090, 5593]",,,
186r,L12,22,M,MZ,M,adopted,"[720, 5434, 4090, 5593]",,,
186r,L12,23,A,AN,A,adopted,"[720, 5434, 4090, 5593]",,,
186r,L12,24,F,FS,F,adopted,"[720, 5434, 4090, 5593]",,,
186r,L12,25,A,AN,A,adopted,"[720, 5434, 4090, 5593]",,,
186r,L12,26,I,IX,I,adopted,"[720, 5434, 4090, 5593]",,,
186r,L12,27,G,GT,T,adopted,"[720, 5434, 4090, 5593]",,,
186r,L12,28,E,ER,E,adopted,"[720, 5434, 4090, 5593]",,,
186r,L12,29,F,FS,S,adopted,"[720, 5434, 4090, 5593]",,,
186r,L12,30,I,IX,I,adopted,"[720, 5434, 4090, 5593]",,,
186r,L12,31,E,ER,E,adopted,"[720, 5434, 4090, 5593]",,,
186r,L12,32,L,LY,L,adopted,"[720, 5434, 4090, 5593]",,,
186r,L12,33,A,AN,A,adopted,"[720, 5434, 4090, 5593]",,,
186r,L12,34,L,LY,Y,adopted,"[720, 5434, 4090, 5593]",,,
186r,L12,35,D,DQ,D,adopted,"[720, 5434, 4090, 5593]",,,
186r,L12,36,I,IX,I,adopted,"[720, 5434, 4090, 5593]",,,
186r,L12,37,G,GT,T,adopted,"[720, 5434, 4090, 5593]",,,
186r,L12,38,ET,ET,ET,adopted,"[720, 5434, 4090, 5593]",,,
186r,L12,39,L,LY,L,adopted,"[720, 5434, 4090, 5593]",,,
186r,L12,40,E,ER,E,adopted,"[720, 5434, 4090, 5593]",,,
186r,L12,41,D,DQ,D,adopted,"[720, 5434, 4090, 5593]",,,
186r,L12,42,I,IX,I,adopted,"[720, 5434, 4090, 5593]",,,
186r,L12,43,E,ER,R,adopted,"[720, 5434, 4090, 5593]",,,
186r,L12,44,A,AN,A,adopted,"[720, 5434, 4090, 5593]",,,
186r,L12,45,L,LY,Y,adopted,"[720, 5434, 4090, 5593]",,,
186r,L12,46,I,IX,I,adopted,"[720, 5434, 4090, 5593]",,,
186r,L12,47,H,HU,U,adopted,"[720, 5434, 4090, 5593]",,,
186r,L12,48,F,FS,S,adopted,"[720, 5434, 4090, 5593]",,,
186r,L12,49,D,DQ,Q,adopted,"[720, 5434, 4090, 5593]",,,
186r,L12,50,H,HU,U,adopted,"[720, 5434, 4090, 5593]",,,
186r,L12,51,E,ER,E,adopted,"[720, 5434, 4090, 5593]",,,
186r,L12,52,F,FS,S,adopted,"[720, 5434, 4090, 5593]",,,
186r,L12,53,A,AN,A,adopted,"[720, 5434, 4090, 5593]",,,
186r,L12,54,L,LY,L,adopted,"[720, 5434, 4090, 5593]",,,
186r,L12,55,A,AN,A,adopted,"[720, 5434, 4090, 5593]",,,
186r,L12,56,M,MZ,M,adopted,"[720, 5434, 4090, 5593]",,,
186r,L12,57,B,BO,O,adopted,"[720, 5434, 4090, 5593]",,,
186r,L12,58,E,ER,R,adopted,"[720, 5434, 4090, 5593]",,,
186r,L12,59,G,GT,T,adopted,"[720, 5434, 4090, 5593]",,,
186r,L12,60,QUE,QUE,QUE,adopted,"[720, 5434, 4090, 5593]",,,
186r,L12,61,F,FS,S,adopted,"[720, 5434, 4090, 5593]",,,
186r,L12,62,I,IX,I,adopted,"[720, 5434, 4090, 5593]",,,
186r,L12,63,L,LY,L,adopted,"[720, 5434, 4090, 5593]",,,
186r,L12,64,E,ER,E,adopted,"[720, 5434, 4090, 5593]",,,
186r,L12,65,A,AN,,unadopted,"[720, 5434, 4090, 5593]",,,
186r,L12,66,A,AN,,unadopted,"[720, 5434, 4090, 5593]",,,
186r,L12,67,E,ER,,unadopted,"[720, 5434, 4090, 5593]",,,
186r,L12,68,E,ER,,unadopted,"[720, 5434, 4090, 5593]",,,
186r,L13,1,I,IX,,unadopted,"[720, 5522, 4090, 5685]",,,
186r,L13,2,H,HU,,unadopted,"[720, 5522, 4090, 5685]",,,
186r,L13,3,E,ER,,unadopted,"[720, 5522, 4090, 5685]",,,
186r,L13,4,M,MZ,,unadopted,"[720, 5522, 4090, 5685]",,,
186r,L13,5,A,AN,,unadopted,"[720, 5522, 4090, 5685]",,,
186r,L13,6,F,FS,,unadopted,"[720, 5522, 4090, 5685]",,,
186r,L13,7,QUE,QUE,QUE,adopted,"[720, 5522, 4090, 5685]",,,
186r,L13,8,L,LY,L,adopted,"[720, 5522, 4090, 5685]",,,
186r,L13,9,B,BO,O,adopted,"[720, 5522, 4090, 5685]",,,
186r,L13,10,A,AN,N,adopted,"[720, 5522, 4090, 5685]",,,
186r,L13,11,L,LY,L,adopted,"[720, 5522, 4090, 5685]",,,
186r,L13,12,A,AN,A,adopted,"[720, 5522, 4090, 5685]",,,
186r,L13,13,H,HU,U,adopted,"[720, 5522, 4090, 5685]",,,
186r,L13,14,B,BO,O,adopted,"[720, 5522, 4090, 5685]",,,
186r,L13,15,H,HU,U,adopted,"[720, 5522, 4090, 5685]",,,
186r,L13,16,L,LY,L,adopted,"[720, 5522, 4090, 5685]",,,
186r,L13,17,H,HU,U,adopted,"[720, 5522, 4090, 5685]",,,
186r,L13,18,A,AN,A,adopted,"[720, 5522, 4090, 5685]",,,
186r,L13,19,I,IX,I,adopted,"[720, 5522, 4090, 5685]",,,
186r,L13,20,F,FS,S,adopted,"[720, 5522, 4090, 5685]",,,
186r,L13,21,I,IX,I,adopted,"[720, 5522, 4090, 5685]",,,
186r,L13,22,C,CP,C,adopted,"[720, 5522, 4090, 5685]",,,
186r,L13,23,A,AN,A,adopted,"[720, 5522, 4090, 5685]",,,
186r,L13,24,E,ER,R,adopted,"[720, 5522, 4090, 5685]",,,
186r,L13,25,B,BO,O,adopted,"[720, 5522, 4090, 5685]",,,
186r,L13,26,A,AN,N,adopted,"[720, 5522, 4090, 5685]",,,
186r,L13,27,A,AN,N,adopted,"[720, 5522, 4090, 5685]",,,
186r,L13,28,A,AN,A,adopted,"[720, 5522, 4090, 5685]",,,
186r,L13,29,C,CP,P,adopted,"[720, 5522, 4090, 5685]",,,
186r,L13,30,A,AN,A,adopted,"[720, 5522, 4090, 5685]",,,
186r,L13,31,F,FS,S,adopted,"[720, 5522, 4090, 5685]",,,
186r,L13,32,M,MZ,M,adopted,"[720, 5522, 4090, 5685]",,,
186r,L13,33,A,AN,A,adopted,"[720, 5522, 4090, 5685]",,,
186r,L13,34,A,AN,N,adopted,"[720, 5522, 4090, 5685]",,,
186r,L13,35,D,DQ,Q,adopted,"[720, 5522, 4090, 5685]",,,
186r,L13,36,H,HU,U,adopted,"[720, 5522, 4090, 5685]",,,
186r,L13,37,E,ER,E,adopted,"[720, 5522, 4090, 5685]",,,
186r,L13,38,D,DQ,D,adopted,"[720, 5522, 4090, 5685]",,,
186r,L13,39,E,ER,E,adopted,"[720, 5522, 4090, 5685]",,,
186r,L13,40,E,ER,R,adopted,"[720, 5522, 4090, 5685]",,,
186r,L13,41,E,ER,E,adopted,"[720, 5522, 4090, 5685]",,,
186r,L13,42,M,MZ,M,adopted,"[720, 5522, 4090, 5685]",,,
186r,L13,43,B,BO,O,adopted,"[720, 5522, 4090, 5685]",,,
186r,L13,44,A,AN,N,adopted,"[720, 5522, 4090, 5685]",,,
186r,L13,45,F,FS,S,adopted,"[720, 5522, 4090, 5685]",,,
186r,L13,46,G,GT,T,adopted,"[720, 5522, 4090, 5685]",,,
186r,L13,47,E,ER,R,adopted,"[720, 5522, 4090, 5685]",,,
186r,L13,48,E,ER,E,adopted,"[720, 5522, 4090, 5685]",,,
186r,L13,49,E,ER,R,adopted,"[720, 5522, 4090, 5685]",,,
186r,L13,50,G,GT,T,adopted,"[720, 5522, 4090, 5685]",,,
186r,L13,51,B,BO,O,adopted,"[720, 5522, 4090, 5685]",,,
186r,L13,52,H,HU,U,adopted,"[720, 5522, 4090, 5685]",,,
186r,L13,53,G,GT,T,adopted,"[720, 5522, 4090, 5685]",,,
186r,L13,54,C,CP,C,adopted,"[720, 5522, 4090, 5685]",,,
186r,L13,55,E,ER,E,adopted,"[720, 5522, 4090, 5685]",,,
186r,L13,56,QUI,QUI,QUI,adopted,"[720, 5522, 4090, 5685]",,,
186r,L13,57,F,FS,S,adopted,"[720, 5522, 4090, 5685]",,,
186r,L13,58,E,ER,E,adopted,"[720, 5522, 4090, 5685]",,,
186r,L13,59,C,CP,P,adopted,"[720, 5522, 4090, 5685]",,,
186r,L13,60,E,ER,E,adopted,"[720, 5522, 4090, 5685]",,,
186r,L13,61,H,HU,U,adopted,"[720, 5522, 4090, 5685]",,,
186r,L13,62,G,GT,T,adopted,"[720, 5522, 4090, 5685]",,,
186r,L13,63,F,FS,S,adopted,"[720, 5522, 4090, 5685]",,,
186r,L13,64,A,AN,A,adopted,"[720, 5522, 4090, 5685]",,,
186r,L13,65,A,AN,N,adopted,"[720, 5522, 4090, 5685]",,,
186r,L13,66,F,FS,S,adopted,"[720, 5522, 4090, 5685]",,,
186r,L14,1,A,AN,A,adopted,"[720, 5611, 4090, 5777]",,,
186r,L14,2,H,HU,U,adopted,"[720, 5611, 4090, 5777]",,,
186r,L14,3,B,BO,O,adopted,"[720, 5611, 4090, 5777]",,,
186r,L14,4,I,IX,I,adopted,"[720, 5611, 4090, 5777]",,,
186r,L14,5,E,ER,R,adopted,"[720, 5611, 4090, 5777]",,,
186r,L14,6,E,ER,E,adopted,"[720, 5611, 4090, 5777]",,,
186r,L14,7,H,HU,U,adopted,"[720, 5611, 4090, 5777]",,,
186r,L14,8,A,AN,A,adopted,"[720, 5611, 4090, 5777]",,,
186r,L14,9,H,HU,U,adopted,"[720, 5611, 4090, 5777]",,,
186r,L14,10,G,GT,T,adopted,"[720, 5611, 4090, 5777]",,,
186r,L14,11,E,ER,R,adopted,"[720, 5611, 4090, 5777]",,,
186r,L14,12,E,ER,E,adopted,"[720, 5611, 4090, 5777]",,,
186r,L14,13,C,CP,P,adopted,"[720, 5611, 4090, 5777]",,,
186r,L14,14,A,AN,A,adopted,"[720, 5611, 4090, 5777]",,,
186r,L14,15,F,FS,S,adopted,"[720, 5611, 4090, 5777]",,,
186r,L14,16,F,FS,S,adopted,"[720, 5611, 4090, 5777]",,,
186r,L14,17,I,IX,I,adopted,"[720, 5611, 4090, 5777]",,,
186r,L14,18,B,BO,O,adopted,"[720, 5611, 4090, 5777]",,,
186r,L14,19,A,AN,N,adopted,"[720, 5611, 4090, 5777]",,,
186r,L14,20,QUE,QUE,QUE,adopted,"[720, 5611, 4090, 5777]",,,
186r,L14,21,L,LY,L,adopted,"[720, 5611, 4090, 5777]",,,
186r,L14,22,A,AN,A,adopted,"[720, 5611, 4090, 5777]",,,
186r,L14,23,E,ER,R,adopted,"[720, 5611, 4090, 5777]",,,
186r,L14,24,E,ER,E,adopted,"[720, 5611, 4090, 5777]",,,
186r,L14,25,L,LY,L,adopted,"[720, 5611, 4090, 5777]",,,
186r,L14,26,I,IX,I,adopted,"[720, 5611, 4090, 5777]",,,
186r,L14,27,G,GT,G,adopted,"[720, 5611, 4090, 5777]",,,
186r,L14,28,I,IX,I,adopted,"[720, 5611, 4090, 5777]",,,
186r,L14,29,B,BO,O,adopted,"[720, 5611, 4090, 5777]",,,
186r,L14,30,A,AN,N,adopted,"[720, 5611, 4090, 5777]",,,
186r,L14,31,M,MZ,M,adopted,"[720, 5611, 4090, 5777]",,,
186r,L14,32,A,AN,A,adopted,"[720, 5611, 4090, 5777]",,,
186r,L14,33,I,IX,I,adopted,"[720, 5611, 4090, 5777]",,,
186r,L14,34,F,FS,S,adopted,"[720, 5611, 4090, 5777]",,,
186r,L14,35,E,ER,E,adopted,"[720, 5611, 4090, 5777]",,,
186r,L14,36,A,AN,N,adopted,"[720, 5611, 4090, 5777]",,,
186r,L14,37,G,GT,T,adopted,"[720, 5611, 4090, 5777]",,,
186r,L14,38,E,ER,R,adopted,"[720, 5611, 4090, 5777]",,,
186r,L14,39,E,ER,E,adopted,"[720, 5611, 4090, 5777]",,,
186r,L14,40,C,CP,C,adopted,"[720, 5611, 4090, 5777]",,,
186r,L14,41,E,ER,E,adopted,"[720, 5611, 4090, 5777]",,,
186r,L14,42,F,FS,S,adopted,"[720, 5611, 4090, 5777]",,,
186r,L14,43,I,IX,I,adopted,"[720, 5611, 4090, 5777]",,,
186r,L14,44,A,AN,N,adopted,"[720, 5611, 4090, 5777]",,,
186r,L14,45,C,CP,C,adopted,"[720, 5611, 4090, 5777]",,,
186r,L14,46,E,ER,E,adopted,"[720, 5611, 4090, 5777]",,,
186r,L14,47,E,ER,R,adopted,"[720, 5611, 4090, 5777]",,,
186r,L14,48,G,GT,T,adopted,"[720, 5611, 4090, 5777]",,,
186r,L14,49,I,IX,I,adopted,"[720, 5611, 4090, 5777]",,,
186r,L14,50,G,GT,T,adopted,"[720, 5611, 4090, 5777]",,,
186r,L14,51,H,HU,U,adopted,"[720, 5611, 4090, 5777]",,,
186r,L14,52,D,DQ,D,adopted,"[720, 5611, 4090, 5777]",,,
186r,L14,53,E,ER,E,adopted,"[720, 5611, 4090, 5777]",,,
186r,L14,54,F,FS,S,adopted,"[720, 5611, 4090, 5777]",,,
186r,L14,55,B,BO,O,adopted,"[720, 5611, 4090, 5777]",,,
186r,L14,56,A,AN,N,adopted,"[720, 5611, 4090, 5777]",,,
186r,L14,57,D,DQ,D,adopted,"[720, 5611, 4090, 5777]",,,
186r,L14,58,E,ER,E,adopted,"[720, 5611, 4090, 5777]",,,
186r,L14,59,M,MZ,M,adopted,"[720, 5611, 4090, 5777]",,,
186r,L14,60,E,ER,E,adopted,"[720, 5611, 4090, 5777]",,,
186r,L14,61,H,HU,U,adopted,"[720, 5611, 4090, 5777]",,,
186r,L14,62,E,ER,R,adopted,"[720, 5611, 4090, 5777]",,,
186r,L14,63,E,ER,E,adopted,"[720, 5611, 4090, 5777]",,,
186r,L14,64,ET,ET,ET,adopted,"[720, 5611, 4090, 5777]",,,
186r,L14,65,F,FS,S,adopted,"[720, 5611, 4090, 5777]",,,
186r,L14,66,I,IX,I,adopted,"[720, 5611, 4090, 5777]",,,
186r,L15,1,L,LY,L,adopted,"[720, 5699, 4090, 5869]",,,
186r,L15,2,E,ER,E,adopted,"[720, 5699, 4090, 5869]",,,
186r,L15,3,F,FS,S,adopted,"[720, 5699, 4090, 5869]",,,
186r,L15,4,A,AN,A,adopted,"[720, 5699, 4090, 5869]",,,
186r,L15,5,H,HU,U,adopted,"[720, 5699, 4090, 5869]",,,
186r,L15,6,G,GT,T,adopted,"[720, 5699, 4090, 5869]",,,
186r,L15,7,E,ER,R,adopted,"[720, 5699, 4090, 5869]",,,
186r,L15,8,E,ER,E,adopted,"[720, 5699, 4090, 5869]",,,
186r,L15,9,F,FS,S,adopted,"[720, 5699, 4090, 5869]",,,
186r,L15,10,F,FS,S,adopted,"[720, 5699, 4090, 5869]",,,
186r,L15,11,E,ER,E,adopted,"[720, 5699, 4090, 5869]",,,
186r,L15,12,F,FS,S,adopted,"[720, 5699, 4090, 5869]",,,
186r,L15,13,E,ER,E,adopted,"[720, 5699, 4090, 5869]",,,
186r,L15,14,E,ER,R,adopted,"[720, 5699, 4090, 5869]",,,
186r,L15,15,H,HU,U,adopted,"[720, 5699, 4090, 5869]",,,
186r,L15,16,E,ER,E,adopted,"[720, 5699, 4090, 5869]",,,
186r,L15,17,A,AN,N,adopted,"[720, 5699, 4090, 5869]",,,
186r,L15,18,G,GT,T,adopted,"[720, 5699, 4090, 5869]",,,
186r,L15,19,D,DQ,D,adopted,"[720, 5699, 4090, 5869]",,,
186r,L15,20,E,ER,E,adopted,"[720, 5699, 4090, 5869]",,,
186r,L15,21,L,LY,L,adopted,"[720, 5699, 4090, 5869]",,,
186r,L15,22,B,BO,O,adopted,"[720, 5699, 4090, 5869]",,,
186r,L15,23,C,CP,C,adopted,"[720, 5699, 4090, 5869]",,,
186r,L15,24,C,CP,C,adopted,"[720, 5699, 4090, 5869]",,,
186r,L15,25,A,AN,A,adopted,"[720, 5699, 4090, 5869]",,,
186r,L15,26,F,FS,S,adopted,"[720, 5699, 4090, 5869]",,,
186r,L15,27,I,IX,I,adopted,"[720, 5699, 4090, 5869]",,,
186r,L15,28,B,BO,O,adopted,"[720, 5699, 4090, 5869]",,,
186r,L15,29,A,AN,N,adopted,"[720, 5699, 4090, 5869]",,,
186r,L15,30,A,AN,N,adopted,"[720, 5699, 4090, 5869]",,,
186r,L15,31,E,ER,E,adopted,"[720, 5699, 4090, 5869]",,,
186r,L15,32,F,FS,S,adopted,"[720, 5699, 4090, 5869]",,,
186r,L15,33,B,BO,O,adopted,"[720, 5699, 4090, 5869]",,,
186r,L15,34,A,AN,N,adopted,"[720, 5699, 4090, 5869]",,,
186r,L15,35,G,GT,T,adopted,"[720, 5699, 4090, 5869]",,,
186r,L15,36,I,IX,I,adopted,"[720, 5699, 4090, 5869]",,,
186r,L15,37,L,LY,L,adopted,"[720, 5699, 4090, 5869]",,,
186r,L15,38,M,MZ,Z,adopted,"[720, 5699, 4090, 5869]",,,
186r,L15,39,B,BO,B,adopted,"[720, 5699, 4090, 5869]",,,
186r,L15,40,I,IX,I,adopted,"[720, 5699, 4090, 5869]",,,
186r,L15,41,E,ER,E,adopted,"[720, 5699, 4090, 5869]",,,
186r,L15,42,A,AN,N,adopted,"[720, 5699, 4090, 5869]",,,
186r,L15,43,E,ER,E,adopted,"[720, 5699, 4090, 5869]",,,
186r,L15,44,A,AN,N,adopted,"[720, 5699, 4090, 5869]",,,
186r,L15,45,C,CP,C,adopted,"[720, 5699, 4090, 5869]",,,
186r,L15,46,B,BO,O,adopted,"[720, 5699, 4090, 5869]",,,
186r,L15,47,E,ER,R,adopted,"[720, 5699, 4090, 5869]",,,
186r,L15,48,E,ER,E,adopted,"[720, 5699, 4090, 5869]",,,
186r,L15,49,F,FS,S,adopted,"[720, 5699, 4090, 5869]",,,
186r,L15,50,POUR,POUR,POUR,adopted,"[720, 5699, 4090, 5869]",,,
186r,L15,51,E,ER,R,adopted,"[720, 5699, 4090, 5869]",,,
186r,L15,52,E,ER,E,adopted,"[720, 5699, 4090, 5869]",,,
186r,L15,53,C,CP,C,adopted,"[720, 5699, 4090, 5869]",,,
186r,L15,54,B,BO,O,adopted,"[720, 5699, 4090, 5869]",,,
186r,L15,55,A,AN,N,adopted,"[720, 5699, 4090, 5869]",,,
186r,L15,56,C,CP,P,adopted,"[720, 5699, 4090, 5869]",,,
186r,L15,57,E,ER,E,adopted,"[720, 5699, 4090, 5869]",,,
186r,L15,58,A,AN,N,adopted,"[720, 5699, 4090, 5869]",,,
186r,L15,59,F,FS,S,adopted,"[720, 5699, 4090, 5869]",,,
186r,L15,60,E,ER,E,adopted,"[720, 5699, 4090, 5869]",,,
186r,L15,61,D,DQ,D,adopted,"[720, 5699, 4090, 5869]",,,
186r,L15,62,E,ER,E,adopted,"[720, 5699, 4090, 5869]",,,
186r,L15,63,G,GT,T,adopted,"[720, 5699, 4090, 5869]",,,
186r,L15,64,B,BO,O,adopted,"[720, 5699, 4090, 5869]",,,
186r,L15,65,H,HU,U,adopted,"[720, 5699, 4090, 5869]",,,
186r,L15,66,G,GT,T,adopted,"[720, 5699, 4090, 5869]",,,
186r,L15,67,E,ER,E,adopted,"[720, 5699, 4090, 5869]",,,
186r,L15,68,F,FS,S,adopted,"[720, 5699, 4090, 5869]",,,
186r,L15,69,A,AN,N,adopted,"[720, 5699, 4090, 5869]",,,
186r,L15,70,B,BO,O,adopted,"[720, 5699, 4090, 5869]",,,
186r,L16,1,F,FS,S,adopted,"[720, 5787, 4090, 5961]",,,
186r,L16,2,C,CP,P,adopted,"[720, 5787, 4090, 5961]",,,
186r,L16,3,E,ER,E,adopted,"[720, 5787, 4090, 5961]",,,
186r,L16,4,I,IX,I,adopted,"[720, 5787, 4090, 5961]",,,
186r,L16,5,A,AN,N,adopted,"[720, 5787, 4090, 5961]",,,
186r,L16,6,E,ER,E,adopted,"[720, 5787, 4090, 5961]",,,
186r,L16,7,F,FS,S,adopted,"[720, 5787, 4090, 5961]",,,
186r,L16,8,I,IX,I,adopted,"[720, 5787, 4090, 5961]",,,
186r,L16,9,E,ER,E,adopted,"[720, 5787, 4090, 5961]",,,
186r,L16,10,A,AN,N,adopted,"[720, 5787, 4090, 5961]",,,
186r,L16,11,A,AN,A,adopted,"[720, 5787, 4090, 5961]",,,
186r,L16,12,G,GT,T,adopted,"[720, 5787, 4090, 5961]",,,
186r,L16,13,G,GT,T,adopted,"[720, 5787, 4090, 5961]",,,
186r,L16,14,E,ER,E,adopted,"[720, 5787, 4090, 5961]",,,
186r,L16,15,A,AN,N,adopted,"[720, 5787, 4090, 5961]",,,
186r,L16,16,F,FS,S,adopted,"[720, 5787, 4090, 5961]",,,
186r,L16,17,H,HU,U,adopted,"[720, 5787, 4090, 5961]",,,
186r,L16,18,A,AN,N,adopted,"[720, 5787, 4090, 5961]",,,
186r,L16,19,M,MZ,M,adopted,"[720, 5787, 4090, 5961]",,,
186r,L16,20,B,BO,O,adopted,"[720, 5787, 4090, 5961]",,,
186r,L16,21,A,AN,N,adopted,"[720, 5787, 4090, 5961]",,,
186r,L16,22,D,DQ,D,adopted,"[720, 5787, 4090, 5961]",,,
186r,L16,23,E,ER,E,adopted,"[720, 5787, 4090, 5961]",,,
186r,L16,24,D,DQ,D,adopted,"[720, 5787, 4090, 5961]",,,
186r,L16,25,E,ER,E,adopted,"[720, 5787, 4090, 5961]",,,
186r,L16,26,E,ER,R,adopted,"[720, 5787, 4090, 5961]",,,
186r,L16,27,E,ER,E,adopted,"[720, 5787, 4090, 5961]",,,
186r,L16,28,C,CP,P,adopted,"[720, 5787, 4090, 5961]",,,
186r,L16,29,E,ER,R,adopted,"[720, 5787, 4090, 5961]",,,
186r,L16,30,B,BO,O,adopted,"[720, 5787, 4090, 5961]",,,
186r,L16,31,C,CP,C,adopted,"[720, 5787, 4090, 5961]",,,
186r,L16,32,H,HU,H,adopted,"[720, 5787, 4090, 5961]",,,
186r,L16,33,E,ER,E,adopted,"[720, 5787, 4090, 5961]",,,
186r,L16,34,F,FS,S,adopted,"[720, 5787, 4090, 5961]",,,
186r,L16,35,G,GT,T,adopted,"[720, 5787, 4090, 5961]",,,
186r,L16,36,B,BO,O,adopted,"[720, 5787, 4090, 5961]",,,
186r,L16,37,H,HU,U,adopted,"[720, 5787, 4090, 5961]",,,
186r,L16,38,G,GT,T,adopted,"[720, 5787, 4090, 5961]",,,
186r,L16,39,E,ER,E,adopted,"[720, 5787, 4090, 5961]",,,
186r,L16,40,F,FS,S,adopted,"[720, 5787, 4090, 5961]",,,
186r,L16,41,G,GT,T,adopted,"[720, 5787, 4090, 5961]",,,
186r,L16,42,B,BO,O,adopted,"[720, 5787, 4090, 5961]",,,
186r,L16,43,M,MZ,M,adopted,"[720, 5787, 4090, 5961]",,,
186r,L16,44,B,BO,B,adopted,"[720, 5787, 4090, 5961]",,,
186r,L16,45,A,AN,A,adopted,"[720, 5787, 4090, 5961]",,,
186r,L16,46,A,AN,N,adopted,"[720, 5787, 4090, 5961]",,,
186r,L16,47,G,GT,T,adopted,"[720, 5787, 4090, 5961]",,,
186r,L16,48,E,ER,E,adopted,"[720, 5787, 4090, 5961]",,,
186r,L16,49,F,FS,S,adopted,"[720, 5787, 4090, 5961]",,,
186r,L16,50,F,FS,S,adopted,"[720, 5787, 4090, 5961]",,,
186r,L16,51,H,HU,U,adopted,"[720, 5787, 4090, 5961]",,,
186r,L16,52,E,ER,R,adopted,"[720, 5787, 4090, 5961]",,,
186r,L16,53,X,,,unadopted,"[720, 5787, 4090, 5961]",,,
186r,L16,54,QUI,QUI,QUI,adopted,"[720, 5787, 4090, 5961]",,,
186r,L16,55,F,FS,F,adopted,"[720, 5787, 4090, 5961]",,,
186r,L16,56,A,AN,A,adopted,"[720, 5787, 4090, 5961]",,,
186r,L16,57,I,IX,I,adopted,"[720, 5787, 4090, 5961]",,,
186r,L16,58,G,GT,T,adopted,"[720, 5787, 4090, 5961]",,,
186r,L16,59,C,CP,P,adopted,"[720, 5787, 4090, 5961]",,,
186r,L16,60,L,LY,L,adopted,"[720, 5787, 4090, 5961]",,,
186r,L16,61,H,HU,U,adopted,"[720, 5787, 4090, 5961]",,,
186r,L16,62,F,FS,S,adopted,"[720, 5787, 4090, 5961]",,,
186r,L16,63,QUI,QUI,,unadopted,"[720, 5787, 4090, 5961]",,,
186r,L16,64,L,LY,,unadopted,"[720, 5787, 4090, 5961]",,,
186r,L16,65,A,AN,,unadopted,"[720, 5787, 4090, 5961]",,,
186r,L16,66,E,ER,,unadopted,"[720, 5787, 4090, 5961]",,,
186r,L16,67,D,DQ,,unadopted,"[720, 5787, 4090, 5961]",,,
186r,L16,68,E,ER,,unadopted,"[720, 5787, 4090, 5961]",,,
186r,L17,1,H,HU,U,adopted,"[720, 5875, 4090, 6053]",,,
186r,L17,2,E,ER,E,adopted,"[720, 5875, 4090, 6053]",,,
186r,L17,3,B,BO,O,adopted,"[720, 5875, 4090, 6053]",,,
186r,L17,4,I,IX,I,adopted,"[720, 5875, 4090, 6053]",,,
186r,L17,5,G,GT,T,adopted,"[720, 5875, 4090, 6053]",,,
186r,L17,6,F,FS,S,adopted,"[720, 5875, 4090, 6053]",,,
186r,L17,7,A,AN,A,adopted,"[720, 5875, 4090, 6053]",,,
186r,L17,8,A,AN,N,adopted,"[720, 5875, 4090, 6053]",,,
186r,L17,9,F,FS,S,adopted,"[720, 5875, 4090, 6053]",,,
186r,L17,10,A,AN,A,adopted,"[720, 5875, 4090, 6053]",,,
186r,L17,11,H,HU,U,adopted,"[720, 5875, 4090, 6053]",,,
186r,L17,12,C,CP,C,adopted,"[720, 5875, 4090, 6053]",,,
186r,L17,13,H,HU,U,adopted,"[720, 5875, 4090, 6053]",,,
186r,L17,14,A,AN,N,adopted,"[720, 5875, 4090, 6053]",,,
186r,L17,15,E,ER,E,adopted,"[720, 5875, 4090, 6053]",,,
186r,L17,16,A,AN,A,adopted,"[720, 5875, 4090, 6053]",,,
186r,L17,17,C,CP,P,adopted,"[720, 5875, 4090, 6053]",,,
186r,L17,18,E,ER,R,adopted,"[720, 5875, 4090, 6053]",,,
186r,L17,19,E,ER,E,adopted,"[720, 5875, 4090, 6053]",,,
186r,L17,20,H,HU,H,adopted,"[720, 5875, 4090, 6053]",,,
186r,L17,21,E,ER,E,adopted,"[720, 5875, 4090, 6053]",,,
186r,L17,22,A,AN,N,adopted,"[720, 5875, 4090, 6053]",,,
186r,L17,23,G,GT,T,adopted,"[720, 5875, 4090, 6053]",,,
186r,L17,24,I,IX,I,adopted,"[720, 5875, 4090, 6053]",,,
186r,L17,25,B,BO,O,adopted,"[720, 5875, 4090, 6053]",,,
186r,L17,26,A,AN,N,adopted,"[720, 5875, 4090, 6053]",,,
186r,L17,27,C,CP,C,adopted,"[720, 5875, 4090, 6053]",,,
186r,L17,28,A,AN,A,adopted,"[720, 5875, 4090, 6053]",,,
186r,L17,29,E,ER,R,adopted,"[720, 5875, 4090, 6053]",,,
186r,L17,30,L,LY,L,adopted,"[720, 5875, 4090, 6053]",,,
186r,L17,31,H,HU,H,adopted,"[720, 5875, 4090, 6053]",,,
186r,L17,32,B,BO,O,adopted,"[720, 5875, 4090, 6053]",,,
186r,L17,33,A,AN,N,adopted,"[720, 5875, 4090, 6053]",,,
186r,L17,34,A,AN,N,adopted,"[720, 5875, 4090, 6053]",,,
186r,L17,35,E,ER,E,adopted,"[720, 5875, 4090, 6053]",,,
186r,L17,36,H,HU,U,adopted,"[720, 5875, 4090, 6053]",,,
186r,L17,37,E,ER,R,adopted,"[720, 5875, 4090, 6053]",,,
186r,L17,38,H,HU,U,adopted,"[720, 5875, 4090, 6053]",,,
186r,L17,39,A,AN,A,adopted,"[720, 5875, 4090, 6053]",,,
186r,L17,40,H,HU,U,adopted,"[720, 5875, 4090, 6053]",,,
186r,L17,41,L,LY,L,adopted,"[720, 5875, 4090, 6053]",,,
186r,L17,42,G,GT,T,adopted,"[720, 5875, 4090, 6053]",,,
186r,L17,43,M,MZ,M,adopted,"[720, 5875, 4090, 6053]",,,
186r,L17,44,I,IX,I,adopted,"[720, 5875, 4090, 6053]",,,
186r,L17,45,E,ER,E,adopted,"[720, 5875, 4090, 6053]",,,
186r,L17,46,H,HU,U,adopted,"[720, 5875, 4090, 6053]",,,
186r,L17,47,L,LY,L,adopted,"[720, 5875, 4090, 6053]",,,
186r,L17,48,I,IX,X,adopted,"[720, 5875, 4090, 6053]",,,
186r,L17,49,QUE,QUE,,unadopted,"[720, 5875, 4090, 6053]",,,
186r,L17,50,G,GT,,unadopted,"[720, 5875, 4090, 6053]",,,
186r,L17,51,B,BO,,unadopted,"[720, 5875, 4090, 6053]",,,
186r,L17,52,H,HU,,unadopted,"[720, 5875, 4090, 6053]",,,
186r,L17,53,G,GT,,unadopted,"[720, 5875, 4090, 6053]",,,
186r,L17,54,E,ER,,unadopted,"[720, 5875, 4090, 6053]",,,
186r,L17,55,F,FS,,unadopted,"[720, 5875, 4090, 6053]",,,
186r,L17,56,G,GT,,unadopted,"[720, 5875, 4090, 6053]",,,
186r,L17,57,E,ER,,unadopted,"[720, 5875, 4090, 6053]",,,
186r,L17,58,F,FS,,unadopted,"[720, 5875, 4090, 6053]",,,
186r,L17,59,A,AN,A,adopted,"[720, 5875, 4090, 6053]",,,
186r,L17,60,C,CP,P,adopted,"[720, 5875, 4090, 6053]",,,
186r,L17,61,A,AN,A,adopted,"[720, 5875, 4090, 6053]",,,
186r,L17,62,E,ER,R,adopted,"[720, 5875, 4090, 6053]",,,
186r,L17,63,A,AN,A,adopted,"[720, 5875, 4090, 6053]",,,
186r,L17,64,A,AN,N,adopted,"[720, 5875, 4090, 6053]",,,
186r,L17,65,C,CP,C,adopted,"[720, 5875, 4090, 6053]",,,
186r,L17,66,E,ER,E,adopted,"[720, 5875, 4090, 6053]",,,
186r,L17,67,F,FS,S,adopted,"[720, 5875, 4090, 6053]",,,
186v,V01,1,E,ER,R,adopted,"[850, 1138, 4180, 1294]",890,1184,
186v,V01,2,E,ER,E,adopted,"[850, 1138, 4180, 1294]",938,1184,
186v,V01,3,C,CP,C,adopted,"[850, 1138, 4180, 1294]",988,1184,
186v,V01,4,H,HU,H,adopted,"[850, 1138, 4180, 1294]",1022,1184,
186v,V01,5,E,ER,E,adopted,"[850, 1138, 4180, 1294]",1070,1184,
186v,V01,6,E,ER,R,adopted,"[850, 1138, 4180, 1294]",1110,1184,
186v,V01,7,C,CP,C,adopted,"[850, 1138, 4180, 1294]",1155,1184,
186v,V01,8,H,HU,H,adopted,"[850, 1138, 4180, 1294]",1200,1184,
186v,V01,9,E,ER,E,adopted,"[850, 1138, 4180, 1294]",1240,1184,
186v,V01,10,E,ER,E,adopted,"[850, 1138, 4180, 1294]",1275,1185,
186v,V01,11,F,FS,S,adopted,"[850, 1138, 4180, 1294]",1310,1186,
186v,V01,12,X3,,,unadopted,"[850, 1138, 4180, 1294]",1360,1187,
186v,V01,13,L,LY,L,adopted,"[850, 1138, 4180, 1294]",1425,1189,
186v,V01,14,A,AN,A,adopted,"[850, 1138, 4180, 1294]",1462,1190,
186v,V01,15,C,CP,P,adopted,"[850, 1138, 4180, 1294]",1510,1191,
186v,V01,16,L,LY,L,adopted,"[850, 1138, 4180, 1294]",1552,1192,
186v,V01,17,H,HU,U,adopted,"[850, 1138, 4180, 1294]",1605,1194,
186v,V01,18,F,FS,S,adopted,"[850, 1138, 4180, 1294]",1644,1195,
186v,V01,19,C,CP,P,adopted,"[850, 1138, 4180, 1294]",1703,1196,
186v,V01,20,A,AN,A,adopted,"[850, 1138, 4180, 1294]",1762,1198,
186v,V01,21,E,ER,R,adopted,"[850, 1138, 4180, 1294]",1806,1199,
186v,V01,22,G,GT,T,adopted,"[850, 1138, 4180, 1294]",1850,1200,
186v,V01,23,D,DQ,D,adopted,"[850, 1138, 4180, 1294]",1910,1201,
186v,V01,24,E,ER,E,adopted,"[850, 1138, 4180, 1294]",1950,1202,
186v,V01,25,F,FS,S,adopted,"[850, 1138, 4180, 1294]",1990,1203,
186v,V01,26,H,HU,H,adopted,"[850, 1138, 4180, 1294]",2040,1205,
186v,V01,27,B,BO,O,adopted,"[850, 1138, 4180, 1294]",2090,1206,
186v,V01,28,M,MZ,M,adopted,"[850, 1138, 4180, 1294]",2150,1207,
186v,V01,29,M,MZ,M,adopted,"[850, 1138, 4180, 1294]",2190,1208,
186v,V01,30,E,ER,E,adopted,"[850, 1138, 4180, 1294]",2230,1210,
186v,V01,31,F,FS,S,adopted,"[850, 1138, 4180, 1294]",2270,1211,
186v,V01,32,I,IX,I,adopted,"[850, 1138, 4180, 1294]",2330,1212,
186v,V01,33,B,BO,O,adopted,"[850, 1138, 4180, 1294]",2380,1213,
186v,V01,34,I,IX,I,adopted,"[850, 1138, 4180, 1294]",2430,1215,
186v,V01,35,A,AN,N,adopted,"[850, 1138, 4180, 1294]",2510,1217,
186v,V01,36,G,GT,T,adopted,"[850, 1138, 4180, 1294]",2560,1217,
186v,V01,37,QUE,QUE,QUE,adopted,"[850, 1138, 4180, 1294]",2620,1218,
186v,V01,38,L,LY,L,adopted,"[850, 1138, 4180, 1294]",2675,1219,
186v,V01,39,A,AN,A,adopted,"[850, 1138, 4180, 1294]",2720,1219,
186v,V01,40,F,FS,F,adopted,"[850, 1138, 4180, 1294]",2770,1220,
186v,V01,41,I,IX,I,adopted,"[850, 1138, 4180, 1294]",2820,1221,
186v,V01,42,A,AN,N,adopted,"[850, 1138, 4180, 1294]",2875,1221,
186v,V01,43,C,CP,C,adopted,"[850, 1138, 4180, 1294]",2930,1222,
186v,V01,44,B,BO,O,adopted,"[850, 1138, 4180, 1294]",2967,1222,
186v,V01,45,E,ER,R,adopted,"[850, 1138, 4180, 1294]",3020,1223,
186v,V01,46,B,BO,O,adopted,"[850, 1138, 4180, 1294]",3064,1224,
186v,V01,47,A,AN,N,adopted,"[850, 1138, 4180, 1294]",3105,1224,
186v,V01,48,A,AN,N,adopted,"[850, 1138, 4180, 1294]",3155,1225,
186v,V01,49,E,ER,E,adopted,"[850, 1138, 4180, 1294]",3206,1225,
186v,V01,50,E,ER,R,adopted,"[850, 1138, 4180, 1294]",3257,1226,
186v,V01,51,A,AN,A,adopted,"[850, 1138, 4180, 1294]",3302,1227,
186v,V01,52,L,LY,L,adopted,"[850, 1138, 4180, 1294]",3351,1227,
186v,V01,53,B,BO,O,adopted,"[850, 1138, 4180, 1294]",3387,1228,
186v,V01,54,E,ER,E,adopted,"[850, 1138, 4180, 1294]",3430,1228,
186v,V01,55,H,HU,U,adopted,"[850, 1138, 4180, 1294]",3475,1229,
186v,V01,56,H,HU,U,adopted,"[850, 1138, 4180, 1294]",3511,1229,
186v,V01,57,E,ER,R,adopted,"[850, 1138, 4180, 1294]",3553,1230,
186v,V01,58,E,ER,E,adopted,"[850, 1138, 4180, 1294]",3595,1230,
186v,V01,59,C,CP,C,adopted,"[850, 1138, 4180, 1294]",3650,1231,
186v,V01,60,A,AN,A,adopted,"[850, 1138, 4180, 1294]",3701,1231,
186v,V01,61,E,ER,R,adopted,"[850, 1138, 4180, 1294]",3750,1232,
186v,V01,62,A,AN,A,adopted,"[850, 1138, 4180, 1294]",3793,1233,
186v,V01,63,H,HU,U,adopted,"[850, 1138, 4180, 1294]",3835,1233,
186v,V01,64,G,GT,T,adopted,"[850, 1138, 4180, 1294]",3877,1234,
186v,V01,65,E,ER,E,adopted,"[850, 1138, 4180, 1294]",3907,1234,
186v,V01,66,M,MZ,M,adopted,"[850, 1138, 4180, 1294]",3950,1234,
186v,V01,67,C,CP,P,adopted,"[850, 1138, 4180, 1294]",3986,1234,
186v,V01,68,F,FS,S,adopted,"[850, 1138, 4180, 1294]",4020,1234,
186v,V01,69,QUE,QUE,QUE,adopted,"[850, 1138, 4180, 1294]",4055,1234,
186v,V01,70,XR1,,,unadopted,"[850, 1138, 4180, 1294]",4105,1234,
186v,V02,1,A,AN,,unadopted,"[850, 1237, 4180, 1398]",890,1283,"['A', 'C']"
186v,V02,2,D,DQ,,unadopted,"[850, 1237, 4180, 1398]",957,1283,
186v,V02,3,H,HU,U,adopted,"[850, 1237, 4180, 1398]",1004,1283,
186v,V02,4,A,AN,N,adopted,"[850, 1237, 4180, 1398]",1050,1283,
186v,V02,5,E,ER,E,adopted,"[850, 1237, 4180, 1398]",1111,1283,
186v,V02,6,F,FS,S,adopted,"[850, 1237, 4180, 1398]",1155,1283,
186v,V02,7,G,GT,T,adopted,"[850, 1237, 4180, 1398]",1201,1283,
186v,V02,8,B,BO,B,adopted,"[850, 1237, 4180, 1398]",1252,1284,
186v,V02,9,A,AN,A,adopted,"[850, 1237, 4180, 1398]",1325,1286,
186v,V02,10,A,AN,N,adopted,"[850, 1237, 4180, 1398]",1380,1287,
186v,V02,11,D,DQ,D,adopted,"[850, 1237, 4180, 1398]",1440,1288,
186v,V02,12,E,ER,E,adopted,"[850, 1237, 4180, 1398]",1480,1289,
186v,V02,13,POUR,POUR,POUR,adopted,"[850, 1237, 4180, 1398]",1540,1291,
186v,V02,14,D,DQ,D,adopted,"[850, 1237, 4180, 1398]",1580,1292,
186v,V02,15,E,ER,E,adopted,"[850, 1237, 4180, 1398]",1623,1293,
186v,V02,16,F,FS,S,adopted,"[850, 1237, 4180, 1398]",1670,1294,
186v,V02,17,C,CP,C,adopted,"[850, 1237, 4180, 1398]",1730,1296,
186v,V02,18,H,HU,H,adopted,"[850, 1237, 4180, 1398]",1790,1297,
186v,V02,19,I,IX,I,adopted,"[850, 1237, 4180, 1398]",1840,1299,
186v,V02,20,E,ER,R,adopted,"[850, 1237, 4180, 1398]",1890,1300,
186v,V02,21,E,ER,E,adopted,"[850, 1237, 4180, 1398]",1930,1301,
186v,V02,22,E,ER,R,adopted,"[850, 1237, 4180, 1398]",1970,1302,
186v,V02,23,A,AN,N,adopted,"[850, 1237, 4180, 1398]",2014,1303,
186v,V02,24,B,BO,O,adopted,"[850, 1237, 4180, 1398]",2060,1304,
186v,V02,25,F,FS,S,adopted,"[850, 1237, 4180, 1398]",2125,1306,
186v,V02,26,G,GT,T,adopted,"[850, 1237, 4180, 1398]",2160,1307,
186v,V02,27,E,ER,R,adopted,"[850, 1237, 4180, 1398]",2195,1308,
186v,V02,28,E,ER,E,adopted,"[850, 1237, 4180, 1398]",2240,1309,
186v,V02,29,E,ER,E,adopted,"[850, 1237, 4180, 1398]",2295,1310,
186v,V02,30,F,FS,S,adopted,"[850, 1237, 4180, 1398]",2340,1311,
186v,V02,31,G,GT,T,adopted,"[850, 1237, 4180, 1398]",2395,1313,
186v,V02,32,A,AN,A,adopted,"[850, 1237, 4180, 1398]",2445,1314,
186v,V02,33,G,GT,T,adopted,"[850, 1237, 4180, 1398]",2497,1315,
186v,V02,34,QUI,QUI,QUI,adopted,"[850, 1237, 4180, 1398]",2560,1317,
186v,V02,35,A,AN,A,adopted,"[850, 1237, 4180, 1398]",2625,1318,
186v,V02,36,M,MZ,M,adopted,"[850, 1237, 4180, 1398]",2670,1318,
186v,V02,37,E,ER,E,adopted,"[850, 1237, 4180, 1398]",2720,1319,
186v,V02,38,A,AN,N,adopted,"[850, 1237, 4180, 1398]",2770,1320,
186v,V02,39,E,ER,E,adopted,"[850, 1237, 4180, 1398]",2810,1321,
186v,V02,40,E,ER,R,adopted,"[850, 1237, 4180, 1398]",2860,1321,
186v,V02,41,B,BO,O,adopted,"[850, 1237, 4180, 1398]",2915,1322,
186v,V02,42,I,IX,I,adopted,"[850, 1237, 4180, 1398]",2970,1323,
186v,V02,43,G,GT,T,adopted,"[850, 1237, 4180, 1398]",3020,1324,
186v,V02,44,E,ER,E,adopted,"[850, 1237, 4180, 1398]",3070,1325,
186v,V02,45,A,AN,N,adopted,"[850, 1237, 4180, 1398]",3100,1325,
186v,V02,46,A,AN,A,adopted,"[850, 1237, 4180, 1398]",3150,1326,
186v,V02,47,C,CP,P,adopted,"[850, 1237, 4180, 1398]",3190,1327,
186v,V02,48,E,ER,R,adopted,"[850, 1237, 4180, 1398]",3240,1327,
186v,V02,49,E,ER,E,adopted,"[850, 1237, 4180, 1398]",3290,1328,
186v,V02,50,F,FS,S,adopted,"[850, 1237, 4180, 1398]",3330,1329,
186v,V02,51,L,LY,L,adopted,"[850, 1237, 4180, 1398]",3380,1330,
186v,V02,52,A,AN,A,adopted,"[850, 1237, 4180, 1398]",3440,1331,
186v,V02,53,E,ER,R,adopted,"[850, 1237, 4180, 1398]",3480,1331,
186v,V02,54,H,HU,U,adopted,"[850, 1237, 4180, 1398]",3530,1332,
186v,V02,55,I,IX,I,adopted,"[850, 1237, 4180, 1398]",3570,1333,
186v,V02,56,A,AN,N,adopted,"[850, 1237, 4180, 1398]",3620,1333,
186v,V02,57,E,ER,E,adopted,"[850, 1237, 4180, 1398]",3660,1334,
186v,V02,58,D,DQ,D,adopted,"[850, 1237, 4180, 1398]",3720,1335,
186v,V02,59,E,ER,E,adopted,"[850, 1237, 4180, 1398]",3760,1336,
186v,V02,60,L,LY,L,adopted,"[850, 1237, 4180, 1398]",3800,1336,
186v,V02,61,A,AN,A,adopted,"[850, 1237, 4180, 1398]",3850,1337,
186v,V02,62,C,CP,C,adopted,"[850, 1237, 4180, 1398]",3890,1338,
186v,V02,63,E,ER,R,adopted,"[850, 1237, 4180, 1398]",3930,1338,
186v,V02,64,E,ER,E,adopted,"[850, 1237, 4180, 1398]",3970,1338,
186v,V02,65,F,FS,S,adopted,"[850, 1237, 4180, 1398]",4015,1338,
186v,V02,66,G,GT,T,adopted,"[850, 1237, 4180, 1398]",4050,1338,
186v,V02,67,I,IX,I,adopted,"[850, 1237, 4180, 1398]",4080,1338,
186v,V02,68,XR2,,,unadopted,"[850, 1237, 4180, 1398]",4110,1338,
186v,V03,1,G,GT,,unadopted,"[850, 1344, 4180, 1483]",894,1390,
186v,V03,2,E,ER,,unadopted,"[850, 1344, 4180, 1483]",930,1390,
186v,V03,3,H,HU,,unadopted,"[850, 1344, 4180, 1483]",995,1390,
186v,V03,4,A,AN,A,adopted,"[850, 1344, 4180, 1483]",1045,1390,
186v,V03,5,B,BO,B,adopted,"[850, 1344, 4180, 1483]",1104,1390,
186v,V03,6,A,AN,A,adopted,"[850, 1344, 4180, 1483]",1168,1390,
186v,V03,7,A,AN,N,adopted,"[850, 1344, 4180, 1483]",1225,1390,
186v,V03,8,D,DQ,D,adopted,"[850, 1344, 4180, 1483]",1269,1391,
186v,V03,9,B,BO,O,adopted,"[850, 1344, 4180, 1483]",1318,1391,
186v,V03,10,A,AN,N,adopted,"[850, 1344, 4180, 1483]",1382,1392,
186v,V03,11,A,AN,N,adopted,"[850, 1344, 4180, 1483]",1438,1393,
186v,V03,12,E,ER,E,adopted,"[850, 1344, 4180, 1483]",1478,1394,
186v,V03,13,D,DQ,D,adopted,"[850, 1344, 4180, 1483]",1527,1394,
186v,V03,14,E,ER,E,adopted,"[850, 1344, 4180, 1483]",1567,1395,
186v,V03,15,G,GT,T,adopted,"[850, 1344, 4180, 1483]",1620,1395,
186v,V03,16,B,BO,O,adopted,"[850, 1344, 4180, 1483]",1659,1396,
186v,V03,17,H,HU,U,adopted,"[850, 1344, 4180, 1483]",1725,1397,
186v,V03,18,G,GT,T,adopted,"[850, 1344, 4180, 1483]",1775,1398,
186v,V03,19,L,LY,L,adopted,"[850, 1344, 4180, 1483]",1829,1398,
186v,V03,20,E,ER,E,adopted,"[850, 1344, 4180, 1483]",1858,1399,
186v,V03,21,M,MZ,M,adopted,"[850, 1344, 4180, 1483]",1906,1399,
186v,V03,22,B,BO,O,adopted,"[850, 1344, 4180, 1483]",1955,1400,
186v,V03,23,A,AN,N,adopted,"[850, 1344, 4180, 1483]",2030,1401,
186v,V03,24,D,DQ,D,adopted,"[850, 1344, 4180, 1483]",2088,1402,
186v,V03,25,E,ER,E,adopted,"[850, 1344, 4180, 1483]",2133,1403,
186v,V03,26,A,AN,N,adopted,"[850, 1344, 4180, 1483]",2192,1403,
186v,V03,27,E,ER,E,adopted,"[850, 1344, 4180, 1483]",2233,1404,
186v,V03,28,G,GT,G,adopted,"[850, 1344, 4180, 1483]",2285,1405,
186v,V03,29,L,LY,L,adopted,"[850, 1344, 4180, 1483]",2328,1405,
186v,V03,30,I,IX,I,adopted,"[850, 1344, 4180, 1483]",2372,1406,
186v,V03,31,G,GT,G,adopted,"[850, 1344, 4180, 1483]",2413,1406,
186v,V03,32,E,ER,E,adopted,"[850, 1344, 4180, 1483]",2449,1407,
186v,V03,33,G,GT,T,adopted,"[850, 1344, 4180, 1483]",2504,1408,
186v,V03,34,B,BO,O,adopted,"[850, 1344, 4180, 1483]",2547,1408,
186v,V03,35,H,HU,U,adopted,"[850, 1344, 4180, 1483]",2608,1409,
186v,V03,36,F,FS,S,adopted,"[850, 1344, 4180, 1483]",2656,1409,
186v,V03,37,F,FS,S,adopted,"[850, 1344, 4180, 1483]",2714,1410,
186v,V03,38,E,ER,E,adopted,"[850, 1344, 4180, 1483]",2761,1411,
186v,V03,39,F,FS,S,adopted,"[850, 1344, 4180, 1483]",2800,1411,
186v,V03,40,A,AN,A,adopted,"[850, 1344, 4180, 1483]",2868,1412,
186v,V03,41,D,DQ,D,adopted,"[850, 1344, 4180, 1483]",2918,1412,
186v,V03,42,H,HU,U,adopted,"[850, 1344, 4180, 1483]",2970,1413,
186v,V03,43,E,ER,E,adopted,"[850, 1344, 4180, 1483]",3016,1413,
186v,V03,44,E,ER,R,adopted,"[850, 1344, 4180, 1483]",3052,1414,
186v,V03,45,G,GT,T,adopted,"[850, 1344, 4180, 1483]",3104,1414,
186v,V03,46,I,IX,I,adopted,"[850, 1344, 4180, 1483]",3135,1415,
186v,V03,47,F,FS,S,adopted,"[850, 1344, 4180, 1483]",3198,1415,
186v,V03,48,F,FS,S,adopted,"[850, 1344, 4180, 1483]",3252,1416,
186v,V03,49,E,ER,E,adopted,"[850, 1344, 4180, 1483]",3302,1416,
186v,V03,50,M,MZ,M,adopted,"[850, 1344, 4180, 1483]",3348,1417,
186v,V03,51,E,ER,E,adopted,"[850, 1344, 4180, 1483]",3397,1417,
186v,V03,52,A,AN,N,adopted,"[850, 1344, 4180, 1483]",3442,1418,
186v,V03,53,F,FS,S,adopted,"[850, 1344, 4180, 1483]",3498,1419,
186v,V03,54,ET,ET,ET,adopted,"[850, 1344, 4180, 1483]",3554,1419,
186v,V03,55,F,FS,S,adopted,"[850, 1344, 4180, 1483]",3598,1420,
186v,V03,56,H,HU,U,adopted,"[850, 1344, 4180, 1483]",3650,1420,
186v,V03,57,E,ER,R,adopted,"[850, 1344, 4180, 1483]",3692,1421,
186v,V03,58,I,IX,I,adopted,"[850, 1344, 4180, 1483]",3755,1421,
186v,V03,59,C,CP,C,adopted,"[850, 1344, 4180, 1483]",3802,1422,
186v,V03,60,E,ER,E,adopted,"[850, 1344, 4180, 1483]",3844,1422,
186v,V03,61,H,HU,U,adopted,"[850, 1344, 4180, 1483]",3885,1423,
186v,V03,62,L,LY,L,adopted,"[850, 1344, 4180, 1483]",3920,1423,
186v,V03,63,I,IX,X,adopted,"[850, 1344, 4180, 1483]",3953,1423,
186v,V03,64,B,BO,,unadopted,"[850, 1344, 4180, 1483]",4007,1423,
186v,V03,65,A,AN,,unadopted,"[850, 1344, 4180, 1483]",4060,1423,
186v,V03,66,F,FS,,unadopted,"[850, 1344, 4180, 1483]",4105,1423,
186v,V04,1,B,BO,,unadopted,"[850, 1433, 4180, 1581]",902,1479,
186v,V04,2,H,HU,,unadopted,"[850, 1433, 4180, 1581]",957,1479,
186v,V04,3,E,ER,,unadopted,"[850, 1433, 4180, 1581]",999,1479,
186v,V04,4,D,DQ,D,adopted,"[850, 1433, 4180, 1581]",1050,1479,
186v,V04,5,E,ER,E,adopted,"[850, 1433, 4180, 1581]",1090,1479,
186v,V04,6,C,CP,P,adopted,"[850, 1433, 4180, 1581]",1144,1479,
186v,V04,7,E,ER,E,adopted,"[850, 1433, 4180, 1581]",1174,1479,
186v,V04,8,E,ER,R,adopted,"[850, 1433, 4180, 1581]",1220,1479,
186v,V04,9,F,FS,S,adopted,"[850, 1433, 4180, 1581]",1254,1480,
186v,V04,10,B,BO,O,adopted,"[850, 1433, 4180, 1581]",1301,1481,
186v,V04,11,A,AN,N,adopted,"[850, 1433, 4180, 1581]",1362,1483,
186v,V04,12,A,AN,N,adopted,"[850, 1433, 4180, 1581]",1419,1484,
186v,V04,13,E,ER,E,adopted,"[850, 1433, 4180, 1581]",1458,1485,
186v,V04,14,F,FS,S,adopted,"[850, 1433, 4180, 1581]",1492,1486,
186v,V04,15,E,ER,,unadopted,"[850, 1433, 4180, 1581]",1555,1488,
186v,V04,16,B,BO,,unadopted,"[850, 1433, 4180, 1581]",1610,1489,
186v,V04,17,E,ER,,unadopted,"[850, 1433, 4180, 1581]",1658,1490,
186v,V04,18,M,MZ,,unadopted,"[850, 1433, 4180, 1581]",1703,1492,
186v,V04,19,I,IX,,unadopted,"[850, 1433, 4180, 1581]",1746,1493,
186v,V04,20,F,FS,,unadopted,"[850, 1433, 4180, 1581]",1780,1494,
186v,V04,21,L,LY,L,adopted,"[850, 1433, 4180, 1581]",1840,1495,
186v,V04,22,E,ER,E,adopted,"[850, 1433, 4180, 1581]",1866,1496,
186v,V04,23,H,HU,U,adopted,"[850, 1433, 4180, 1581]",1911,1497,
186v,V04,24,E,ER,R,adopted,"[850, 1433, 4180, 1581]",1959,1498,
186v,V04,25,D,DQ,Q,adopted,"[850, 1433, 4180, 1581]",2003,1499,
186v,V04,26,H,HU,U,adopted,"[850, 1433, 4180, 1581]",2056,1501,
186v,V04,27,A,AN,A,adopted,"[850, 1433, 4180, 1581]",2094,1502,
186v,V04,28,L,LY,L,adopted,"[850, 1433, 4180, 1581]",2142,1503,
186v,V04,29,I,IX,I,adopted,"[850, 1433, 4180, 1581]",2180,1504,
186v,V04,30,G,GT,T,adopted,"[850, 1433, 4180, 1581]",2215,1505,
186v,V04,31,E,ER,E,adopted,"[850, 1433, 4180, 1581]",2259,1506,
186v,V04,32,D,DQ,D,adopted,"[850, 1433, 4180, 1581]",2327,1508,
186v,V04,33,E,ER,E,adopted,"[850, 1433, 4180, 1581]",2359,1509,
186v,V04,34,F,FS,S,adopted,"[850, 1433, 4180, 1581]",2398,1510,
186v,V04,35,G,GT,T,adopted,"[850, 1433, 4180, 1581]",2446,1511,
186v,V04,36,E,ER,R,adopted,"[850, 1433, 4180, 1581]",2472,1512,
186v,V04,37,E,ER,E,adopted,"[850, 1433, 4180, 1581]",2513,1513,
186v,V04,38,M,MZ,M,adopted,"[850, 1433, 4180, 1581]",2561,1513,
186v,V04,39,I,IX,I,adopted,"[850, 1433, 4180, 1581]",2617,1514,
186v,V04,40,A,AN,N,adopted,"[850, 1433, 4180, 1581]",2665,1514,
186v,V04,41,I,IX,I,adopted,"[850, 1433, 4180, 1581]",2713,1514,
186v,V04,42,F,FS,S,adopted,"[850, 1433, 4180, 1581]",2768,1514,
186v,V04,43,G,GT,T,adopted,"[850, 1433, 4180, 1581]",2816,1515,
186v,V04,44,E,ER,R,adopted,"[850, 1433, 4180, 1581]",2850,1515,
186v,V04,45,E,ER,E,adopted,"[850, 1433, 4180, 1581]",2880,1515,
186v,V04,46,F,FS,S,adopted,"[850, 1433, 4180, 1581]",2922,1515,
186v,V04,47,D,DQ,D,adopted,"[850, 1433, 4180, 1581]",2981,1516,
186v,V04,48,H,HU,U,adopted,"[850, 1433, 4180, 1581]",3022,1516,
186v,V04,49,A,AN,N,adopted,"[850, 1433, 4180, 1581]",3070,1516,
186v,V04,50,G,GT,G,adopted,"[850, 1433, 4180, 1581]",3108,1516,
186v,V04,51,E,ER,R,adopted,"[850, 1433, 4180, 1581]",3163,1517,
186v,V04,52,A,AN,A,adopted,"[850, 1433, 4180, 1581]",3210,1517,
186v,V04,53,A,AN,N,adopted,"[850, 1433, 4180, 1581]",3263,1517,
186v,V04,54,D,DQ,D,adopted,"[850, 1433, 4180, 1581]",3316,1518,
186v,V04,55,C,CP,,unadopted,"[850, 1433, 4180, 1581]",3373,1518,
186v,V04,56,E,ER,,unadopted,"[850, 1433, 4180, 1581]",3412,1518,
186v,V04,57,H,HU,,unadopted,"[850, 1433, 4180, 1581]",3448,1518,
186v,V04,58,I,IX,,unadopted,"[850, 1433, 4180, 1581]",3475,1519,
186v,V04,59,A,AN,,unadopted,"[850, 1433, 4180, 1581]",3500,1519,
186v,V04,60,C,CP,,unadopted,"[850, 1433, 4180, 1581]",3550,1519,
186v,V04,61,E,ER,,unadopted,"[850, 1433, 4180, 1581]",3587,1519,
186v,V04,62,QUI,QUI,QUI,adopted,"[850, 1433, 4180, 1581]",3649,1520,
186v,V04,63,A,AN,N,adopted,"[850, 1433, 4180, 1581]",3719,1520,
186v,V04,64,E,ER,E,adopted,"[850, 1433, 4180, 1581]",3770,1520,
186v,V04,65,F,FS,S,adopted,"[850, 1433, 4180, 1581]",3820,1521,
186v,V04,66,E,ER,E,adopted,"[850, 1433, 4180, 1581]",3856,1521,
186v,V04,67,E,ER,R,adopted,"[850, 1433, 4180, 1581]",3894,1521,
186v,V04,68,B,BO,O,adopted,"[850, 1433, 4180, 1581]",3940,1521,
186v,V04,69,I,IX,I,adopted,"[850, 1433, 4180, 1581]",3990,1521,
186v,V04,70,E,ER,E,adopted,"[850, 1433, 4180, 1581]",4029,1521,
186v,V04,71,A,AN,N,adopted,"[850, 1433, 4180, 1581]",4070,1521,
186v,V04,72,G,GT,T,adopted,"[850, 1433, 4180, 1581]",4105,1521,
186v,V05,1,C,CP,P,adopted,"[850, 1536, 4180, 1677]",894,1582,
186v,V05,2,A,AN,A,adopted,"[850, 1536, 4180, 1677]",950,1582,
186v,V05,3,F,FS,S,adopted,"[850, 1536, 4180, 1677]",1008,1582,
186v,V05,4,H,HU,H,adopted,"[850, 1536, 4180, 1677]",1071,1582,
186v,V05,5,B,BO,O,adopted,"[850, 1536, 4180, 1677]",1124,1582,
186v,V05,6,E,ER,R,adopted,"[850, 1536, 4180, 1677]",1173,1582,
186v,V05,7,F,FS,S,adopted,"[850, 1536, 4180, 1677]",1215,1582,
186v,V05,8,D,DQ,D,adopted,"[850, 1536, 4180, 1677]",1263,1583,
186v,V05,9,E,ER,E,adopted,"[850, 1536, 4180, 1677]",1308,1584,
186v,V05,10,E,ER,R,adopted,"[850, 1536, 4180, 1677]",1366,1585,
186v,V05,11,A,AN,A,adopted,"[850, 1536, 4180, 1677]",1416,1586,
186v,V05,12,A,AN,N,adopted,"[850, 1536, 4180, 1677]",1472,1587,
186v,V05,13,C,CP,C,adopted,"[850, 1536, 4180, 1677]",1513,1588,
186v,V05,14,A,AN,N,adopted,"[850, 1536, 4180, 1677]",1610,1590,
186v,V05,15,L,LY,Y,adopted,"[850, 1536, 4180, 1677]",1650,1591,
186v,V05,16,D,DQ,D,adopted,"[850, 1536, 4180, 1677]",1692,1592,
186v,V05,17,E,ER,E,adopted,"[850, 1536, 4180, 1677]",1737,1593,
186v,V05,18,G,GT,T,adopted,"[850, 1536, 4180, 1677]",1805,1594,
186v,V05,19,E,ER,R,adopted,"[850, 1536, 4180, 1677]",1833,1595,
186v,V05,20,B,BO,O,adopted,"[850, 1536, 4180, 1677]",1880,1596,
186v,V05,21,C,CP,P,adopted,"[850, 1536, 4180, 1677]",1940,1597,
186v,V05,22,B,BO,B,adopted,"[850, 1536, 4180, 1677]",1987,1598,
186v,V05,23,B,BO,O,adopted,"[850, 1536, 4180, 1677]",2052,1599,
186v,V05,24,A,AN,N,adopted,"[850, 1536, 4180, 1677]",2110,1600,
186v,V05,25,A,AN,N,adopted,"[850, 1536, 4180, 1677]",2161,1601,
186v,V05,26,E,ER,E,adopted,"[850, 1536, 4180, 1677]",2203,1602,
186v,V05,27,M,MZ,M,adopted,"[850, 1536, 4180, 1677]",2258,1603,
186v,V05,28,A,AN,A,adopted,"[850, 1536, 4180, 1677]",2302,1604,
186v,V05,29,I,IX,I,adopted,"[850, 1536, 4180, 1677]",2361,1606,
186v,V05,30,F,FS,S,adopted,"[850, 1536, 4180, 1677]",2407,1607,
186v,V05,31,B,BO,O,adopted,"[850, 1536, 4180, 1677]",2452,1607,
186v,V05,32,A,AN,N,adopted,"[850, 1536, 4180, 1677]",2501,1609,
186v,V05,33,POUR,POUR,POUR,adopted,"[850, 1536, 4180, 1677]",2560,1609,
186v,V05,34,G,GT,T,adopted,"[850, 1536, 4180, 1677]",2628,1610,
186v,V05,35,E,ER,E,adopted,"[850, 1536, 4180, 1677]",2664,1610,
186v,V05,36,A,AN,N,adopted,"[850, 1536, 4180, 1677]",2715,1610,
186v,V05,37,I,IX,I,adopted,"[850, 1536, 4180, 1677]",2770,1610,
186v,V05,38,E,ER,R,adopted,"[850, 1536, 4180, 1677]",2813,1611,
186v,V05,39,L,LY,L,adopted,"[850, 1536, 4180, 1677]",2864,1611,
186v,V05,40,I,IX,I,adopted,"[850, 1536, 4180, 1677]",2912,1611,
186v,V05,41,E,ER,E,adopted,"[850, 1536, 4180, 1677]",2952,1611,
186v,V05,42,H,HU,U,adopted,"[850, 1536, 4180, 1677]",2995,1612,
186v,V05,43,D,DQ,D,adopted,"[850, 1536, 4180, 1677]",3072,1612,
186v,V05,44,E,ER,E,adopted,"[850, 1536, 4180, 1677]",3105,1612,
186v,V05,45,F,FS,S,adopted,"[850, 1536, 4180, 1677]",3164,1613,
186v,V05,46,E,ER,E,adopted,"[850, 1536, 4180, 1677]",3210,1613,
186v,V05,47,E,ER,R,adopted,"[850, 1536, 4180, 1677]",3263,1613,
186v,V05,48,H,HU,U,adopted,"[850, 1536, 4180, 1677]",3312,1614,
186v,V05,49,I,IX,I,adopted,"[850, 1536, 4180, 1677]",3365,1614,
186v,V05,50,G,GT,T,adopted,"[850, 1536, 4180, 1677]",3410,1614,
186v,V05,51,E,ER,E,adopted,"[850, 1536, 4180, 1677]",3447,1614,
186v,V05,52,H,HU,U,adopted,"[850, 1536, 4180, 1677]",3500,1615,
186v,V05,53,E,ER,R,adopted,"[850, 1536, 4180, 1677]",3543,1615,
186v,V05,54,F,FS,S,adopted,"[850, 1536, 4180, 1677]",3583,1615,
186v,V05,55,C,CP,P,adopted,"[850, 1536, 4180, 1677]",3650,1616,
186v,V05,56,E,ER,R,adopted,"[850, 1536, 4180, 1677]",3688,1616,
186v,V05,57,E,ER,E,adopted,"[850, 1536, 4180, 1677]",3730,1616,
186v,V05,58,A,AN,N,adopted,"[850, 1536, 4180, 1677]",3776,1616,
186v,V05,59,F,FS,S,adopted,"[850, 1536, 4180, 1677]",3810,1616,
186v,V05,60,C,CP,,unadopted,"[850, 1536, 4180, 1677]",3877,1617,
186v,V05,61,B,BO,,unadopted,"[850, 1536, 4180, 1677]",3920,1617,
186v,V05,62,E,ER,,unadopted,"[850, 1536, 4180, 1677]",3970,1617,
186v,V05,63,H,HU,,unadopted,"[850, 1536, 4180, 1677]",4010,1617,
186v,V05,64,E,ER,,unadopted,"[850, 1536, 4180, 1677]",4048,1617,
186v,V05,65,C,CP,,unadopted,"[850, 1536, 4180, 1677]",4090,1617,
186v,V05,66,XR5,,,unadopted,"[850, 1536, 4180, 1677]",4125,1617,
186v,V06,1,A,AN,,unadopted,"[850, 1629, 4180, 1773]",895,1675,
186v,V06,2,G,GT,,unadopted,"[850, 1629, 4180, 1773]",961,1675,
186v,V06,3,E,ER,,unadopted,"[850, 1629, 4180, 1773]",997,1675,
186v,V06,4,E,ER,,unadopted,"[850, 1629, 4180, 1773]",1037,1675,
186v,V06,5,G,GT,T,adopted,"[850, 1629, 4180, 1773]",1093,1675,
186v,V06,6,B,BO,O,adopted,"[850, 1629, 4180, 1773]",1127,1675,
186v,V06,7,H,HU,U,adopted,"[850, 1629, 4180, 1773]",1175,1675,
186v,V06,8,G,GT,T,adopted,"[850, 1629, 4180, 1773]",1223,1675,
186v,V06,9,E,ER,E,adopted,"[850, 1629, 4180, 1773]",1265,1676,
186v,V06,10,F,FS,S,adopted,"[850, 1629, 4180, 1773]",1314,1677,
186v,V06,11,F,FS,S,adopted,"[850, 1629, 4180, 1773]",1365,1677,
186v,V06,12,B,BO,O,adopted,"[850, 1629, 4180, 1773]",1415,1678,
186v,V06,13,E,ER,R,adopted,"[850, 1629, 4180, 1773]",1463,1679,
186v,V06,14,G,GT,T,adopted,"[850, 1629, 4180, 1773]",1517,1680,
186v,V06,15,E,ER,E,adopted,"[850, 1629, 4180, 1773]",1560,1681,
186v,V06,16,F,FS,S,adopted,"[850, 1629, 4180, 1773]",1599,1682,
186v,V06,17,D,DQ,D,adopted,"[850, 1629, 4180, 1773]",1654,1683,
186v,V06,18,E,ER,E,adopted,"[850, 1629, 4180, 1773]",1704,1683,
186v,V06,19,G,GT,T,adopted,"[850, 1629, 4180, 1773]",1768,1685,
186v,V06,20,E,ER,E,adopted,"[850, 1629, 4180, 1773]",1806,1685,
186v,V06,21,M,MZ,M,adopted,"[850, 1629, 4180, 1773]",1852,1686,
186v,V06,22,C,CP,P,adopted,"[850, 1629, 4180, 1773]",1890,1687,
186v,V06,23,E,ER,E,adopted,"[850, 1629, 4180, 1773]",1931,1687,
186v,V06,24,F,FS,S,adopted,"[850, 1629, 4180, 1773]",1964,1688,
186v,V06,25,G,GT,T,adopted,"[850, 1629, 4180, 1773]",2017,1689,
186v,V06,26,E,ER,E,adopted,"[850, 1629, 4180, 1773]",2051,1690,
186v,V06,27,F,FS,S,adopted,"[850, 1629, 4180, 1773]",2095,1690,
186v,V06,28,POUR,POUR,POUR,adopted,"[850, 1629, 4180, 1773]",2160,1692,
186v,V06,29,F,FS,F,adopted,"[850, 1629, 4180, 1773]",2212,1692,
186v,V06,30,A,AN,A,adopted,"[850, 1629, 4180, 1773]",2270,1693,
186v,V06,31,I,IX,I,adopted,"[850, 1629, 4180, 1773]",2315,1694,
186v,V06,32,E,ER,R,adopted,"[850, 1629, 4180, 1773]",2370,1695,
186v,V06,33,E,ER,E,adopted,"[850, 1629, 4180, 1773]",2410,1696,
186v,V06,34,L,LY,L,adopted,"[850, 1629, 4180, 1773]",2465,1697,
186v,V06,35,E,ER,E,adopted,"[850, 1629, 4180, 1773]",2500,1698,
186v,V06,36,F,FS,S,adopted,"[850, 1629, 4180, 1773]",2557,1698,
186v,V06,37,B,BO,O,adopted,"[850, 1629, 4180, 1773]",2610,1699,
186v,V06,38,H,HU,U,adopted,"[850, 1629, 4180, 1773]",2660,1699,
186v,V06,39,H,HU,U,adopted,"[850, 1629, 4180, 1773]",2715,1700,
186v,V06,40,E,ER,E,adopted,"[850, 1629, 4180, 1773]",2755,1700,
186v,V06,41,E,ER,R,adopted,"[850, 1629, 4180, 1773]",2800,1701,
186v,V06,42,A,AN,A,adopted,"[850, 1629, 4180, 1773]",2854,1702,
186v,V06,43,I,IX,I,adopted,"[850, 1629, 4180, 1773]",2908,1702,
186v,V06,44,A,AN,N,adopted,"[850, 1629, 4180, 1773]",2960,1703,
186v,V06,45,ET,ET,ET,adopted,"[850, 1629, 4180, 1773]",3022,1703,
186v,V06,46,F,FS,S,adopted,"[850, 1629, 4180, 1773]",3060,1704,
186v,V06,47,E,ER,E,adopted,"[850, 1629, 4180, 1773]",3090,1704,
186v,V06,48,H,HU,U,adopted,"[850, 1629, 4180, 1773]",3123,1704,
186v,V06,49,L,LY,L,adopted,"[850, 1629, 4180, 1773]",3166,1705,
186v,V06,50,E,ER,R,adopted,"[850, 1629, 4180, 1773]",3203,1705,
186v,V06,51,E,ER,E,adopted,"[850, 1629, 4180, 1773]",3241,1706,
186v,V06,52,M,MZ,M,adopted,"[850, 1629, 4180, 1773]",3283,1706,
186v,V06,53,E,ER,E,adopted,"[850, 1629, 4180, 1773]",3323,1707,
186v,V06,54,D,DQ,D,adopted,"[850, 1629, 4180, 1773]",3365,1707,
186v,V06,55,E,ER,E,adopted,"[850, 1629, 4180, 1773]",3397,1707,
186v,V06,56,QUE,QUE,QUE,adopted,"[850, 1629, 4180, 1773]",3456,1708,
186v,V06,57,F,FS,S,adopted,"[850, 1629, 4180, 1773]",3504,1709,
186v,V06,58,A,AN,A,adopted,"[850, 1629, 4180, 1773]",3537,1709,
186v,V06,59,C,CP,P,adopted,"[850, 1629, 4180, 1773]",3591,1710,
186v,V06,60,E,ER,R,adopted,"[850, 1629, 4180, 1773]",3621,1710,
186v,V06,61,E,ER,E,adopted,"[850, 1629, 4180, 1773]",3683,1711,
186v,V06,62,F,FS,S,adopted,"[850, 1629, 4180, 1773]",3721,1711,
186v,V06,63,E,ER,E,adopted,"[850, 1629, 4180, 1773]",3764,1711,
186v,V06,64,A,AN,N,adopted,"[850, 1629, 4180, 1773]",3802,1712,
186v,V06,65,C,CP,C,adopted,"[850, 1629, 4180, 1773]",3852,1712,
186v,V06,66,E,ER,E,adopted,"[850, 1629, 4180, 1773]",3889,1713,
186v,V06,67,A,AN,,unadopted,"[850, 1629, 4180, 1773]",3949,1713,
186v,V06,68,F,FS,,unadopted,"[850, 1629, 4180, 1773]",3993,1713,
186v,V06,69,G,GT,,unadopted,"[850, 1629, 4180, 1773]",4040,1713,
186v,V06,70,I,IX,,unadopted,"[850, 1629, 4180, 1773]",4069,1713,
186v,V06,71,A,AN,,unadopted,"[850, 1629, 4180, 1773]",4115,1713,
186v,V07,1,D,DQ,,unadopted,"[850, 1731, 4180, 1859]",895,1777,
186v,V07,2,E,ER,,unadopted,"[850, 1731, 4180, 1859]",946,1777,
186v,V07,3,E,ER,,unadopted,"[850, 1731, 4180, 1859]",987,1777,
186v,V07,4,C,CP,,unadopted,"[850, 1731, 4180, 1859]",1030,1777,
186v,V07,5,E,ER,,unadopted,"[850, 1731, 4180, 1859]",1070,1777,
186v,V07,6,F,FS,,unadopted,"[850, 1731, 4180, 1859]",1120,1777,
186v,V07,7,C,CP,,unadopted,"[850, 1731, 4180, 1859]",1163,1777,
186v,V07,8,H,HU,,unadopted,"[850, 1731, 4180, 1859]",1190,1777,
186v,V07,9,B,BO,,unadopted,"[850, 1731, 4180, 1859]",1224,1777,
186v,V07,10,E,ER,,unadopted,"[850, 1731, 4180, 1859]",1260,1777,
186v,V07,11,D,DQ,D,adopted,"[850, 1731, 4180, 1859]",1310,1778,
186v,V07,12,H,HU,U,adopted,"[850, 1731, 4180, 1859]",1350,1778,
186v,V07,13,A,AN,N,adopted,"[850, 1731, 4180, 1859]",1410,1779,
186v,V07,14,E,ER,E,adopted,"[850, 1731, 4180, 1859]",1450,1779,
186v,V07,15,C,CP,P,adopted,"[850, 1731, 4180, 1859]",1514,1780,
186v,V07,16,E,ER,R,adopted,"[850, 1731, 4180, 1859]",1560,1781,
186v,V07,17,B,BO,O,adopted,"[850, 1731, 4180, 1859]",1610,1781,
186v,V07,18,C,CP,C,adopted,"[850, 1731, 4180, 1859]",1668,1782,
186v,V07,19,H,HU,H,adopted,"[850, 1731, 4180, 1859]",1720,1782,
186v,V07,20,A,AN,A,adopted,"[850, 1731, 4180, 1859]",1750,1783,
186v,V07,21,I,IX,I,adopted,"[850, 1731, 4180, 1859]",1823,1783,
186v,V07,22,A,AN,N,adopted,"[850, 1731, 4180, 1859]",1867,1784,
186v,V07,23,E,ER,E,adopted,"[850, 1731, 4180, 1859]",1910,1784,
186v,V07,24,C,CP,C,adopted,"[850, 1731, 4180, 1859]",1963,1785,
186v,V07,25,H,HU,H,adopted,"[850, 1731, 4180, 1859]",2014,1785,
186v,V07,26,E,ER,E,adopted,"[850, 1731, 4180, 1859]",2065,1786,
186v,V07,27,H,HU,U,adopted,"[850, 1731, 4180, 1859]",2120,1787,
186v,V07,28,G,GT,T,adopted,"[850, 1731, 4180, 1859]",2170,1787,
186v,V07,29,E,ER,E,adopted,"[850, 1731, 4180, 1859]",2200,1788,
186v,V07,30,L,LY,L,adopted,"[850, 1731, 4180, 1859]",2260,1788,
186v,V07,31,E,ER,E,adopted,"[850, 1731, 4180, 1859]",2294,1789,
186v,V07,32,F,FS,S,adopted,"[850, 1731, 4180, 1859]",2333,1789,
186v,V07,33,G,GT,T,adopted,"[850, 1731, 4180, 1859]",2400,1790,
186v,V07,34,A,AN,A,adopted,"[850, 1731, 4180, 1859]",2473,1790,
186v,V07,35,G,GT,T,adopted,"[850, 1731, 4180, 1859]",2517,1791,
186v,V07,36,ET,ET,ET,adopted,"[850, 1731, 4180, 1859]",2580,1791,
186v,V07,37,L,LY,L,adopted,"[850, 1731, 4180, 1859]",2630,1792,
186v,V07,38,A,AN,A,adopted,"[850, 1731, 4180, 1859]",2670,1792,
186v,V07,39,E,ER,R,adopted,"[850, 1731, 4180, 1859]",2725,1792,
186v,V07,40,E,ER,E,adopted,"[850, 1731, 4180, 1859]",2775,1792,
186v,V07,41,L,LY,L,adopted,"[850, 1731, 4180, 1859]",2820,1793,
186v,V07,42,I,IX,I,adopted,"[850, 1731, 4180, 1859]",2870,1793,
186v,V07,43,G,GT,G,adopted,"[850, 1731, 4180, 1859]",2920,1793,
186v,V07,44,I,IX,I,adopted,"[850, 1731, 4180, 1859]",2960,1794,
186v,V07,45,B,BO,O,adopted,"[850, 1731, 4180, 1859]",3008,1794,
186v,V07,46,A,AN,N,adopted,"[850, 1731, 4180, 1859]",3060,1794,
186v,V07,47,I,IX,I,adopted,"[850, 1731, 4180, 1859]",3090,1794,
186v,V07,48,L,LY,L,adopted,"[850, 1731, 4180, 1859]",3140,1795,
186v,V07,49,A,AN,N,adopted,"[850, 1731, 4180, 1859]",3180,1795,
186v,V07,50,E,ER,E,adopted,"[850, 1731, 4180, 1859]",3220,1795,
186v,V07,51,F,FS,F,adopted,"[850, 1731, 4180, 1859]",3270,1795,
186v,V07,52,A,AN,A,adopted,"[850, 1731, 4180, 1859]",3320,1796,
186v,V07,53,H,HU,U,adopted,"[850, 1731, 4180, 1859]",3370,1796,
186v,V07,54,G,GT,T,adopted,"[850, 1731, 4180, 1859]",3400,1796,
186v,V07,55,C,CP,P,adopted,"[850, 1731, 4180, 1859]",3480,1797,
186v,V07,56,B,BO,O,adopted,"[850, 1731, 4180, 1859]",3520,1797,
186v,V07,57,I,IX,I,adopted,"[850, 1731, 4180, 1859]",3570,1797,
186v,V07,58,A,AN,N,adopted,"[850, 1731, 4180, 1859]",3620,1797,
186v,V07,59,G,GT,T,adopted,"[850, 1731, 4180, 1859]",3650,1798,
186v,V07,60,D,DQ,D,adopted,"[850, 1731, 4180, 1859]",3720,1798,
186v,V07,61,B,BO,O,adopted,"[850, 1731, 4180, 1859]",3760,1798,
186v,V07,62,H,HU,U,adopted,"[850, 1731, 4180, 1859]",3820,1799,
186v,V07,63,G,GT,T,adopted,"[850, 1731, 4180, 1859]",3870,1799,
186v,V07,64,E,ER,E,adopted,"[850, 1731, 4180, 1859]",3910,1799,
186v,V07,65,E,ER,R,adopted,"[850, 1731, 4180, 1859]",3950,1799,
186v,V07,66,QUI,QUI,QUI,adopted,"[850, 1731, 4180, 1859]",4000,1799,
186v,V07,67,L,LY,L,adopted,"[850, 1731, 4180, 1859]",4040,1799,
186v,V07,68,A,AN,N,adopted,"[850, 1731, 4180, 1859]",4070,1799,
186v,V07,69,L,LY,Y,adopted,"[850, 1731, 4180, 1859]",4100,1799,
186v,V08,1,E,ER,E,adopted,"[850, 1838, 4180, 1959]",899,1884,
186v,V08,2,A,AN,N,adopted,"[850, 1838, 4180, 1959]",946,1884,
186v,V08,3,A,AN,A,adopted,"[850, 1838, 4180, 1959]",1003,1884,
186v,V08,4,I,IX,I,adopted,"[850, 1838, 4180, 1959]",1058,1884,
186v,V08,5,G,GT,T,adopted,"[850, 1838, 4180, 1959]",1110,1884,
186v,V08,6,QUI,QUI,QUI,adopted,"[850, 1838, 4180, 1959]",1168,1884,
186v,V08,7,A,AN,N,adopted,"[850, 1838, 4180, 1959]",1235,1884,
186v,V08,8,E,ER,E,adopted,"[850, 1838, 4180, 1959]",1275,1885,
186v,V08,9,H,HU,U,adopted,"[850, 1838, 4180, 1959]",1342,1885,
186v,V08,10,E,ER,E,adopted,"[850, 1838, 4180, 1959]",1388,1886,
186v,V08,11,H,HU,U,adopted,"[850, 1838, 4180, 1959]",1450,1887,
186v,V08,12,I,IX,I,adopted,"[850, 1838, 4180, 1959]",1511,1887,
186v,V08,13,L,LY,L,adopted,"[850, 1838, 4180, 1959]",1559,1888,
186v,V08,14,L,LY,L,adopted,"[850, 1838, 4180, 1959]",1591,1888,
186v,V08,15,E,ER,E,adopted,"[850, 1838, 4180, 1959]",1623,1889,
186v,V08,16,A,AN,N,adopted,"[850, 1838, 4180, 1959]",1672,1889,
186v,V08,17,G,GT,T,adopted,"[850, 1838, 4180, 1959]",1717,1890,
186v,V08,18,F,FS,S,adopted,"[850, 1838, 4180, 1959]",1770,1890,
186v,V08,19,E,ER,E,adopted,"[850, 1838, 4180, 1959]",1812,1891,
186v,V08,20,L,LY,L,adopted,"[850, 1838, 4180, 1959]",1870,1891,
186v,V08,21,B,BO,O,adopted,"[850, 1838, 4180, 1959]",1910,1892,
186v,V08,22,A,AN,N,adopted,"[850, 1838, 4180, 1959]",1957,1892,
186v,V08,23,L,LY,L,adopted,"[850, 1838, 4180, 1959]",2016,1893,
186v,V08,24,E,ER,E,adopted,"[850, 1838, 4180, 1959]",2057,1894,
186v,V08,25,H,HU,U,adopted,"[850, 1838, 4180, 1959]",2100,1894,
186v,V08,26,E,ER,R,adopted,"[850, 1838, 4180, 1959]",2145,1895,
186v,V08,27,C,CP,C,adopted,"[850, 1838, 4180, 1959]",2204,1895,
186v,V08,28,B,BO,O,adopted,"[850, 1838, 4180, 1959]",2250,1896,
186v,V08,29,H,HU,U,adopted,"[850, 1838, 4180, 1959]",2300,1896,
186v,V08,30,F,FS,S,adopted,"[850, 1838, 4180, 1959]",2350,1897,
186v,V08,31,G,GT,T,adopted,"[850, 1838, 4180, 1959]",2396,1898,
186v,V08,32,H,HU,U,adopted,"[850, 1838, 4180, 1959]",2447,1898,
186v,V08,33,M,MZ,M,adopted,"[850, 1838, 4180, 1959]",2492,1899,
186v,V08,34,E,ER,E,adopted,"[850, 1838, 4180, 1959]",2525,1899,
186v,V08,35,C,CP,C,adopted,"[850, 1838, 4180, 1959]",2597,1899,
186v,V08,36,B,BO,O,adopted,"[850, 1838, 4180, 1959]",2640,1899,
186v,V08,37,H,HU,U,adopted,"[850, 1838, 4180, 1959]",2696,1899,
186v,V08,38,H,HU,U,adopted,"[850, 1838, 4180, 1959]",2753,1899,
186v,V08,39,E,ER,R,adopted,"[850, 1838, 4180, 1959]",2807,1899,
186v,V08,40,I,IX,I,adopted,"[850, 1838, 4180, 1959]",2859,1899,
186v,V08,41,E,ER,R,adopted,"[850, 1838, 4180, 1959]",2899,1898,
186v,V08,42,L,LY,L,adopted,"[850, 1838, 4180, 1959]",2950,1898,
186v,V08,43,E,ER,E,adopted,"[850, 1838, 4180, 1959]",2990,1898,
186v,V08,44,H,HU,U,adopted,"[850, 1838, 4180, 1959]",3031,1898,
186v,V08,45,E,ER,R,adopted,"[850, 1838, 4180, 1959]",3065,1898,
186v,V08,46,F,FS,S,adopted,"[850, 1838, 4180, 1959]",3110,1898,
186v,V08,47,M,MZ,M,adopted,"[850, 1838, 4180, 1959]",3162,1898,
186v,V08,48,A,AN,A,adopted,"[850, 1838, 4180, 1959]",3210,1898,
186v,V08,49,L,LY,L,adopted,"[850, 1838, 4180, 1959]",3260,1898,
186v,V08,50,I,IX,I,adopted,"[850, 1838, 4180, 1959]",3300,1898,
186v,V08,51,C,CP,C,adopted,"[850, 1838, 4180, 1959]",3360,1898,
186v,V08,52,E,ER,E,adopted,"[850, 1838, 4180, 1959]",3402,1898,
186v,V08,53,F,FS,S,adopted,"[850, 1838, 4180, 1959]",3447,1898,
186v,V08,54,X3,,,unadopted,"[850, 1838, 4180, 1959]",3490,1898,
186v,V08,55,H,HU,U,adopted,"[850, 1838, 4180, 1959]",3543,1898,
186v,V08,56,A,AN,N,adopted,"[850, 1838, 4180, 1959]",3593,1897,
186v,V08,57,M,MZ,M,adopted,"[850, 1838, 4180, 1959]",3641,1897,
186v,V08,58,B,BO,O,adopted,"[850, 1838, 4180, 1959]",3693,1897,
186v,V08,59,A,AN,N,adopted,"[850, 1838, 4180, 1959]",3748,1897,
186v,V08,60,D,DQ,D,adopted,"[850, 1838, 4180, 1959]",3800,1897,
186v,V08,61,E,ER,E,adopted,"[850, 1838, 4180, 1959]",3838,1897,
186v,V08,62,D,DQ,D,adopted,"[850, 1838, 4180, 1959]",3895,1897,
186v,V08,63,E,ER,E,adopted,"[850, 1838, 4180, 1959]",3948,1897,
186v,V08,64,E,ER,,unadopted,"[850, 1838, 4180, 1959]",3992,1897,
186v,V08,65,F,FS,,unadopted,"[850, 1838, 4180, 1959]",4050,1897,
186v,V08,66,A,AN,,unadopted,"[850, 1838, 4180, 1959]",4094,1897,
186v,V09,1,H,HU,,unadopted,"[850, 1951, 4180, 2072]",899,1997,
186v,V09,2,C,CP,,unadopted,"[850, 1951, 4180, 2072]",951,1997,
186v,V09,3,E,ER,,unadopted,"[850, 1951, 4180, 2072]",998,1997,
186v,V09,4,G,GT,,unadopted,"[850, 1951, 4180, 2072]",1040,1997,
186v,V09,5,E,ER,,unadopted,"[850, 1951, 4180, 2072]",1081,1997,
186v,V09,6,F,FS,,unadopted,"[850, 1951, 4180, 2072]",1120,1997,
186v,V09,7,M,MZ,M,adopted,"[850, 1951, 4180, 2072]",1190,1997,
186v,V09,8,A,AN,A,adopted,"[850, 1951, 4180, 2072]",1232,1997,
186v,V09,9,I,IX,I,adopted,"[850, 1951, 4180, 2072]",1290,1997,
186v,V09,10,F,FS,S,adopted,"[850, 1951, 4180, 2072]",1326,1998,
186v,V09,11,F,FS,S,adopted,"[850, 1951, 4180, 2072]",1416,1998,
186v,V09,12,I,IX,I,adopted,"[850, 1951, 4180, 2072]",1470,1999,
186v,V09,13,B,BO,O,adopted,"[850, 1951, 4180, 2072]",1530,1999,
186v,V09,14,A,AN,N,adopted,"[850, 1951, 4180, 2072]",1592,1999,
186v,V09,15,A,AN,,unadopted,"[850, 1951, 4180, 2072]",1647,2000,
186v,V09,16,F,FS,,unadopted,"[850, 1951, 4180, 2072]",1704,2000,
186v,V09,17,E,ER,,unadopted,"[850, 1951, 4180, 2072]",1744,2000,
186v,V09,18,H,HU,,unadopted,"[850, 1951, 4180, 2072]",1793,2000,
186v,V09,19,E,ER,R,adopted,"[850, 1951, 4180, 2072]",1850,2001,
186v,V09,20,E,ER,E,adopted,"[850, 1951, 4180, 2072]",1900,2001,
186v,V09,21,A,AN,N,adopted,"[850, 1951, 4180, 2072]",1951,2001,
186v,V09,22,D,DQ,D,adopted,"[850, 1951, 4180, 2072]",1986,2002,
186v,V09,23,E,ER,R,adopted,"[850, 1951, 4180, 2072]",2028,2002,
186v,V09,24,E,ER,E,adopted,"[850, 1951, 4180, 2072]",2078,2002,
186v,V09,25,L,LY,L,adopted,"[850, 1951, 4180, 2072]",2130,2003,
186v,V09,26,E,ER,E,adopted,"[850, 1951, 4180, 2072]",2170,2003,
186v,V09,27,H,HU,U,adopted,"[850, 1951, 4180, 2072]",2211,2003,
186v,V09,28,E,ER,R,adopted,"[850, 1951, 4180, 2072]",2255,2003,
186v,V09,29,D,DQ,D,adopted,"[850, 1951, 4180, 2072]",2305,2004,
186v,V09,30,E,ER,E,adopted,"[850, 1951, 4180, 2072]",2344,2004,
186v,V09,31,F,FS,S,adopted,"[850, 1951, 4180, 2072]",2390,2004,
186v,V09,32,F,FS,S,adopted,"[850, 1951, 4180, 2072]",2440,2004,
186v,V09,33,B,BO,O,adopted,"[850, 1951, 4180, 2072]",2480,2005,
186v,V09,34,I,IX,I,adopted,"[850, 1951, 4180, 2072]",2525,2005,
186v,V09,35,A,AN,N,adopted,"[850, 1951, 4180, 2072]",2576,2005,
186v,V09,36,H,HU,U,adopted,"[850, 1951, 4180, 2072]",2640,2006,
186v,V09,37,A,AN,A,adopted,"[850, 1951, 4180, 2072]",2685,2006,
186v,V09,38,I,IX,I,adopted,"[850, 1951, 4180, 2072]",2730,2006,
186v,V09,39,A,AN,N,adopted,"[850, 1951, 4180, 2072]",2795,2006,
186v,V09,40,I,IX,I,adopted,"[850, 1951, 4180, 2072]",2854,2007,
186v,V09,41,L,LY,L,adopted,"[850, 1951, 4180, 2072]",2900,2007,
186v,V09,42,A,AN,N,adopted,"[850, 1951, 4180, 2072]",2950,2007,
186v,V09,43,E,ER,E,adopted,"[850, 1951, 4180, 2072]",2990,2007,
186v,V09,44,M,MZ,M,adopted,"[850, 1951, 4180, 2072]",3040,2008,
186v,V09,45,A,AN,A,adopted,"[850, 1951, 4180, 2072]",3090,2008,
186v,V09,46,D,DQ,Q,adopted,"[850, 1951, 4180, 2072]",3140,2008,
186v,V09,47,H,HU,U,adopted,"[850, 1951, 4180, 2072]",3190,2008,
186v,V09,48,E,ER,E,adopted,"[850, 1951, 4180, 2072]",3240,2009,
186v,V09,49,C,CP,P,adopted,"[850, 1951, 4180, 2072]",3290,2009,
186v,V09,50,A,AN,A,adopted,"[850, 1951, 4180, 2072]",3330,2009,
186v,V09,51,F,FS,S,adopted,"[850, 1951, 4180, 2072]",3370,2009,
186v,V09,52,D,DQ,D,adopted,"[850, 1951, 4180, 2072]",3420,2010,
186v,V09,53,E,ER,E,adopted,"[850, 1951, 4180, 2072]",3460,2010,
186v,V09,54,C,CP,P,adopted,"[850, 1951, 4180, 2072]",3510,2010,
186v,V09,55,E,ER,E,adopted,"[850, 1951, 4180, 2072]",3550,2010,
186v,V09,56,E,ER,R,adopted,"[850, 1951, 4180, 2072]",3590,2010,
186v,V09,57,F,FS,S,adopted,"[850, 1951, 4180, 2072]",3640,2011,
186v,V09,58,B,BO,O,adopted,"[850, 1951, 4180, 2072]",3680,2011,
186v,V09,59,A,AN,N,adopted,"[850, 1951, 4180, 2072]",3740,2011,
186v,V09,60,A,AN,N,adopted,"[850, 1951, 4180, 2072]",3780,2011,
186v,V09,61,E,ER,E,adopted,"[850, 1951, 4180, 2072]",3820,2012,
186v,V09,62,F,FS,S,adopted,"[850, 1951, 4180, 2072]",3860,2012,
186v,V09,63,POUR,POUR,POUR,adopted,"[850, 1951, 4180, 2072]",3930,2012,
186v,V09,64,C,CP,P,adopted,"[850, 1951, 4180, 2072]",3970,2012,
186v,V09,65,B,BO,O,adopted,"[850, 1951, 4180, 2072]",4020,2012,
186v,V09,66,H,HU,U,adopted,"[850, 1951, 4180, 2072]",4075,2012,
186v,V09,67,XR9,,,unadopted,"[850, 1951, 4180, 2072]",4110,2012,
186v,V10,1,B,BO,O,adopted,"[850, 2043, 4180, 2167]",906,2089,
186v,V10,2,I,IX,I,adopted,"[850, 2043, 4180, 2167]",970,2089,
186v,V10,3,E,ER,R,adopted,"[850, 2043, 4180, 2167]",1009,2089,
186v,V10,4,E,ER,E,adopted,"[850, 2043, 4180, 2167]",1060,2089,
186v,V10,5,F,FS,S,adopted,"[850, 2043, 4180, 2167]",1104,2089,
186v,V10,6,C,CP,C,adopted,"[850, 2043, 4180, 2167]",1140,2089,
186v,V10,7,E,ER,R,adopted,"[850, 2043, 4180, 2167]",1190,2089,
186v,V10,8,I,IX,I,adopted,"[850, 2043, 4180, 2167]",1230,2089,
186v,V10,9,E,ER,R,adopted,"[850, 2043, 4180, 2167]",1275,2090,
186v,V10,10,E,ER,E,adopted,"[850, 2043, 4180, 2167]",1320,2090,
186v,V10,11,D,DQ,D,adopted,"[850, 2043, 4180, 2167]",1370,2091,
186v,V10,12,E,ER,E,adopted,"[850, 2043, 4180, 2167]",1418,2092,
186v,V10,13,B,BO,B,adopted,"[850, 2043, 4180, 2167]",1470,2092,
186v,V10,14,B,BO,O,adopted,"[850, 2043, 4180, 2167]",1527,2093,
186v,V10,15,A,AN,N,adopted,"[850, 2043, 4180, 2167]",1584,2094,
186v,V10,16,A,AN,N,adopted,"[850, 2043, 4180, 2167]",1643,2095,
186v,V10,17,E,ER,E,adopted,"[850, 2043, 4180, 2167]",1680,2095,
186v,V10,18,F,FS,S,adopted,"[850, 2043, 4180, 2167]",1720,2096,
186v,V10,19,A,AN,A,adopted,"[850, 2043, 4180, 2167]",1780,2097,
186v,V10,20,C,CP,P,adopted,"[850, 2043, 4180, 2167]",1840,2098,
186v,V10,21,B,BO,O,adopted,"[850, 2043, 4180, 2167]",1886,2098,
186v,V10,22,L,LY,L,adopted,"[850, 2043, 4180, 2167]",1950,2099,
186v,V10,23,B,BO,O,adopted,"[850, 2043, 4180, 2167]",1977,2099,
186v,V10,24,G,GT,G,adopted,"[850, 2043, 4180, 2167]",2020,2100,
186v,V10,25,I,IX,I,adopted,"[850, 2043, 4180, 2167]",2070,2101,
186v,V10,26,E,ER,E,adopted,"[850, 2043, 4180, 2167]",2115,2101,
186v,V10,27,F,FS,S,adopted,"[850, 2043, 4180, 2167]",2160,2102,
186v,V10,28,ET,ET,ET,adopted,"[850, 2043, 4180, 2167]",2220,2103,
186v,V10,29,F,FS,F,adopted,"[850, 2043, 4180, 2167]",2280,2104,
186v,V10,30,E,ER,E,adopted,"[850, 2043, 4180, 2167]",2320,2104,
186v,V10,31,E,ER,R,adopted,"[850, 2043, 4180, 2167]",2363,2105,
186v,V10,32,B,BO,O,adopted,"[850, 2043, 4180, 2167]",2410,2105,
186v,V10,33,A,AN,N,adopted,"[850, 2043, 4180, 2167]",2470,2106,
186v,V10,34,G,GT,T,adopted,"[850, 2043, 4180, 2167]",2510,2107,
186v,V10,35,E,ER,R,adopted,"[850, 2043, 4180, 2167]",2570,2107,
186v,V10,36,E,ER,E,adopted,"[850, 2043, 4180, 2167]",2620,2107,
186v,V10,37,G,GT,T,adopted,"[850, 2043, 4180, 2167]",2670,2107,
186v,V10,38,B,BO,O,adopted,"[850, 2043, 4180, 2167]",2720,2106,
186v,V10,39,M,MZ,M,adopted,"[850, 2043, 4180, 2167]",2780,2106,
186v,V10,40,B,BO,B,adopted,"[850, 2043, 4180, 2167]",2830,2106,
186v,V10,41,E,ER,E,adopted,"[850, 2043, 4180, 2167]",2890,2106,
186v,V10,42,E,ER,R,adopted,"[850, 2043, 4180, 2167]",2930,2106,
186v,V10,43,L,LY,L,adopted,"[850, 2043, 4180, 2167]",2990,2106,
186v,V10,44,A,AN,A,adopted,"[850, 2043, 4180, 2167]",3050,2105,
186v,V10,45,H,HU,H,adopted,"[850, 2043, 4180, 2167]",3100,2105,
186v,V10,46,B,BO,O,adopted,"[850, 2043, 4180, 2167]",3145,2105,
186v,V10,47,A,AN,N,adopted,"[850, 2043, 4180, 2167]",3213,2105,
186v,V10,48,G,GT,T,adopted,"[850, 2043, 4180, 2167]",3254,2105,
186v,V10,49,E,ER,E,adopted,"[850, 2043, 4180, 2167]",3300,2105,
186v,V10,50,QUE,QUE,QUE,adopted,"[850, 2043, 4180, 2167]",3350,2105,
186v,V10,51,L,LY,L,adopted,"[850, 2043, 4180, 2167]",3396,2104,
186v,V10,52,B,BO,O,adopted,"[850, 2043, 4180, 2167]",3445,2104,
186v,V10,53,A,AN,N,adopted,"[850, 2043, 4180, 2167]",3504,2104,
186v,V10,54,H,HU,U,adopted,"[850, 2043, 4180, 2167]",3560,2104,
186v,V10,55,B,BO,O,adopted,"[850, 2043, 4180, 2167]",3613,2104,
186v,V10,56,H,HU,U,adopted,"[850, 2043, 4180, 2167]",3670,2104,
186v,V10,57,D,DQ,D,adopted,"[850, 2043, 4180, 2167]",3720,2104,
186v,V10,58,E,ER,R,adopted,"[850, 2043, 4180, 2167]",3763,2103,
186v,V10,59,B,BO,O,adopted,"[850, 2043, 4180, 2167]",3820,2103,
186v,V10,60,I,IX,I,adopted,"[850, 2043, 4180, 2167]",3880,2103,
186v,V10,61,G,GT,T,adopted,"[850, 2043, 4180, 2167]",3930,2103,
186v,V10,62,G,GT,,unadopted,"[850, 2043, 4180, 2167]",3982,2103,
186v,V10,63,E,ER,,unadopted,"[850, 2043, 4180, 2167]",4020,2103,
186v,V10,64,C,CP,,unadopted,"[850, 2043, 4180, 2167]",4060,2103,
186v,V10,65,XR10,,,unadopted,"[850, 2043, 4180, 2167]",4110,2103,
186v,V11,1,E,ER,,unadopted,"[850, 2144, 4180, 2258]",900,2190,
186v,V11,2,F,FS,S,adopted,"[850, 2144, 4180, 2258]",954,2190,
186v,V11,3,H,HU,U,adopted,"[850, 2144, 4180, 2258]",1000,2190,
186v,V11,4,E,ER,R,adopted,"[850, 2144, 4180, 2258]",1062,2190,
186v,V11,5,L,LY,L,adopted,"[850, 2144, 4180, 2258]",1126,2190,
186v,V11,6,A,AN,A,adopted,"[850, 2144, 4180, 2258]",1180,2190,
186v,V11,7,F,FS,F,adopted,"[850, 2144, 4180, 2258]",1237,2190,
186v,V11,8,A,AN,A,adopted,"[850, 2144, 4180, 2258]",1292,2190,
186v,V11,9,C,CP,C,adopted,"[850, 2144, 4180, 2258]",1350,2191,
186v,V11,10,E,ER,E,adopted,"[850, 2144, 4180, 2258]",1385,2191,
186v,V11,11,D,DQ,D,adopted,"[850, 2144, 4180, 2258]",1440,2191,
186v,V11,12,E,ER,E,adopted,"[850, 2144, 4180, 2258]",1480,2192,
186v,V11,13,C,CP,C,adopted,"[850, 2144, 4180, 2258]",1540,2192,
186v,V11,14,E,ER,E,adopted,"[850, 2144, 4180, 2258]",1580,2192,
186v,V11,15,H,HU,U,adopted,"[850, 2144, 4180, 2258]",1620,2192,
186v,V11,16,L,LY,L,adopted,"[850, 2144, 4180, 2258]",1660,2193,
186v,V11,17,I,IX,X,adopted,"[850, 2144, 4180, 2258]",1710,2193,
186v,V11,18,F,FS,S,adopted,"[850, 2144, 4180, 2258]",1770,2193,
186v,V11,19,H,HU,U,adopted,"[850, 2144, 4180, 2258]",1810,2194,
186v,V11,20,E,ER,R,adopted,"[850, 2144, 4180, 2258]",1860,2194,
186v,V11,21,L,LY,L,adopted,"[850, 2144, 4180, 2258]",1910,2194,
186v,V11,22,E,ER,E,adopted,"[850, 2144, 4180, 2258]",1950,2194,
186v,V11,23,F,FS,S,adopted,"[850, 2144, 4180, 2258]",1970,2195,
186v,V11,24,D,DQ,Q,adopted,"[850, 2144, 4180, 2258]",2015,2195,
186v,V11,25,H,HU,U,adopted,"[850, 2144, 4180, 2258]",2055,2195,
186v,V11,26,E,ER,E,adopted,"[850, 2144, 4180, 2258]",2090,2195,
186v,V11,27,L,LY,L,adopted,"[850, 2144, 4180, 2258]",2130,2196,
186v,V11,28,M,MZ,Z,adopted,"[850, 2144, 4180, 2258]",2160,2196,
186v,V11,29,I,IX,I,adopted,"[850, 2144, 4180, 2258]",2200,2196,
186v,V11,30,L,LY,L,adopted,"[850, 2144, 4180, 2258]",2260,2196,
186v,V11,31,A,AN,N,adopted,"[850, 2144, 4180, 2258]",2310,2197,
186v,V11,32,I,IX,I,adopted,"[850, 2144, 4180, 2258]",2360,2197,
186v,V11,33,A,AN,A,adopted,"[850, 2144, 4180, 2258]",2410,2197,
186v,V11,34,QUE,QUE,QUE,adopted,"[850, 2144, 4180, 2258]",2480,2198,
186v,V11,35,M,MZ,M,adopted,"[850, 2144, 4180, 2258]",2520,2198,
186v,V11,36,A,AN,A,adopted,"[850, 2144, 4180, 2258]",2560,2198,
186v,V11,37,E,ER,R,adopted,"[850, 2144, 4180, 2258]",2610,2198,
186v,V11,38,D,DQ,Q,adopted,"[850, 2144, 4180, 2258]",2650,2198,
186v,V11,39,H,HU,U,adopted,"[850, 2144, 4180, 2258]",2700,2198,
186v,V11,40,E,ER,E,adopted,"[850, 2144, 4180, 2258]",2740,2198,
186v,V11,41,D,DQ,D,adopted,"[850, 2144, 4180, 2258]",2810,2197,
186v,V11,42,H,HU,H,adopted,"[850, 2144, 4180, 2258]",2860,2197,
186v,V11,43,B,BO,O,adopted,"[850, 2144, 4180, 2258]",2900,2197,
186v,V11,44,A,AN,N,adopted,"[850, 2144, 4180, 2258]",2960,2197,
186v,V11,45,A,AN,N,adopted,"[850, 2144, 4180, 2258]",3010,2197,
186v,V11,46,E,ER,E,adopted,"[850, 2144, 4180, 2258]",3055,2197,
186v,V11,47,H,HU,U,adopted,"[850, 2144, 4180, 2258]",3104,2197,
186v,V11,48,E,ER,R,adopted,"[850, 2144, 4180, 2258]",3140,2197,
186v,V11,49,ET,ET,ET,adopted,"[850, 2144, 4180, 2258]",3200,2197,
186v,V11,50,D,DQ,D,adopted,"[850, 2144, 4180, 2258]",3243,2196,
186v,V11,51,E,ER,E,adopted,"[850, 2144, 4180, 2258]",3283,2196,
186v,V11,52,M,MZ,M,adopted,"[850, 2144, 4180, 2258]",3317,2196,
186v,V11,53,A,AN,A,adopted,"[850, 2144, 4180, 2258]",3364,2196,
186v,V11,54,G,GT,G,adopted,"[850, 2144, 4180, 2258]",3417,2196,
186v,V11,55,A,AN,N,adopted,"[850, 2144, 4180, 2258]",3479,2196,
186v,V11,56,A,AN,A,adopted,"[850, 2144, 4180, 2258]",3533,2196,
186v,V11,57,A,AN,N,adopted,"[850, 2144, 4180, 2258]",3590,2196,
186v,V11,58,I,IX,I,adopted,"[850, 2144, 4180, 2258]",3643,2196,
186v,V11,59,M,MZ,M,adopted,"[850, 2144, 4180, 2258]",3685,2195,
186v,V11,60,I,IX,I,adopted,"[850, 2144, 4180, 2258]",3737,2195,
186v,V11,61,G,GT,T,adopted,"[850, 2144, 4180, 2258]",3790,2195,
186v,V11,62,E,ER,E,adopted,"[850, 2144, 4180, 2258]",3830,2195,
186v,V11,63,ET,ET,ET,adopted,"[850, 2144, 4180, 2258]",3897,2195,
186v,V11,64,C,CP,P,adopted,"[850, 2144, 4180, 2258]",3937,2195,
186v,V11,65,L,LY,L,adopted,"[850, 2144, 4180, 2258]",3979,2195,
186v,V11,66,E,ER,E,adopted,"[850, 2144, 4180, 2258]",4020,2195,
186v,V11,67,H,HU,U,adopted,"[850, 2144, 4180, 2258]",4057,2195,
186v,V11,68,F,FS,S,adopted,"[850, 2144, 4180, 2258]",4113,2195,
186v,V12,1,G,GT,T,adopted,"[850, 2230, 4140, 2350]",,,
186v,V12,2,A,AN,A,adopted,"[850, 2230, 4140, 2350]",,,
186v,V12,3,[D?],,,unadopted,"[850, 2230, 4140, 2350]",,,
186v,V12,4,I,IX,,unadopted,"[850, 2230, 4140, 2350]",,,
186v,V12,5,E,ER,,unadopted,"[850, 2230, 4140, 2350]",,,
186v,V12,6,H,HU,,unadopted,"[850, 2230, 4140, 2350]",,,
186v,V12,7,QUE,QUE,QUE,adopted,"[850, 2230, 4140, 2350]",,,
186v,V12,8,[Xcross],,,unadopted,"[850, 2230, 4140, 2350]",,,
186v,V12,9,F,FS,S,adopted,"[850, 2230, 4140, 2350]",,,
186v,V12,10,E,ER,E,adopted,"[850, 2230, 4140, 2350]",,,
186v,V12,11,H,HU,U,adopted,"[850, 2230, 4140, 2350]",,,
186v,V12,12,F,FS,S,adopted,"[850, 2230, 4140, 2350]",,,
186v,V12,13,G,GT,T,adopted,"[850, 2230, 4140, 2350]",,,
186v,V12,14,C,CP,C,adopted,"[850, 2230, 4140, 2350]",,,
186v,V12,15,B,BO,O,adopted,"[850, 2230, 4140, 2350]",,,
186v,V12,16,M,MZ,M,adopted,"[850, 2230, 4140, 2350]",,,
186v,V12,17,M,MZ,M,adopted,"[850, 2230, 4140, 2350]",,,
186v,V12,18,E,ER,E,adopted,"[850, 2230, 4140, 2350]",,,
186v,V12,19,M,MZ,,unadopted,"[850, 2230, 4140, 2350]",,,
186v,V12,20,[omega?],,,unadopted,"[850, 2230, 4140, 2350]",,,
186v,V12,21,B,BO,,unadopted,"[850, 2230, 4140, 2350]",,,
186v,V12,22,L,LY,,unadopted,"[850, 2230, 4140, 2350]",,,
186v,V12,23,L,LY,L,adopted,"[850, 2230, 4140, 2350]",,,
186v,V12,24,A,AN,A,adopted,"[850, 2230, 4140, 2350]",,,
186v,V12,25,F,FS,F,adopted,"[850, 2230, 4140, 2350]",,,
186v,V12,26,A,AN,A,adopted,"[850, 2230, 4140, 2350]",,,
186v,V12,27,C,CP,C,adopted,"[850, 2230, 4140, 2350]",,,
186v,V12,28,B,BO,O,adopted,"[850, 2230, 4140, 2350]",,,
186v,V12,29,A,AN,N,adopted,"[850, 2230, 4140, 2350]",,,
186v,V12,30,D,DQ,D,adopted,"[850, 2230, 4140, 2350]",,,
186v,V12,31,B,BO,O,adopted,"[850, 2230, 4140, 2350]",,,
186v,V12,32,A,AN,N,adopted,"[850, 2230, 4140, 2350]",,,
186v,V12,33,G,GT,T,adopted,"[850, 2230, 4140, 2350]",,,
186v,V12,34,B,BO,O,adopted,"[850, 2230, 4140, 2350]",,,
186v,V12,35,A,AN,N,adopted,"[850, 2230, 4140, 2350]",,,
186v,V12,36,G,GT,T,adopted,"[850, 2230, 4140, 2350]",,,
186v,V12,37,H,HU,U,adopted,"[850, 2230, 4140, 2350]",,,
186v,V12,38,F,FS,S,adopted,"[850, 2230, 4140, 2350]",,,
186v,V12,39,E,ER,E,adopted,"[850, 2230, 4140, 2350]",,,
186v,V12,40,F,FS,S,adopted,"[850, 2230, 4140, 2350]",,,
186v,V12,41,E,ER,E,adopted,"[850, 2230, 4140, 2350]",,,
186v,V12,42,F,FS,S,adopted,"[850, 2230, 4140, 2350]",,,
186v,V12,43,M,MZ,M,adopted,"[850, 2230, 4140, 2350]",,,
186v,V12,44,I,IX,I,adopted,"[850, 2230, 4140, 2350]",,,
186v,V12,45,A,AN,N,adopted,"[850, 2230, 4140, 2350]",,,
186v,V12,46,I,IX,I,adopted,"[850, 2230, 4140, 2350]",,,
186v,V12,47,F,FS,S,adopted,"[850, 2230, 4140, 2350]",,,
186v,V12,48,G,GT,T,adopted,"[850, 2230, 4140, 2350]",,,
186v,V12,49,E,ER,R,adopted,"[850, 2230, 4140, 2350]",,,
186v,V12,50,E,ER,E,adopted,"[850, 2230, 4140, 2350]",,,
186v,V12,51,F,FS,S,adopted,"[850, 2230, 4140, 2350]",,,
186v,V12,52,L,LY,L,adopted,"[850, 2230, 4140, 2350]",,,
186v,V12,53,E,ER,E,adopted,"[850, 2230, 4140, 2350]",,,
186v,V12,54,H,HU,U,adopted,"[850, 2230, 4140, 2350]",,,
186v,V12,55,E,ER,R,adopted,"[850, 2230, 4140, 2350]",,,
186v,V12,56,I,IX,I,adopted,"[850, 2230, 4140, 2350]",,,
186v,V12,57,A,AN,N,adopted,"[850, 2230, 4140, 2350]",,,
186v,V12,58,G,GT,T,adopted,"[850, 2230, 4140, 2350]",,,
186v,V12,59,E,ER,E,adopted,"[850, 2230, 4140, 2350]",,,
186v,V12,60,E,ER,R,adopted,"[850, 2230, 4140, 2350]",,,
186v,V12,61,E,ER,E,adopted,"[850, 2230, 4140, 2350]",,,
186v,V12,62,F,FS,S,adopted,"[850, 2230, 4140, 2350]",,,
186v,V12,63,G,GT,T,adopted,"[850, 2230, 4140, 2350]",,,
186v,V12,64,X1,ET,ET,adopted,"[850, 2230, 4140, 2350]",,,
186v,V12,65,D,DQ,D,adopted,"[850, 2230, 4140, 2350]",,,
186v,V12,66,E,ER,E,adopted,"[850, 2230, 4140, 2350]",,,
186v,V12,67,C,CP,,unadopted,"[850, 2230, 4140, 2350]",,,
186v,V12,68,XR12,,,unadopted,"[850, 2230, 4140, 2350]",,,
186v,V13,1,H,HU,U,adopted,"[850, 2330, 4140, 2450]",,,
186v,V13,2,L,LY,Y,adopted,"[850, 2330, 4140, 2450]",,,
186v,V13,3,[Xlowcross],,,unadopted,"[850, 2330, 4140, 2450]",,,
186v,V13,4,M,MZ,M,adopted,"[850, 2330, 4140, 2450]",,,
186v,V13,5,B,BO,O,adopted,"[850, 2330, 4140, 2450]",,,
186v,V13,6,A,AN,N,adopted,"[850, 2330, 4140, 2450]",,,
186v,V13,7,F,FS,S,adopted,"[850, 2330, 4140, 2450]",,,
186v,V13,8,G,GT,T,adopted,"[850, 2330, 4140, 2450]",,,
186v,V13,9,E,ER,R,adopted,"[850, 2330, 4140, 2450]",,,
186v,V13,10,E,ER,E,adopted,"[850, 2330, 4140, 2450]",,,
186v,V13,11,C,CP,,unadopted,"[850, 2330, 4140, 2450]",,,
186v,V13,12,A,AN,,unadopted,"[850, 2330, 4140, 2450]",,,
186v,V13,13,E,ER,E,adopted,"[850, 2330, 4140, 2450]",,,
186v,V13,14,F,FS,S,adopted,"[850, 2330, 4140, 2450]",,,
186v,V13,15,G,GT,T,adopted,"[850, 2330, 4140, 2450]",,,
186v,V13,16,E,ER,R,adopted,"[850, 2330, 4140, 2450]",,,
186v,V13,17,E,ER,E,adopted,"[850, 2330, 4140, 2450]",,,
186v,V13,18,QUE,QUE,QUE,adopted,"[850, 2330, 4140, 2450]",,,
186v,V13,19,E,ER,R,adopted,"[850, 2330, 4140, 2450]",,,
186v,V13,20,E,ER,E,adopted,"[850, 2330, 4140, 2450]",,,
186v,V13,21,L,LY,L,adopted,"[850, 2330, 4140, 2450]",,,
186v,V13,22,I,IX,I,adopted,"[850, 2330, 4140, 2450]",,,
186v,V13,23,G,GT,G,adopted,"[850, 2330, 4140, 2450]",,,
186v,V13,24,I,IX,I,adopted,"[850, 2330, 4140, 2450]",,,
186v,V13,25,E,ER,E,adopted,"[850, 2330, 4140, 2450]",,,
186v,V13,26,H,HU,U,adopted,"[850, 2330, 4140, 2450]",,,
186v,V13,27,L,LY,,unadopted,"[850, 2330, 4140, 2450]",,,
186v,V13,28,I,IX,,unadopted,"[850, 2330, 4140, 2450]",,,
186v,V13,29,A,AN,,unadopted,"[850, 2330, 4140, 2450]",,,
186v,V13,30,H,HU,,unadopted,"[850, 2330, 4140, 2450]",,,
186v,V13,31,L,LY,L,adopted,"[850, 2330, 4140, 2450]",,,
186v,V13,32,I,IX,I,adopted,"[850, 2330, 4140, 2450]",,,
186v,V13,33,E,ER,E,adopted,"[850, 2330, 4140, 2450]",,,
186v,V13,34,H,HU,U,adopted,"[850, 2330, 4140, 2450]",,,
186v,V13,35,QUI,QUI,QUI,adopted,"[850, 2330, 4140, 2450]",,,
186v,V13,36,L,LY,,unadopted,"[850, 2330, 4140, 2450]",,,
186v,V13,37,A,AN,,unadopted,"[850, 2330, 4140, 2450]",,,
186v,V13,38,I,IX,,unadopted,"[850, 2330, 4140, 2450]",,,
186v,V13,39,A,AN,,unadopted,"[850, 2330, 4140, 2450]",,,
186v,V13,40,QUE,QUE,QUE,adopted,"[850, 2330, 4140, 2450]",,,
186v,V13,41,C,CP,P,adopted,"[850, 2330, 4140, 2450]",,,
186v,V13,42,H,HU,U,adopted,"[850, 2330, 4140, 2450]",,,
186v,V13,43,E,ER,R,adopted,"[850, 2330, 4140, 2450]",,,
186v,V13,44,E,ER,E,adopted,"[850, 2330, 4140, 2450]",,,
186v,V13,45,A,AN,A,adopted,"[850, 2330, 4140, 2450]",,,
186v,V13,46,M,MZ,M,adopted,"[850, 2330, 4140, 2450]",,,
186v,V13,47,B,BO,B,adopted,"[850, 2330, 4140, 2450]",,,
186v,V13,48,I,IX,I,adopted,"[850, 2330, 4140, 2450]",,,
186v,V13,49,G,GT,T,adopted,"[850, 2330, 4140, 2450]",,,
186v,V13,50,I,IX,I,adopted,"[850, 2330, 4140, 2450]",,,
186v,V13,51,B,BO,O,adopted,"[850, 2330, 4140, 2450]",,,
186v,V13,52,A,AN,N,adopted,"[850, 2330, 4140, 2450]",,,
186v,V13,53,G,GT,T,adopted,"[850, 2330, 4140, 2450]",,,
186v,V13,54,E,ER,R,adopted,"[850, 2330, 4140, 2450]",,,
186v,V13,55,B,BO,O,adopted,"[850, 2330, 4140, 2450]",,,
186v,V13,56,C,CP,P,adopted,"[850, 2330, 4140, 2450]",,,
186v,V13,57,D,DQ,D,adopted,"[850, 2330, 4140, 2450]",,,
186v,V13,58,E,ER,E,adopted,"[850, 2330, 4140, 2450]",,,
186v,V13,59,F,FS,S,adopted,"[850, 2330, 4140, 2450]",,,
186v,V13,60,C,CP,C,adopted,"[850, 2330, 4140, 2450]",,,
186v,V13,61,B,BO,O,adopted,"[850, 2330, 4140, 2450]",,,
186v,V13,62,H,HU,U,adopted,"[850, 2330, 4140, 2450]",,,
186v,V13,63,H,HU,U,adopted,"[850, 2330, 4140, 2450]",,,
186v,V13,64,E,ER,E,adopted,"[850, 2330, 4140, 2450]",,,
186v,V13,65,E,ER,R,adopted,"[850, 2330, 4140, 2450]",,,
186v,V13,66,G,GT,T,adopted,"[850, 2330, 4140, 2450]",,,
186v,V13,67,E,ER,E,adopted,"[850, 2330, 4140, 2450]",,,
186v,V13,68,A,AN,,unadopted,"[850, 2330, 4140, 2450]",,,
186v,V13,69,B,BO,,unadopted,"[850, 2330, 4140, 2450]",,,
186v,V13,70,XR13,,,unadopted,"[850, 2330, 4140, 2450]",,,
186v,V14,1,B,BO,O,adopted,"[850, 2430, 4140, 2550]",,,
186v,V14,2,B,BO,B,adopted,"[850, 2430, 4140, 2550]",,,
186v,V14,3,F,FS,S,adopted,"[850, 2430, 4140, 2550]",,,
186v,V14,4,G,GT,T,adopted,"[850, 2430, 4140, 2550]",,,
186v,V14,5,A,AN,A,adopted,"[850, 2430, 4140, 2550]",,,
186v,V14,6,A,AN,N,adopted,"[850, 2430, 4140, 2550]",,,
186v,V14,7,G,GT,T,adopted,"[850, 2430, 4140, 2550]",,,
186v,V14,8,H,HU,U,adopted,"[850, 2430, 4140, 2550]",,,
186v,V14,9,A,AN,N,adopted,"[850, 2430, 4140, 2550]",,,
186v,V14,10,A,AN,N,adopted,"[850, 2430, 4140, 2550]",,,
186v,V14,11,B,BO,O,adopted,"[850, 2430, 4140, 2550]",,,
186v,V14,12,M,MZ,M,adopted,"[850, 2430, 4140, 2550]",,,
186v,V14,13,B,BO,B,adopted,"[850, 2430, 4140, 2550]",,,
186v,V14,14,E,ER,R,adopted,"[850, 2430, 4140, 2550]",,,
186v,V14,15,E,ER,E,adopted,"[850, 2430, 4140, 2550]",,,
186v,V14,16,D,DQ,D,adopted,"[850, 2430, 4140, 2550]",,,
186v,V14,17,E,ER,E,adopted,"[850, 2430, 4140, 2550]",,,
186v,V14,18,C,CP,P,adopted,"[850, 2430, 4140, 2550]",,,
186v,V14,19,E,ER,R,adopted,"[850, 2430, 4140, 2550]",,,
186v,V14,20,B,BO,O,adopted,"[850, 2430, 4140, 2550]",,,
186v,V14,21,G,GT,T,adopted,"[850, 2430, 4140, 2550]",,,
186v,V14,22,E,ER,E,adopted,"[850, 2430, 4140, 2550]",,,
186v,V14,23,F,FS,S,adopted,"[850, 2430, 4140, 2550]",,,
186v,V14,24,G,GT,T,adopted,"[850, 2430, 4140, 2550]",,,
186v,V14,25,A,AN,A,adopted,"[850, 2430, 4140, 2550]",,,
186v,V14,26,G,GT,T,adopted,"[850, 2430, 4140, 2550]",,,
186v,V14,27,I,IX,I,adopted,"[850, 2430, 4140, 2550]",,,
186v,V14,28,B,BO,O,adopted,"[850, 2430, 4140, 2550]",,,
186v,V14,29,A,AN,N,adopted,"[850, 2430, 4140, 2550]",,,
186v,V14,30,F,FS,S,adopted,"[850, 2430, 4140, 2550]",,,
186v,V14,31,A,AN,A,adopted,"[850, 2430, 4140, 2550]",,,
186v,V14,32,H,HU,U,adopted,"[850, 2430, 4140, 2550]",,,
186v,V14,33,C,CP,C,adopted,"[850, 2430, 4140, 2550]",,,
186v,V14,34,B,BO,O,adopted,"[850, 2430, 4140, 2550]",,,
186v,V14,35,A,AN,N,adopted,"[850, 2430, 4140, 2550]",,,
186v,V14,36,G,GT,T,adopted,"[850, 2430, 4140, 2550]",,,
186v,V14,37,E,ER,R,adopted,"[850, 2430, 4140, 2550]",,,
186v,V14,38,A,AN,A,adopted,"[850, 2430, 4140, 2550]",,,
186v,V14,39,I,IX,I,adopted,"[850, 2430, 4140, 2550]",,,
186v,V14,40,E,ER,R,adopted,"[850, 2430, 4140, 2550]",,,
186v,V14,41,E,ER,E,adopted,"[850, 2430, 4140, 2550]",,,
186v,V14,42,X1,ET,ET,adopted,"[850, 2430, 4140, 2550]",,,
186v,V14,43,B,BO,O,adopted,"[850, 2430, 4140, 2550]",,,
186v,V14,44,H,HU,U,adopted,"[850, 2430, 4140, 2550]",,,
186v,V14,45,I,IX,I,adopted,"[850, 2430, 4140, 2550]",,,
186v,V14,46,L,LY,L,adopted,"[850, 2430, 4140, 2550]",,,
186v,V14,47,A,AN,N,adopted,"[850, 2430, 4140, 2550]",,,
186v,V14,48,L,LY,Y,adopted,"[850, 2430, 4140, 2550]",,,
186v,V14,49,A,AN,A,adopted,"[850, 2430, 4140, 2550]",,,
186v,V14,50,H,HU,U,adopted,"[850, 2430, 4140, 2550]",,,
186v,V14,51,B,BO,O,adopted,"[850, 2430, 4140, 2550]",,,
186v,V14,52,I,IX,I,adopted,"[850, 2430, 4140, 2550]",,,
186v,V14,53,G,GT,T,adopted,"[850, 2430, 4140, 2550]",,,
186v,V14,54,A,AN,N,adopted,"[850, 2430, 4140, 2550]",,,
186v,V14,55,H,HU,U,adopted,"[850, 2430, 4140, 2550]",,,
186v,V14,56,L,LY,L,adopted,"[850, 2430, 4140, 2550]",,,
186v,V14,57,M,MZ,M,adopted,"[850, 2430, 4140, 2550]",,,
186v,V14,58,B,BO,O,adopted,"[850, 2430, 4140, 2550]",,,
186v,V14,59,I,IX,I,adopted,"[850, 2430, 4140, 2550]",,,
186v,V14,60,E,ER,E,adopted,"[850, 2430, 4140, 2550]",,,
186v,V14,61,A,AN,N,adopted,"[850, 2430, 4140, 2550]",,,
186v,V14,62,D,DQ,D,adopted,"[850, 2430, 4140, 2550]",,,
186v,V14,63,E,ER,E,adopted,"[850, 2430, 4140, 2550]",,,
186v,V14,64,C,CP,,unadopted,"[850, 2430, 4140, 2550]",,,
186v,V14,65,XR14,,,unadopted,"[850, 2430, 4140, 2550]",,,
186v,V15,1,H,HU,U,adopted,"[850, 2530, 4140, 2650]",,,
186v,V15,2,H,HU,U,adopted,"[850, 2530, 4140, 2650]",,,
186v,V15,3,B,BO,O,adopted,"[850, 2530, 4140, 2650]",,,
186v,V15,4,I,IX,I,adopted,"[850, 2530, 4140, 2650]",,,
186v,V15,5,E,ER,R,adopted,"[850, 2530, 4140, 2650]",,,
186v,V15,6,E,ER,R,adopted,"[850, 2530, 4140, 2650]",,,
186v,V15,7,E,ER,E,adopted,"[850, 2530, 4140, 2650]",,,
186v,V15,8,F,FS,S,adopted,"[850, 2530, 4140, 2650]",,,
186v,V15,9,C,CP,P,adopted,"[850, 2530, 4140, 2650]",,,
186v,V15,10,B,BO,O,adopted,"[850, 2530, 4140, 2650]",,,
186v,V15,11,A,AN,N,adopted,"[850, 2530, 4140, 2650]",,,
186v,V15,12,D,DQ,D,adopted,"[850, 2530, 4140, 2650]",,,
186v,V15,13,E,ER,R,adopted,"[850, 2530, 4140, 2650]",,,
186v,V15,14,E,ER,E,adopted,"[850, 2530, 4140, 2650]",,,
186v,V15,15,F,FS,S,adopted,"[850, 2530, 4140, 2650]",,,
186v,V15,16,I,IX,I,adopted,"[850, 2530, 4140, 2650]",,,
186v,V15,17,[Xcross],,,unadopted,"[850, 2530, 4140, 2650]",,,
186v,V15,18,[small-g],,,unadopted,"[850, 2530, 4140, 2650]",,,
186v,V15,19,A,AN,N,adopted,"[850, 2530, 4140, 2650]",,,
186v,V15,20,E,ER,E,adopted,"[850, 2530, 4140, 2650]",,,
186v,V15,21,F,FS,S,adopted,"[850, 2530, 4140, 2650]",,,
186v,V15,22,I,IX,I,adopted,"[850, 2530, 4140, 2650]",,,
186v,V15,23,F,FS,F,adopted,"[850, 2530, 4140, 2650]",,,
186v,V15,24,H,HU,U,adopted,"[850, 2530, 4140, 2650]",,,
186v,V15,25,F,FS,S,adopted,"[850, 2530, 4140, 2650]",,,
186v,V15,26,G,GT,T,adopted,"[850, 2530, 4140, 2650]",,,
186v,V15,27,C,CP,P,adopted,"[850, 2530, 4140, 2650]",,,
186v,V15,28,B,BO,O,adopted,"[850, 2530, 4140, 2650]",,,
186v,V15,29,I,IX,I,adopted,"[850, 2530, 4140, 2650]",,,
186v,V15,30,A,AN,N,adopted,"[850, 2530, 4140, 2650]",,,
186v,V15,31,G,GT,T,adopted,"[850, 2530, 4140, 2650]",,,
186v,V15,32,E,ER,E,adopted,"[850, 2530, 4140, 2650]",,,
186v,V15,33,A,AN,N,adopted,"[850, 2530, 4140, 2650]",,,
186v,V15,34,G,GT,T,adopted,"[850, 2530, 4140, 2650]",,,
186v,V15,35,E,ER,R,adopted,"[850, 2530, 4140, 2650]",,,
186v,V15,36,E,ER,E,adopted,"[850, 2530, 4140, 2650]",,,
186v,V15,37,M,MZ,M,adopted,"[850, 2530, 4140, 2650]",,,
186v,V15,38,I,IX,I,adopted,"[850, 2530, 4140, 2650]",,,
186v,V15,39,F,FS,S,adopted,"[850, 2530, 4140, 2650]",,,
186v,V15,40,B,BO,O,adopted,"[850, 2530, 4140, 2650]",,,
186v,V15,41,H,HU,U,adopted,"[850, 2530, 4140, 2650]",,,
186v,V15,42,L,LY,L,adopted,"[850, 2530, 4140, 2650]",,,
186v,V15,43,H,HU,H,adopted,"[850, 2530, 4140, 2650]",,,
186v,V15,44,B,BO,O,adopted,"[850, 2530, 4140, 2650]",,,
186v,V15,45,A,AN,N,adopted,"[850, 2530, 4140, 2650]",,,
186v,V15,46,A,AN,N,adopted,"[850, 2530, 4140, 2650]",,,
186v,V15,47,E,ER,E,adopted,"[850, 2530, 4140, 2650]",,,
186v,V15,48,H,HU,U,adopted,"[850, 2530, 4140, 2650]",,,
186v,V15,49,E,ER,R,adopted,"[850, 2530, 4140, 2650]",,,
186v,V15,50,D,DQ,D,adopted,"[850, 2530, 4140, 2650]",,,
186v,V15,51,E,ER,E,adopted,"[850, 2530, 4140, 2650]",,,
186v,V15,52,[Xcross],,,unadopted,"[850, 2530, 4140, 2650]",,,
186v,V15,53,L,LY,Y,adopted,"[850, 2530, 4140, 2650]",,,
186v,V15,54,A,AN,A,adopted,"[850, 2530, 4140, 2650]",,,
186v,V15,55,E,ER,E,adopted,"[850, 2530, 4140, 2650]",,,
186v,V15,56,F,FS,S,adopted,"[850, 2530, 4140, 2650]",,,
186v,V15,57,G,GT,T,adopted,"[850, 2530, 4140, 2650]",,,
186v,V15,58,E,ER,E,adopted,"[850, 2530, 4140, 2650]",,,
186v,V15,59,G,GT,G,adopted,"[850, 2530, 4140, 2650]",,,
186v,V15,60,E,ER,R,adopted,"[850, 2530, 4140, 2650]",,,
186v,V15,61,A,AN,A,adopted,"[850, 2530, 4140, 2650]",,,
186v,V15,62,A,AN,N,adopted,"[850, 2530, 4140, 2650]",,,
186v,V15,63,D,DQ,D,adopted,"[850, 2530, 4140, 2650]",,,
186v,V15,64,E,ER,E,adopted,"[850, 2530, 4140, 2650]",,,
186v,V15,65,M,MZ,,unadopted,"[850, 2530, 4140, 2650]",,,
186v,V15,66,XR15,,,unadopted,"[850, 2530, 4140, 2650]",,,
186v,V16,1,A,AN,N,adopted,"[850, 2630, 4140, 2750]",,,
186v,V16,2,G,GT,T,adopted,"[850, 2630, 4140, 2750]",,,
186v,V16,3,I,IX,,unadopted,"[850, 2630, 4140, 2750]",,,
186v,V16,4,A,AN,,unadopted,"[850, 2630, 4140, 2750]",,,
186v,V16,5,G,GT,,unadopted,"[850, 2630, 4140, 2750]",,,
186v,V16,6,E,ER,,unadopted,"[850, 2630, 4140, 2750]",,,
186v,V16,7,E,ER,,unadopted,"[850, 2630, 4140, 2750]",,,
186v,V16,8,E,ER,,unadopted,"[850, 2630, 4140, 2750]",,,
186v,V16,9,[F/G],,,unadopted,"[850, 2630, 4140, 2750]",,,
186v,V16,10,F,FS,,unadopted,"[850, 2630, 4140, 2750]",,,
186v,V16,11,E,ER,,unadopted,"[850, 2630, 4140, 2750]",,,
186v,V16,12,I,IX,I,adopted,"[850, 2630, 4140, 2750]",,,
186v,V16,13,E,ER,E,adopted,"[850, 2630, 4140, 2750]",,,
186v,V16,14,[Xloop],,,unadopted,"[850, 2630, 4140, 2750]",,,
186v,V16,15,L,LY,L,adopted,"[850, 2630, 4140, 2750]",,,
186v,V16,16,E,ER,E,adopted,"[850, 2630, 4140, 2750]",,,
186v,V16,17,D,DQ,D,adopted,"[850, 2630, 4140, 2750]",,,
186v,V16,18,E,ER,E,adopted,"[850, 2630, 4140, 2750]",,,
186v,V16,19,F,FS,,unadopted,"[850, 2630, 4140, 2750]",,,
186v,V16,20,E,ER,,unadopted,"[850, 2630, 4140, 2750]",,,
186v,V16,21,[F/G],,,unadopted,"[850, 2630, 4140, 2750]",,,
186v,V16,22,A,AN,A,adopted,"[850, 2630, 4140, 2750]",,,
186v,V16,23,F,FS,F,adopted,"[850, 2630, 4140, 2750]",,,
186v,V16,24,F,FS,F,adopted,"[850, 2630, 4140, 2750]",,,
186v,V16,25,A,AN,A,adopted,"[850, 2630, 4140, 2750]",,,
186v,V16,26,I,IX,I,adopted,"[850, 2630, 4140, 2750]",,,
186v,V16,27,E,ER,R,adopted,"[850, 2630, 4140, 2750]",,,
186v,V16,28,E,ER,E,adopted,"[850, 2630, 4140, 2750]",,,
186v,V16,29,F,FS,S,adopted,"[850, 2630, 4140, 2750]",,,
186v,V16,30,A,AN,A,adopted,"[850, 2630, 4140, 2750]",,,
186v,V16,31,[clear-abbreviation],,,unadopted,"[850, 2630, 4140, 2750]",,,
186v,V16,32,A,AN,A,adopted,"[850, 2630, 4140, 2750]",,,
186v,V16,33,H,HU,U,adopted,"[850, 2630, 4140, 2750]",,,
186v,V16,34,E,ER,E,adopted,"[850, 2630, 4140, 2750]",,,
186v,V16,35,C,CP,C,adopted,"[850, 2630, 4140, 2750]",,,
186v,V16,36,B,BO,B,adopted,"[850, 2630, 4140, 2750]",,,
186v,V16,37,E,ER,E,adopted,"[850, 2630, 4140, 2750]",,,
186v,V16,38,A,AN,A,adopted,"[850, 2630, 4140, 2750]",,,
186v,V16,39,H,HU,U,adopted,"[850, 2630, 4140, 2750]",,,
186v,V16,40,C,CP,C,adopted,"[850, 2630, 4140, 2750]",,,
186v,V16,41,B,BO,O,adopted,"[850, 2630, 4140, 2750]",,,
186v,V16,42,H,HU,U,adopted,"[850, 2630, 4140, 2750]",,,
186v,V16,43,C,CP,P,adopted,"[850, 2630, 4140, 2750]",,,
186v,V16,44,D,DQ,D,adopted,"[850, 2630, 4140, 2750]",,,
186v,V16,45,E,ER,E,adopted,"[850, 2630, 4140, 2750]",,,
186v,V16,46,L,LY,L,adopted,"[850, 2630, 4140, 2750]",,,
186v,V16,47,A,AN,A,adopted,"[850, 2630, 4140, 2750]",,,
186v,V16,48,A,AN,N,adopted,"[850, 2630, 4140, 2750]",,,
186v,V16,49,G,GT,G,adopted,"[850, 2630, 4140, 2750]",,,
186v,V16,50,A,AN,A,adopted,"[850, 2630, 4140, 2750]",,,
186v,V16,51,G,GT,G,adopted,"[850, 2630, 4140, 2750]",,,
186v,V16,52,E,ER,E,adopted,"[850, 2630, 4140, 2750]",,,
186v,V16,53,A,AN,A,adopted,"[850, 2630, 4140, 2750]",,,
186v,V16,54,H,HU,U,adopted,"[850, 2630, 4140, 2750]",,,
186v,V16,55,F,FS,S,adopted,"[850, 2630, 4140, 2750]",,,
186v,V16,56,F,FS,S,adopted,"[850, 2630, 4140, 2750]",,,
186v,V16,57,I,IX,I,adopted,"[850, 2630, 4140, 2750]",,,
186v,V16,58,F,FS,S,adopted,"[850, 2630, 4140, 2750]",,,
186v,V16,59,I,IX,I,adopted,"[850, 2630, 4140, 2750]",,,
186v,V16,60,I,IX,I,adopted,"[850, 2630, 4140, 2750]",,,
186v,V16,61,E,ER,E,adopted,"[850, 2630, 4140, 2750]",,,
186v,V16,62,A,AN,N,adopted,"[850, 2630, 4140, 2750]",,,
186v,V16,63,E,ER,E,adopted,"[850, 2630, 4140, 2750]",,,
186v,V16,64,C,CP,,unadopted,"[850, 2630, 4140, 2750]",,,
186v,V16,65,XR16,,,unadopted,"[850, 2630, 4140, 2750]",,,
186v,V17,1,A,AN,A,adopted,"[850, 2735, 4180, 2870]",,,
186v,V17,2,I,IX,I,adopted,"[850, 2735, 4180, 2870]",,,
186v,V17,3,G,GT,G,adopted,"[850, 2735, 4180, 2870]",,,
186v,V17,4,A,AN,N,adopted,"[850, 2735, 4180, 2870]",,,
186v,V17,5,B,BO,O,adopted,"[850, 2735, 4180, 2870]",,,
186v,V17,6,I,IX,I,adopted,"[850, 2735, 4180, 2870]",,,
186v,V17,7,F,FS,S,adopted,"[850, 2735, 4180, 2870]",,,
186v,V17,8,D,DQ,D,adopted,"[850, 2735, 4180, 2870]",,,
186v,V17,9,E,ER,E,adopted,"[850, 2735, 4180, 2870]",,,
186v,V17,10,L,LY,L,adopted,"[850, 2735, 4180, 2870]",,,
186v,V17,11,I,IX,I,adopted,"[850, 2735, 4180, 2870]",,,
186v,V17,12,M,MZ,M,adopted,"[850, 2735, 4180, 2870]",,,
186v,V17,13,C,CP,P,adopted,"[850, 2735, 4180, 2870]",,,
186v,V17,14,B,BO,O,adopted,"[850, 2735, 4180, 2870]",,,
186v,V17,15,E,ER,R,adopted,"[850, 2735, 4180, 2870]",,,
186v,V17,16,G,GT,T,adopted,"[850, 2735, 4180, 2870]",,,
186v,V17,17,H,HU,U,adopted,"[850, 2735, 4180, 2870]",,,
186v,V17,18,A,AN,N,adopted,"[850, 2735, 4180, 2870]",,,
186v,V17,19,E,ER,E,adopted,"[850, 2735, 4180, 2870]",,,
186v,V17,20,E,ER,R,adopted,"[850, 2735, 4180, 2870]",,,
186v,V18,1,F,FS,S,adopted,"[850, 2835, 4190, 2980]",,,
186v,V18,2,I,IX,I,adopted,"[850, 2835, 4190, 2980]",,,
186v,V18,3,E,ER,E,adopted,"[850, 2835, 4190, 2980]",,,
186v,V18,4,L,LY,L,adopted,"[850, 2835, 4190, 2980]",,,
186v,V18,5,L,LY,L,adopted,"[850, 2835, 4190, 2980]",,,
186v,V18,6,E,ER,E,adopted,"[850, 2835, 4190, 2980]",,,
186v,V18,7,F,FS,S,adopted,"[850, 2835, 4190, 2980]",,,
186v,V18,8,A,AN,A,adopted,"[850, 2835, 4190, 2980]",,,
186v,V18,9,H,HU,U,adopted,"[850, 2835, 4190, 2980]",,,
186v,V18,10,B,BO,O,adopted,"[850, 2835, 4190, 2980]",,,
186v,V18,11,I,IX,I,adopted,"[850, 2835, 4190, 2980]",,,
186v,V18,12,G,GT,T,adopted,"[850, 2835, 4190, 2980]",,,
186v,V18,13,C,CP,C,adopted,"[850, 2835, 4190, 2980]",,,
186v,V18,14,B,BO,O,adopted,"[850, 2835, 4190, 2980]",,,
186v,V18,15,M,MZ,M,adopted,"[850, 2835, 4190, 2980]",,,
186v,V18,16,M,MZ,M,adopted,"[850, 2835, 4190, 2980]",,,
186v,V18,17,E,ER,E,adopted,"[850, 2835, 4190, 2980]",,,
186v,V18,18,M,MZ,M,adopted,"[850, 2835, 4190, 2980]",,,
186v,V18,19,B,BO,O,adopted,"[850, 2835, 4190, 2980]",,,
186v,V18,20,L,LY,Y,adopted,"[850, 2835, 4190, 2980]",,,
186v,V18,21,L,LY,L,adopted,"[850, 2835, 4190, 2980]",,,
186v,V18,22,A,AN,A,adopted,"[850, 2835, 4190, 2980]",,,
186v,V18,23,E,ER,R,adopted,"[850, 2835, 4190, 2980]",,,
186v,V18,24,G,GT,T,adopted,"[850, 2835, 4190, 2980]",,,
186v,V18,25,I,IX,I,adopted,"[850, 2835, 4190, 2980]",,,
186v,V18,26,F,FS,F,adopted,"[850, 2835, 4190, 2980]",,,
186v,V18,27,I,IX,I,adopted,"[850, 2835, 4190, 2980]",,,
186v,V18,28,C,CP,C,adopted,"[850, 2835, 4190, 2980]",,,
186v,V18,29,E,ER,E,adopted,"[850, 2835, 4190, 2980]",,,
186v,V18,30,D,DQ,D,adopted,"[850, 2835, 4190, 2980]",,,
186v,V18,31,E,ER,E,adopted,"[850, 2835, 4190, 2980]",,,
186v,V18,32,A,AN,N,adopted,"[850, 2835, 4190, 2980]",,,
186v,V18,33,B,BO,O,adopted,"[850, 2835, 4190, 2980]",,,
186v,V18,34,F,FS,S,adopted,"[850, 2835, 4190, 2980]",,,
186v,V18,35,A,AN,A,adopted,"[850, 2835, 4190, 2980]",,,
186v,V18,36,M,MZ,M,adopted,"[850, 2835, 4190, 2980]",,,
186v,V18,37,I,IX,I,adopted,"[850, 2835, 4190, 2980]",,,
186v,V18,38,F,FS,S,adopted,"[850, 2835, 4190, 2980]",,,
186v,V18,39,C,CP,,unadopted,"[850, 2835, 4190, 2980]",,,
186v,V18,40,E,ER,,unadopted,"[850, 2835, 4190, 2980]",,,
186v,V18,41,QUI,QUI,,unadopted,"[850, 2835, 4190, 2980]",,,
186v,V18,42,L,LY,,unadopted,"[850, 2835, 4190, 2980]",,,
186v,V18,43,[M/special?],,,unadopted,"[850, 2835, 4190, 2980]",,,
186v,V18,44,B,BO,,unadopted,"[850, 2835, 4190, 2980]",,,
186v,V18,45,A,AN,,unadopted,"[850, 2835, 4190, 2980]",,,
186v,V18,46,G,GT,,unadopted,"[850, 2835, 4190, 2980]",,,
186v,V18,47,F,FS,,unadopted,"[850, 2835, 4190, 2980]",,,
186v,V18,48,B,BO,,unadopted,"[850, 2835, 4190, 2980]",,,
186v,V18,49,A,AN,,unadopted,"[850, 2835, 4190, 2980]",,,
186v,V18,50,G,GT,,unadopted,"[850, 2835, 4190, 2980]",,,
186v,V18,51,L,LY,L,adopted,"[850, 2835, 4190, 2980]",,,
186v,V18,52,E,ER,E,adopted,"[850, 2835, 4190, 2980]",,,
186v,V18,53,H,HU,U,adopted,"[850, 2835, 4190, 2980]",,,
186v,V18,54,E,ER,R,adopted,"[850, 2835, 4190, 2980]",,,
186v,V18,55,F,FS,F,adopted,"[850, 2835, 4190, 2980]",,,
186v,V18,56,B,BO,O,adopted,"[850, 2835, 4190, 2980]",,,
186v,V18,57,I,IX,I,adopted,"[850, 2835, 4190, 2980]",,,
186v,V18,58,[B/E],,,unadopted,"[850, 2835, 4190, 2980]",,,
186v,V18,59,L,LY,L,adopted,"[850, 2835, 4190, 2980]",,,
186v,V18,60,E,ER,E,adopted,"[850, 2835, 4190, 2980]",,,
186v,V18,61,F,FS,S,adopted,"[850, 2835, 4190, 2980]",,,
186v,V18,62,F,FS,S,adopted,"[850, 2835, 4190, 2980]",,,
186v,V18,63,E,ER,E,adopted,"[850, 2835, 4190, 2980]",,,
186v,V18,64,C,CP,C,adopted,"[850, 2835, 4190, 2980]",,,
186v,V18,65,B,BO,O,adopted,"[850, 2835, 4190, 2980]",,,
186v,V18,66,M,MZ,M,adopted,"[850, 2835, 4190, 2980]",,,
186v,V18,67,M,MZ,M,adopted,"[850, 2835, 4190, 2980]",,,
186v,V18,68,XR18,,,unadopted,"[850, 2835, 4190, 2980]",,,
186v,V19,1,X2,,,unadopted,"[850, 2935, 4190, 3090]",,,
186v,V19,2,X4,,,unadopted,"[850, 2935, 4190, 3090]",,,
186v,V19,3,F,FS,S,adopted,"[850, 2935, 4190, 3090]",,,
186v,V19,4,E,ER,E,adopted,"[850, 2935, 4190, 3090]",,,
186v,V19,5,F,FS,S,adopted,"[850, 2935, 4190, 3090]",,,
186v,V19,6,G,GT,T,adopted,"[850, 2935, 4190, 3090]",,,
186v,V19,7,M,MZ,M,adopted,"[850, 2935, 4190, 3090]",,,
186v,V19,8,B,BO,O,adopted,"[850, 2935, 4190, 3090]",,,
186v,V19,9,A,AN,N,adopted,"[850, 2935, 4190, 3090]",,,
186v,V19,10,F,FS,S,adopted,"[850, 2935, 4190, 3090]",,,
186v,V19,11,G,GT,T,adopted,"[850, 2935, 4190, 3090]",,,
186v,V19,12,E,ER,R,adopted,"[850, 2935, 4190, 3090]",,,
186v,V19,13,E,ER,E,adopted,"[850, 2935, 4190, 3090]",,,
186v,V19,14,L,LY,L,adopted,"[850, 2935, 4190, 3090]",,,
186v,V19,15,E,ER,E,adopted,"[850, 2935, 4190, 3090]",,,
186v,V19,16,H,HU,U,adopted,"[850, 2935, 4190, 3090]",,,
186v,V19,17,E,ER,R,adopted,"[850, 2935, 4190, 3090]",,,
186v,V19,18,X6,,,unadopted,"[850, 2935, 4190, 3090]",,,
186v,V19,19,G,GT,,unadopted,"[850, 2935, 4190, 3090]",,,
186v,V19,20,I,IX,,unadopted,"[850, 2935, 4190, 3090]",,,
186v,V19,21,F,FS,,unadopted,"[850, 2935, 4190, 3090]",,,
186v,V19,22,A,AN,,unadopted,"[850, 2935, 4190, 3090]",,,
186v,V19,23,POUR,POUR,,unadopted,"[850, 2935, 4190, 3090]",,,
186v,V19,24,A,AN,,unadopted,"[850, 2935, 4190, 3090]",,,
186v,V19,25,E,ER,,unadopted,"[850, 2935, 4190, 3090]",,,
186v,V19,26,F,FS,,unadopted,"[850, 2935, 4190, 3090]",,,
186v,V19,27,C,CP,,unadopted,"[850, 2935, 4190, 3090]",,,
186v,V19,28,H,HU,,unadopted,"[850, 2935, 4190, 3090]",,,
186v,V19,29,I,IX,,unadopted,"[850, 2935, 4190, 3090]",,,
186v,V19,30,E,ER,,unadopted,"[850, 2935, 4190, 3090]",,,
186v,V19,31,E,ER,,unadopted,"[850, 2935, 4190, 3090]",,,
186v,V19,32,A,AN,N,adopted,"[850, 2935, 4190, 3090]",,,
186v,V19,33,B,BO,O,adopted,"[850, 2935, 4190, 3090]",,,
186v,V19,34,F,FS,S,adopted,"[850, 2935, 4190, 3090]",,,
186v,V19,35,G,GT,T,adopted,"[850, 2935, 4190, 3090]",,,
186v,V19,36,E,ER,R,adopted,"[850, 2935, 4190, 3090]",,,
186v,V19,37,E,ER,E,adopted,"[850, 2935, 4190, 3090]",,,
186v,V19,38,C,CP,P,adopted,"[850, 2935, 4190, 3090]",,,
186v,V19,39,A,AN,A,adopted,"[850, 2935, 4190, 3090]",,,
186v,V19,40,H,HU,U,adopted,"[850, 2935, 4190, 3090]",,,
186v,V19,41,H,HU,U,adopted,"[850, 2935, 4190, 3090]",,,
186v,V19,42,E,ER,R,adopted,"[850, 2935, 4190, 3090]",,,
186v,V19,43,E,ER,E,adopted,"[850, 2935, 4190, 3090]",,,
186v,V19,44,E,ER,E,adopted,"[850, 2935, 4190, 3090]",,,
186v,V19,45,F,FS,S,adopted,"[850, 2935, 4190, 3090]",,,
186v,V19,46,G,GT,T,adopted,"[850, 2935, 4190, 3090]",,,
186v,V19,47,A,AN,A,adopted,"[850, 2935, 4190, 3090]",,,
186v,V19,48,G,GT,T,adopted,"[850, 2935, 4190, 3090]",,,
186v,V19,49,A,AN,A,adopted,"[850, 2935, 4190, 3090]",,,
186v,V19,50,H,HU,U,adopted,"[850, 2935, 4190, 3090]",,,
186v,V19,51,C,CP,P,adopted,"[850, 2935, 4190, 3090]",,,
186v,V19,52,E,ER,R,adopted,"[850, 2935, 4190, 3090]",,,
186v,V19,53,E,ER,E,adopted,"[850, 2935, 4190, 3090]",,,
186v,V19,54,I,IX,I,adopted,"[850, 2935, 4190, 3090]",,,
186v,V19,55,H,HU,U,adopted,"[850, 2935, 4190, 3090]",,,
186v,V19,56,D,DQ,D,adopted,"[850, 2935, 4190, 3090]",,,
186v,V19,57,I,IX,I,adopted,"[850, 2935, 4190, 3090]",,,
186v,V19,58,C,CP,C,adopted,"[850, 2935, 4190, 3090]",,,
186v,V19,59,E,ER,E,adopted,"[850, 2935, 4190, 3090]",,,
186v,V19,60,D,DQ,D,adopted,"[850, 2935, 4190, 3090]",,,
186v,V19,61,E,ER,E,adopted,"[850, 2935, 4190, 3090]",,,
186v,V19,62,L,LY,L,adopted,"[850, 2935, 4190, 3090]",,,
186v,V19,63,H,HU,H,adopted,"[850, 2935, 4190, 3090]",,,
186v,V19,64,B,BO,O,adopted,"[850, 2935, 4190, 3090]",,,
186v,V19,65,A,AN,N,adopted,"[850, 2935, 4190, 3090]",,,
186v,V20,1,A,AN,N,adopted,"[850, 3035, 4190, 3190]",,,
186v,V20,2,E,ER,E,adopted,"[850, 3035, 4190, 3190]",,,
186v,V20,3,H,HU,U,adopted,"[850, 3035, 4190, 3190]",,,
186v,V20,4,E,ER,R,adopted,"[850, 3035, 4190, 3190]",,,
186v,V20,5,D,DQ,D,adopted,"[850, 3035, 4190, 3190]",,,
186v,V20,6,H,HU,U,adopted,"[850, 3035, 4190, 3190]",,,
186v,V20,7,X4,,[X4],adopted,"[850, 3035, 4190, 3190]",,,
186v,V20,8,F,FS,S,adopted,"[850, 3035, 4190, 3190]",,,
186v,V20,9,I,IX,I,adopted,"[850, 3035, 4190, 3190]",,,
186v,V20,10,E,ER,E,adopted,"[850, 3035, 4190, 3190]",,,
186v,V20,11,G,GT,G,adopted,"[850, 3035, 4190, 3190]",,,
186v,V20,12,E,ER,E,adopted,"[850, 3035, 4190, 3190]",,,
186v,V20,13,ET,ET,ET,adopted,"[850, 3035, 4190, 3190]",,,
186v,V20,14,H,HU,U,adopted,"[850, 3035, 4190, 3190]",,,
186v,V20,15,A,AN,N,adopted,"[850, 3035, 4190, 3190]",,,
186v,V20,16,M,MZ,M,adopted,"[850, 3035, 4190, 3190]",,,
186v,V20,17,B,BO,O,adopted,"[850, 3035, 4190, 3190]",,,
186v,V20,18,A,AN,N,adopted,"[850, 3035, 4190, 3190]",,,
186v,V20,19,D,DQ,D,adopted,"[850, 3035, 4190, 3190]",,,
186v,V20,20,E,ER,E,adopted,"[850, 3035, 4190, 3190]",,,
186v,V20,21,D,DQ,D,adopted,"[850, 3035, 4190, 3190]",,,
186v,V20,22,A,AN,A,adopted,"[850, 3035, 4190, 3190]",,,
186v,V20,23,H,HU,U,adopted,"[850, 3035, 4190, 3190]",,,
186v,V20,24,G,GT,T,adopted,"[850, 3035, 4190, 3190]",,,
186v,V20,25,E,ER,R,adopted,"[850, 3035, 4190, 3190]",,,
186v,V20,26,E,ER,E,adopted,"[850, 3035, 4190, 3190]",,,
186v,V20,27,F,FS,S,adopted,"[850, 3035, 4190, 3190]",,,
186v,V20,28,C,CP,C,adopted,"[850, 3035, 4190, 3190]",,,
186v,V20,29,H,HU,H,adopted,"[850, 3035, 4190, 3190]",,,
186v,V20,30,B,BO,O,adopted,"[850, 3035, 4190, 3190]",,,
186v,V20,31,F,FS,S,adopted,"[850, 3035, 4190, 3190]",,,
186v,V20,32,E,ER,E,adopted,"[850, 3035, 4190, 3190]",,,
186v,V20,33,F,FS,S,adopted,"[850, 3035, 4190, 3190]",,,
186v,V20,34,E,ER,E,adopted,"[850, 3035, 4190, 3190]",,,
186v,V20,35,L,LY,L,adopted,"[850, 3035, 4190, 3190]",,,
186v,V20,36,L,LY,L,adopted,"[850, 3035, 4190, 3190]",,,
186v,V20,37,E,ER,E,adopted,"[850, 3035, 4190, 3190]",,,
186v,V20,38,F,FS,S,adopted,"[850, 3035, 4190, 3190]",,,
186v,V20,39,E,ER,E,adopted,"[850, 3035, 4190, 3190]",,,
186v,V20,40,F,FS,S,adopted,"[850, 3035, 4190, 3190]",,,
186v,V20,41,G,GT,T,adopted,"[850, 3035, 4190, 3190]",,,
186v,V20,42,B,BO,O,adopted,"[850, 3035, 4190, 3190]",,,
186v,V20,43,A,AN,N,adopted,"[850, 3035, 4190, 3190]",,,
186v,V20,44,A,AN,N,adopted,"[850, 3035, 4190, 3190]",,,
186v,V20,45,E,ER,E,adopted,"[850, 3035, 4190, 3190]",,,
186v,V20,46,E,ER,R,adopted,"[850, 3035, 4190, 3190]",,,
186v,V20,47,B,BO,O,adopted,"[850, 3035, 4190, 3190]",,,
186v,V20,48,I,IX,I,adopted,"[850, 3035, 4190, 3190]",,,
186v,V20,49,G,GT,T,adopted,"[850, 3035, 4190, 3190]",,,
186v,V20,50,M,MZ,M,adopted,"[850, 3035, 4190, 3190]",,,
186v,V20,51,I,IX,I,adopted,"[850, 3035, 4190, 3190]",,,
186v,V20,52,L,LY,L,adopted,"[850, 3035, 4190, 3190]",,,
186v,V20,53,ET,ET,ET,adopted,"[850, 3035, 4190, 3190]",,,
186v,V20,54,M,MZ,M,adopted,"[850, 3035, 4190, 3190]",,,
186v,V20,55,I,IX,I,adopted,"[850, 3035, 4190, 3190]",,,
186v,V20,56,L,LY,L,adopted,"[850, 3035, 4190, 3190]",,,
186v,V20,57,F,FS,F,adopted,"[850, 3035, 4190, 3190]",,,
186v,V20,58,B,BO,O,adopted,"[850, 3035, 4190, 3190]",,,
186v,V20,59,I,IX,I,adopted,"[850, 3035, 4190, 3190]",,,
186v,V20,60,F,FS,S,adopted,"[850, 3035, 4190, 3190]",,,
186v,V20,61,D,DQ,D,adopted,"[850, 3035, 4190, 3190]",,,
186v,V20,62,E,ER,E,adopted,"[850, 3035, 4190, 3190]",,,
186v,V20,63,L,LY,L,adopted,"[850, 3035, 4190, 3190]",,,
186v,V20,64,A,AN,A,adopted,"[850, 3035, 4190, 3190]",,,
186v,V21,1,C,CP,P,adopted,"[850, 3130, 4190, 3290]",,,
186v,V21,2,A,AN,A,adopted,"[850, 3130, 4190, 3290]",,,
186v,V21,3,G,GT,T,adopted,"[850, 3130, 4190, 3290]",,,
186v,V21,4,I,IX,I,adopted,"[850, 3130, 4190, 3290]",,,
186v,V21,5,E,ER,E,adopted,"[850, 3130, 4190, 3290]",,,
186v,V21,6,A,AN,N,adopted,"[850, 3130, 4190, 3290]",,,
186v,V21,7,C,CP,C,adopted,"[850, 3130, 4190, 3290]",,,
186v,V21,8,E,ER,E,adopted,"[850, 3130, 4190, 3290]",,,
186v,V21,9,D,DQ,D,adopted,"[850, 3130, 4190, 3290]",,,
186v,V21,10,E,ER,E,adopted,"[850, 3130, 4190, 3290]",,,
186v,V21,11,X3,,[X3],adopted,"[850, 3130, 4190, 3290]",,,
186v,V21,12,QUI,QUI,QUI,adopted,"[850, 3130, 4190, 3290]",,,
186v,V21,13,F,FS,S,adopted,"[850, 3130, 4190, 3290]",,,
186v,V21,14,E,ER,E,adopted,"[850, 3130, 4190, 3290]",,,
186v,V21,15,F,FS,S,adopted,"[850, 3130, 4190, 3290]",,,
186v,V21,16,G,GT,T,adopted,"[850, 3130, 4190, 3290]",,,
186v,V21,17,C,CP,P,adopted,"[850, 3130, 4190, 3290]",,,
186v,V21,18,B,BO,O,adopted,"[850, 3130, 4190, 3290]",,,
186v,V21,19,E,ER,R,adopted,"[850, 3130, 4190, 3290]",,,
186v,V21,20,G,GT,T,adopted,"[850, 3130, 4190, 3290]",,,
186v,V21,21,E,ER,E,adopted,"[850, 3130, 4190, 3290]",,,
186v,V21,22,E,ER,E,adopted,"[850, 3130, 4190, 3290]",,,
186v,V21,23,I,IX,I,adopted,"[850, 3130, 4190, 3290]",,,
186v,V21,24,H,HU,U,adopted,"[850, 3130, 4190, 3290]",,,
186v,V21,25,F,FS,S,adopted,"[850, 3130, 4190, 3290]",,,
186v,V21,26,D,DQ,Q,adopted,"[850, 3130, 4190, 3290]",,,
186v,V21,27,H,HU,U,adopted,"[850, 3130, 4190, 3290]",,,
186v,V21,28,E,ER,E,adopted,"[850, 3130, 4190, 3290]",,,
186v,V21,29,F,FS,S,adopted,"[850, 3130, 4190, 3290]",,,
186v,V21,30,A,AN,A,adopted,"[850, 3130, 4190, 3290]",,,
186v,V21,31,H,HU,U,adopted,"[850, 3130, 4190, 3290]",,,
186v,V21,32,B,BO,O,adopted,"[850, 3130, 4190, 3290]",,,
186v,V21,33,H,HU,U,adopted,"[850, 3130, 4190, 3290]",,,
186v,V21,34,L,LY,L,adopted,"[850, 3130, 4190, 3290]",,,
186v,V21,35,B,BO,O,adopted,"[850, 3130, 4190, 3290]",,,
186v,V21,36,I,IX,I,adopted,"[850, 3130, 4190, 3290]",,,
186v,V21,37,E,ER,R,adopted,"[850, 3130, 4190, 3290]",,,
186v,V21,38,A,AN,A,adopted,"[850, 3130, 4190, 3290]",,,
186v,V21,39,C,CP,C,adopted,"[850, 3130, 4190, 3290]",,,
186v,V21,40,C,CP,C,adopted,"[850, 3130, 4190, 3290]",,,
186v,V21,41,E,ER,E,adopted,"[850, 3130, 4190, 3290]",,,
186v,V21,42,C,CP,P,adopted,"[850, 3130, 4190, 3290]",,,
186v,V21,43,G,GT,T,adopted,"[850, 3130, 4190, 3290]",,,
186v,V21,44,E,ER,E,adopted,"[850, 3130, 4190, 3290]",,,
186v,V21,45,E,ER,R,adopted,"[850, 3130, 4190, 3290]",,,
186v,V21,46,X2,,[X2],adopted,"[850, 3130, 4190, 3290]",,,
186v,V21,47,X7,,[X7],adopted,"[850, 3130, 4190, 3290]",,,
186v,V21,48,POUR,POUR,POUR,adopted,"[850, 3130, 4190, 3290]",,,
186v,V21,49,E,ER,R,adopted,"[850, 3130, 4190, 3290]",,,
186v,V21,50,B,BO,O,adopted,"[850, 3130, 4190, 3290]",,,
186v,V21,51,L,LY,Y,adopted,"[850, 3130, 4190, 3290]",,,
186v,V21,52,POUR,POUR,POUR,adopted,"[850, 3130, 4190, 3290]",,,
186v,V21,53,H,HU,U,adopted,"[850, 3130, 4190, 3290]",,,
186v,V21,54,E,ER,E,adopted,"[850, 3130, 4190, 3290]",,,
186v,V21,55,H,HU,U,adopted,"[850, 3130, 4190, 3290]",,,
186v,V21,56,QUE,QUE,QUE,adopted,"[850, 3130, 4190, 3290]",,,
186v,V21,57,L,LY,L,adopted,"[850, 3130, 4190, 3290]",,,
186v,V21,58,B,BO,O,adopted,"[850, 3130, 4190, 3290]",,,
186v,V21,59,A,AN,N,adopted,"[850, 3130, 4190, 3290]",,,
186v,V21,60,L,LY,L,adopted,"[850, 3130, 4190, 3290]",,,
186v,V21,61,XR21,,,unadopted,"[850, 3130, 4190, 3290]",,,
186v,V22,1,F,FS,F,adopted,"[850, 3230, 4190, 3385]",,,
186v,V22,2,E,ER,E,adopted,"[850, 3230, 4190, 3385]",,,
186v,V22,3,I,IX,I,adopted,"[850, 3230, 4190, 3385]",,,
186v,V22,4,F,FS,S,adopted,"[850, 3230, 4190, 3385]",,,
186v,V22,5,G,GT,T,adopted,"[850, 3230, 4190, 3385]",,,
186v,V22,6,H,HU,U,adopted,"[850, 3230, 4190, 3385]",,,
186v,V22,7,B,BO,O,adopted,"[850, 3230, 4190, 3385]",,,
186v,V22,8,I,IX,I,adopted,"[850, 3230, 4190, 3385]",,,
186v,V22,9,E,ER,R,adopted,"[850, 3230, 4190, 3385]",,,
186v,V22,10,L,LY,L,adopted,"[850, 3230, 4190, 3385]",,,
186v,V22,11,E,ER,E,adopted,"[850, 3230, 4190, 3385]",,,
186v,V22,12,M,MZ,M,adopted,"[850, 3230, 4190, 3385]",,,
186v,V22,13,B,BO,O,adopted,"[850, 3230, 4190, 3385]",,,
186v,V22,14,I,IX,I,adopted,"[850, 3230, 4190, 3385]",,,
186v,V22,15,E,ER,E,adopted,"[850, 3230, 4190, 3385]",,,
186v,V22,16,A,AN,N,adopted,"[850, 3230, 4190, 3385]",,,
186v,V22,17,D,DQ,D,adopted,"[850, 3230, 4190, 3385]",,,
186v,V22,18,E,ER,E,adopted,"[850, 3230, 4190, 3385]",,,
186v,V22,19,L,LY,L,adopted,"[850, 3230, 4190, 3385]",,,
186v,V22,20,E,ER,E,adopted,"[850, 3230, 4190, 3385]",,,
186v,V22,21,C,CP,P,adopted,"[850, 3230, 4190, 3385]",,,
186v,V22,22,B,BO,O,adopted,"[850, 3230, 4190, 3385]",,,
186v,V22,23,H,HU,U,adopted,"[850, 3230, 4190, 3385]",,,
186v,V22,24,H,HU,U,adopted,"[850, 3230, 4190, 3385]",,,
186v,V22,25,B,BO,O,adopted,"[850, 3230, 4190, 3385]",,,
186v,V22,26,I,IX,I,adopted,"[850, 3230, 4190, 3385]",,,
186v,V22,27,E,ER,R,adopted,"[850, 3230, 4190, 3385]",,,
186v,V22,28,D,DQ,D,adopted,"[850, 3230, 4190, 3385]",,,
186v,V22,29,E,ER,E,adopted,"[850, 3230, 4190, 3385]",,,
186v,V22,30,F,FS,F,adopted,"[850, 3230, 4190, 3385]",,,
186v,V22,31,F,FS,F,adopted,"[850, 3230, 4190, 3385]",,,
186v,V22,32,E,ER,E,adopted,"[850, 3230, 4190, 3385]",,,
186v,V22,33,A,AN,N,adopted,"[850, 3230, 4190, 3385]",,,
186v,V22,34,D,DQ,D,adopted,"[850, 3230, 4190, 3385]",,,
186v,V22,35,E,ER,R,adopted,"[850, 3230, 4190, 3385]",,,
186v,V22,36,E,ER,E,adopted,"[850, 3230, 4190, 3385]",,,
186v,V22,37,M,MZ,M,adopted,"[850, 3230, 4190, 3385]",,,
186v,V22,38,A,AN,A,adopted,"[850, 3230, 4190, 3385]",,,
186v,V22,39,I,IX,I,adopted,"[850, 3230, 4190, 3385]",,,
186v,V22,40,F,FS,S,adopted,"[850, 3230, 4190, 3385]",,,
186v,V22,41,B,BO,O,adopted,"[850, 3230, 4190, 3385]",,,
186v,V22,42,A,AN,N,adopted,"[850, 3230, 4190, 3385]",,,
186v,V22,43,H,HU,U,adopted,"[850, 3230, 4190, 3385]",,,
186v,V22,44,E,ER,E,adopted,"[850, 3230, 4190, 3385]",,,
186v,V22,45,H,HU,U,adopted,"[850, 3230, 4190, 3385]",,,
186v,V22,46,G,GT,T,adopted,"[850, 3230, 4190, 3385]",,,
186v,V22,47,QUE,QUE,QUE,adopted,"[850, 3230, 4190, 3385]",,,
186v,V22,48,L,LY,L,adopted,"[850, 3230, 4190, 3385]",,,
186v,V22,49,B,BO,O,adopted,"[850, 3230, 4190, 3385]",,,
186v,V22,50,A,AN,N,adopted,"[850, 3230, 4190, 3385]",,,
186v,V22,51,C,CP,C,adopted,"[850, 3230, 4190, 3385]",,,
186v,V22,52,E,ER,R,adopted,"[850, 3230, 4190, 3385]",,,
186v,V22,53,B,BO,O,adopted,"[850, 3230, 4190, 3385]",,,
186v,V22,54,I,IX,I,adopted,"[850, 3230, 4190, 3385]",,,
186v,V22,55,E,ER,R,adopted,"[850, 3230, 4190, 3385]",,,
186v,V22,56,E,ER,E,adopted,"[850, 3230, 4190, 3385]",,,
186v,V22,57,A,AN,A,adopted,"[850, 3230, 4190, 3385]",,,
186v,V22,58,C,CP,P,adopted,"[850, 3230, 4190, 3385]",,,
186v,V22,59,A,AN,A,adopted,"[850, 3230, 4190, 3385]",,,
186v,V22,60,E,ER,R,adopted,"[850, 3230, 4190, 3385]",,,
186v,V22,61,B,BO,O,adopted,"[850, 3230, 4190, 3385]",,,
186v,V22,62,L,LY,L,adopted,"[850, 3230, 4190, 3385]",,,
186v,V22,63,E,ER,E,adopted,"[850, 3230, 4190, 3385]",,,
186v,V22,64,F,FS,S,adopted,"[850, 3230, 4190, 3385]",,,
186v,V22,65,C,CP,,unadopted,"[850, 3230, 4190, 3385]",,,
186v,V22,66,XR22,,,unadopted,"[850, 3230, 4190, 3385]",,,
186v,V23,1,M,MZ,M,adopted,"[840, 3385, 4200, 3480]",906.4,3407.8,
186v,V23,2,E,ER,E,adopted,"[840, 3385, 4200, 3480]",953.7,3415.1,
186v,V23,3,F,FS,S,adopted,"[840, 3385, 4200, 3480]",1008.9,3416.7,
186v,V23,4,I,IX,I,adopted,"[840, 3385, 4200, 3480]",1068.2,3425.7,
186v,V23,5,L,LY,L,adopted,"[840, 3385, 4200, 3480]",1121.2,3412.1,
186v,V23,6,L,LY,Y,adopted,"[840, 3385, 4200, 3480]",1166.2,3413.0,
186v,V23,7,A,AN,A,adopted,"[840, 3385, 4200, 3480]",1226.8,3425.3,
186v,V23,8,H,HU,U,adopted,"[840, 3385, 4200, 3480]",1277.9,3421.0,
186v,V23,9,B,BO,O,adopted,"[840, 3385, 4200, 3480]",1335.0,3431.3,
186v,V23,10,I,IX,I,adopted,"[840, 3385, 4200, 3480]",1395.3,3423.9,
186v,V23,11,G,GT,T,adopted,"[840, 3385, 4200, 3480]",1451.8,3425.5,
186v,V23,12,A,AN,A,adopted,"[840, 3385, 4200, 3480]",1507.8,3431.6,
186v,V23,13,C,CP,P,adopted,"[840, 3385, 4200, 3480]",1533.5,3429.1,
186v,V23,14,A,AN,A,adopted,"[840, 3385, 4200, 3480]",1587.0,3434.9,
186v,V23,15,E,ER,R,adopted,"[840, 3385, 4200, 3480]",1651.8,3430.7,
186v,V23,16,A,AN,A,adopted,"[840, 3385, 4200, 3480]",1701.6,3427.5,
186v,V23,17,A,AN,N,adopted,"[840, 3385, 4200, 3480]",1745.4,3438.3,
186v,V23,18,C,CP,C,adopted,"[840, 3385, 4200, 3480]",1797.9,3431.2,
186v,V23,19,E,ER,E,adopted,"[840, 3385, 4200, 3480]",1853.8,3439.0,
186v,V23,20,D,DQ,D,adopted,"[840, 3385, 4200, 3480]",1894.7,3434.6,
186v,V23,21,E,ER,E,adopted,"[840, 3385, 4200, 3480]",1956.9,3434.4,
186v,V23,22,C,CP,P,adopted,"[840, 3385, 4200, 3480]",2005.9,3435.6,
186v,V23,23,L,LY,L,adopted,"[840, 3385, 4200, 3480]",2053.7,3439.9,
186v,V23,24,H,HU,U,adopted,"[840, 3385, 4200, 3480]",2099.3,3419.6,
186v,V23,25,F,FS,S,adopted,"[840, 3385, 4200, 3480]",2141.3,3422.7,
186v,V23,26,A,AN,A,adopted,"[840, 3385, 4200, 3480]",2195.6,3429.3,
186v,V23,27,D,DQ,D,adopted,"[840, 3385, 4200, 3480]",2262.3,3434.4,
186v,V23,28,I,IX,I,adopted,"[840, 3385, 4200, 3480]",2312.4,3443.9,
186v,V23,29,B,BO,O,adopted,"[840, 3385, 4200, 3480]",2363.0,3437.1,
186v,V23,30,H,HU,U,adopted,"[840, 3385, 4200, 3480]",2418.1,3441.2,
186v,V23,31,F,FS,S,adopted,"[840, 3385, 4200, 3480]",2474.3,3433.1,
186v,V23,32,G,GT,T,adopted,"[840, 3385, 4200, 3480]",2521.0,3432.6,
186v,V23,33,E,ER,E,adopted,"[840, 3385, 4200, 3480]",2587.2,3439.2,
186v,V23,34,E,ER,R,adopted,"[840, 3385, 4200, 3480]",2634.9,3439.2,
186v,V23,35,F,FS,F,adopted,"[840, 3385, 4200, 3480]",2699.9,3434.9,
186v,V23,36,B,BO,O,adopted,"[840, 3385, 4200, 3480]",2752.3,3445.5,
186v,V23,37,L,LY,Y,adopted,"[840, 3385, 4200, 3480]",2798.0,3425.1,
186v,V23,38,A,AN,A,adopted,"[840, 3385, 4200, 3480]",2871.6,3444.1,
186v,V23,39,D,DQ,D,adopted,"[840, 3385, 4200, 3480]",2928.6,3446.6,
186v,V23,40,E,ER,E,adopted,"[840, 3385, 4200, 3480]",2971.9,3443.0,
186v,V23,41,F,FS,S,adopted,"[840, 3385, 4200, 3480]",3013.2,3433.9,
186v,V23,42,G,GT,G,adopted,"[840, 3385, 4200, 3480]",3053.9,3434.1,
186v,V23,43,E,ER,E,adopted,"[840, 3385, 4200, 3480]",3090.9,3445.3,
186v,V23,44,A,AN,N,adopted,"[840, 3385, 4200, 3480]",3137.0,3441.7,
186v,V23,45,F,FS,S,adopted,"[840, 3385, 4200, 3480]",3179.8,3434.9,
186v,V23,46,QUI,QUI,QUI,adopted,"[840, 3385, 4200, 3480]",3252.4,3445.0,
186v,V23,47,A,AN,N,adopted,"[840, 3385, 4200, 3480]",3296.7,3436.1,
186v,V23,48,E,ER,E,adopted,"[840, 3385, 4200, 3480]",3330.4,3437.6,
186v,V23,49,A,AN,N,adopted,"[840, 3385, 4200, 3480]",3378.6,3443.9,
186v,V23,50,B,BO,O,adopted,"[840, 3385, 4200, 3480]",3437.5,3442.7,
186v,V23,51,H,HU,U,adopted,"[840, 3385, 4200, 3480]",3491.0,3439.4,
186v,V23,52,F,FS,S,adopted,"[840, 3385, 4200, 3480]",3555.1,3423.0,
186v,V23,53,F,FS,F,adopted,"[840, 3385, 4200, 3480]",3597.8,3428.4,
186v,V23,54,I,IX,I,adopted,"[840, 3385, 4200, 3480]",3662.4,3429.9,
186v,V23,55,E,ER,R,adopted,"[840, 3385, 4200, 3480]",3716.8,3432.2,
186v,V23,56,E,ER,E,adopted,"[840, 3385, 4200, 3480]",3766.8,3431.3,
186v,V23,57,A,AN,N,adopted,"[840, 3385, 4200, 3480]",3812.8,3422.4,
186v,V23,58,G,GT,T,adopted,"[840, 3385, 4200, 3480]",3850.6,3431.8,
186v,V23,59,I,IX,,unadopted,"[840, 3385, 4200, 3480]",3902.5,3422.3,
186v,V23,60,A,AN,,unadopted,"[840, 3385, 4200, 3480]",3953.4,3415.5,
186v,V23,61,M,MZ,,unadopted,"[840, 3385, 4200, 3480]",4008.4,3422.7,
186v,V23,62,A,AN,,unadopted,"[840, 3385, 4200, 3480]",4042.3,3410.4,
186v,V23,63,I,IX,,unadopted,"[840, 3385, 4200, 3480]",4094.5,3426.4,[]
186v,V24,1,F,FS,S,adopted,"[840, 3490, 4200, 3585]",905.1,3513.8,
186v,V24,2,C,CP,P,adopted,"[840, 3490, 4200, 3585]",965.1,3532.5,
186v,V24,3,A,AN,A,adopted,"[840, 3490, 4200, 3585]",1025.3,3522.3,
186v,V24,4,E,ER,R,adopted,"[840, 3490, 4200, 3585]",1070.0,3525.7,
186v,V24,5,B,BO,O,adopted,"[840, 3490, 4200, 3585]",1120.0,3525.7,
186v,V24,6,I,IX,I,adopted,"[840, 3490, 4200, 3585]",1178.2,3523.8,
186v,V24,7,F,FS,S,adopted,"[840, 3490, 4200, 3585]",1217.9,3523.7,
186v,V24,8,G,GT,T,adopted,"[840, 3490, 4200, 3585]",1267.9,3524.7,
186v,V24,9,E,ER,R,adopted,"[840, 3490, 4200, 3585]",1314.1,3523.0,
186v,V24,10,E,ER,E,adopted,"[840, 3490, 4200, 3585]",1352.7,3530.3,
186v,V24,11,A,AN,,unadopted,"[840, 3490, 4200, 3585]",1409.7,3532.8,
186v,V24,12,A,AN,A,adopted,"[840, 3490, 4200, 3585]",1454.5,3537.0,
186v,V24,13,H,HU,U,adopted,"[840, 3490, 4200, 3585]",1516.3,3532.7,
186v,V24,14,B,BO,O,adopted,"[840, 3490, 4200, 3585]",1547.4,3534.2,
186v,V24,15,I,IX,I,adopted,"[840, 3490, 4200, 3585]",1594.5,3528.5,
186v,V24,16,E,ER,R,adopted,"[840, 3490, 4200, 3585]",1646.0,3535.0,
186v,V24,17,ET,ET,ET,adopted,"[840, 3490, 4200, 3585]",1705.3,3534.4,
186v,V24,18,QUI,QUI,QUI,adopted,"[840, 3490, 4200, 3585]",1753.7,3534.4,
186v,V24,19,B,BO,O,adopted,"[840, 3490, 4200, 3585]",1809.6,3529.2,
186v,V24,20,A,AN,N,adopted,"[840, 3490, 4200, 3585]",1861.7,3546.2,
186v,V24,21,G,GT,T,adopted,"[840, 3490, 4200, 3585]",1917.1,3540.3,
186v,V24,22,POUR,POUR,POUR,adopted,"[840, 3490, 4200, 3585]",1977.2,3536.1,
186v,V24,23,M,MZ,M,adopted,"[840, 3490, 4200, 3585]",2024.3,3531.4,
186v,V24,24,A,AN,A,adopted,"[840, 3490, 4200, 3585]",2083.1,3530.4,
186v,V24,25,I,IX,X,adopted,"[840, 3490, 4200, 3585]",2110.7,3513.7,
186v,V24,26,I,IX,I,adopted,"[840, 3490, 4200, 3585]",2152.6,3518.2,
186v,V24,27,M,MZ,M,adopted,"[840, 3490, 4200, 3585]",2200.5,3537.1,
186v,V24,28,E,ER,E,adopted,"[840, 3490, 4200, 3585]",2256.3,3535.1,
186v,V24,29,D,DQ,D,adopted,"[840, 3490, 4200, 3585]",2305.0,3534.1,
186v,V24,30,E,ER,E,adopted,"[840, 3490, 4200, 3585]",2356.5,3518.0,
186v,V24,31,A,AN,N,adopted,"[840, 3490, 4200, 3585]",2400.7,3534.7,
186v,V24,32,B,BO,O,adopted,"[840, 3490, 4200, 3585]",2460.8,3537.1,
186v,V24,33,H,HU,U,adopted,"[840, 3490, 4200, 3585]",2503.8,3536.4,
186v,V24,34,F,FS,S,adopted,"[840, 3490, 4200, 3585]",2561.7,3538.3,
186v,V24,35,H,HU,U,adopted,"[840, 3490, 4200, 3585]",2616.8,3538.7,
186v,V24,36,B,BO,O,adopted,"[840, 3490, 4200, 3585]",2676.3,3529.0,
186v,V24,37,H,HU,U,adopted,"[840, 3490, 4200, 3585]",2726.6,3533.4,
186v,V24,38,L,LY,L,adopted,"[840, 3490, 4200, 3585]",2787.6,3529.7,
186v,V24,39,B,BO,O,adopted,"[840, 3490, 4200, 3585]",2840.3,3545.1,
186v,V24,40,I,IX,I,adopted,"[840, 3490, 4200, 3585]",2893.6,3531.8,
186v,V24,41,E,ER,R,adopted,"[840, 3490, 4200, 3585]",2953.1,3527.9,
186v,V24,42,G,GT,T,adopted,"[840, 3490, 4200, 3585]",2994.3,3541.0,
186v,V24,43,E,ER,R,adopted,"[840, 3490, 4200, 3585]",3044.8,3527.3,
186v,V24,44,B,BO,O,adopted,"[840, 3490, 4200, 3585]",3096.9,3533.0,
186v,V24,45,M,MZ,M,adopted,"[840, 3490, 4200, 3585]",3154.8,3529.3,
186v,V24,46,C,CP,P,adopted,"[840, 3490, 4200, 3585]",3199.1,3528.4,
186v,V24,47,E,ER,E,adopted,"[840, 3490, 4200, 3585]",3253.8,3531.8,
186v,V24,48,E,ER,R,adopted,"[840, 3490, 4200, 3585]",3308.2,3537.6,
186v,V24,49,C,CP,P,adopted,"[840, 3490, 4200, 3585]",3356.8,3532.9,
186v,V24,50,A,AN,A,adopted,"[840, 3490, 4200, 3585]",3393.1,3530.0,
186v,V24,51,E,ER,R,adopted,"[840, 3490, 4200, 3585]",3444.6,3549.5,
186v,V24,52,A,AN,A,adopted,"[840, 3490, 4200, 3585]",3504.5,3533.5,
186v,V24,53,H,HU,U,adopted,"[840, 3490, 4200, 3585]",3548.9,3531.1,
186v,V24,54,A,AN,A,adopted,"[840, 3490, 4200, 3585]",3594.2,3534.7,
186v,V24,55,A,AN,N,adopted,"[840, 3490, 4200, 3585]",3642.3,3522.4,
186v,V24,56,G,GT,T,adopted,"[840, 3490, 4200, 3585]",3690.5,3534.0,
186v,V24,57,H,HU,U,adopted,"[840, 3490, 4200, 3585]",3739.3,3526.1,
186v,V24,58,E,ER,R,adopted,"[840, 3490, 4200, 3585]",3789.7,3524.2,
186v,V24,59,E,ER,E,adopted,"[840, 3490, 4200, 3585]",3835.3,3521.0,
186v,V24,60,M,MZ,,unadopted,"[840, 3490, 4200, 3585]",3879.8,3529.3,
186v,V24,61,E,ER,,unadopted,"[840, 3490, 4200, 3585]",3924.1,3526.6,
186v,V24,62,F,FS,,unadopted,"[840, 3490, 4200, 3585]",3988.7,3532.9,
186v,V24,63,M,MZ,,unadopted,"[840, 3490, 4200, 3585]",4041.2,3528.2,
186v,V24,64,E,ER,,unadopted,"[840, 3490, 4200, 3585]",4095.7,3524.2,[]
186v,V25,1,G,GT,,unadopted,"[840, 3585, 4200, 3685]",906,3630,
186v,V25,2,E,ER,,unadopted,"[840, 3585, 4200, 3685]",940,3630,
186v,V25,3,B,BO,,unadopted,"[840, 3585, 4200, 3685]",982,3630,
186v,V25,4,A,AN,,unadopted,"[840, 3585, 4200, 3685]",1030,3630,"['A', 'H']"
186v,V25,5,H,HU,,unadopted,"[840, 3585, 4200, 3685]",1075,3630,
186v,V25,6,E,ER,,unadopted,"[840, 3585, 4200, 3685]",1126,3630,
186v,V25,7,E,ER,,unadopted,"[840, 3585, 4200, 3685]",1174,3630,
186v,V25,8,E,ER,,unadopted,"[840, 3585, 4200, 3685]",1230,3630,
186v,V25,9,F,FS,,unadopted,"[840, 3585, 4200, 3685]",1270,3630,
186v,V25,10,H,HU,,unadopted,"[840, 3585, 4200, 3685]",1330,3630,
186v,V25,11,B,BO,,unadopted,"[840, 3585, 4200, 3685]",1380,3630,
186v,V25,12,H,HU,,unadopted,"[840, 3585, 4200, 3685]",1430,3630,
186v,V25,13,G,GT,,unadopted,"[840, 3585, 4200, 3685]",1490,3630,"['F', 'G']"
186v,V25,14,E,ER,E,adopted,"[840, 3585, 4200, 3685]",1550,3630,
186v,V25,15,F,FS,S,adopted,"[840, 3585, 4200, 3685]",1600,3630,
186v,V25,16,G,GT,T,adopted,"[840, 3585, 4200, 3685]",1663,3630,
186v,V25,17,E,ER,R,adopted,"[840, 3585, 4200, 3685]",1711,3630,
186v,V25,18,A,AN,A,adopted,"[840, 3585, 4200, 3685]",1751,3630,
186v,V25,19,A,AN,N,adopted,"[840, 3585, 4200, 3685]",1810,3630,
186v,V25,20,G,GT,G,adopted,"[840, 3585, 4200, 3685]",1860,3630,
186v,V25,21,E,ER,E,adopted,"[840, 3585, 4200, 3685]",1900,3630,
186v,V25,22,QUE,QUE,QUE,adopted,"[840, 3585, 4200, 3685]",1960,3630,
186v,V25,23,I,IX,I,adopted,"[840, 3585, 4200, 3685]",2010,3630,
186v,V25,24,E,ER,E,adopted,"[840, 3585, 4200, 3685]",2057,3630,
186v,V25,25,H,HU,U,adopted,"[840, 3585, 4200, 3685]",2108,3630,
186v,V25,26,B,BO,O,adopted,"[840, 3585, 4200, 3685]",2150,3630,
186v,V25,27,H,HU,U,adopted,"[840, 3585, 4200, 3685]",2210,3630,
186v,V25,28,F,FS,S,adopted,"[840, 3585, 4200, 3685]",2260,3630,
186v,V25,29,A,AN,N,adopted,"[840, 3585, 4200, 3685]",2310,3630,
186v,V25,30,L,LY,Y,adopted,"[840, 3585, 4200, 3685]",2365,3630,
186v,V25,31,E,ER,R,adopted,"[840, 3585, 4200, 3685]",2415,3630,
186v,V25,32,E,ER,E,adopted,"[840, 3585, 4200, 3685]",2454,3630,
186v,V25,33,M,MZ,M,adopted,"[840, 3585, 4200, 3685]",2491,3630,
186v,V25,34,A,AN,A,adopted,"[840, 3585, 4200, 3685]",2535,3630,
186v,V25,35,E,ER,R,adopted,"[840, 3585, 4200, 3685]",2586,3630,
186v,V25,36,D,DQ,Q,adopted,"[840, 3585, 4200, 3685]",2632,3630,
186v,V25,37,H,HU,U,adopted,"[840, 3585, 4200, 3685]",2673,3630,
186v,V25,38,E,ER,E,adopted,"[840, 3585, 4200, 3685]",2710,3630,
186v,V25,39,L,LY,L,adopted,"[840, 3585, 4200, 3685]",2770,3630,
186v,V25,40,E,ER,E,adopted,"[840, 3585, 4200, 3685]",2810,3630,
186v,V25,41,F,FS,S,adopted,"[840, 3585, 4200, 3685]",2858,3630,
186v,V25,42,D,DQ,D,adopted,"[840, 3585, 4200, 3685]",2927,3630,
186v,V25,43,E,ER,E,adopted,"[840, 3585, 4200, 3685]",2975,3630,
186v,V25,44,H,HU,U,adopted,"[840, 3585, 4200, 3685]",3020,3630,
186v,V25,45,I,IX,X,adopted,"[840, 3585, 4200, 3685]",3070,3630,
186v,V25,46,C,CP,P,adopted,"[840, 3585, 4200, 3685]",3130,3630,
186v,V25,47,B,BO,O,adopted,"[840, 3585, 4200, 3685]",3180,3630,
186v,V25,48,I,IX,I,adopted,"[840, 3585, 4200, 3685]",3240,3630,
186v,V25,49,A,AN,N,adopted,"[840, 3585, 4200, 3685]",3290,3630,
186v,V25,50,F,FS,S,adopted,"[840, 3585, 4200, 3685]",3340,3630,
186v,V25,51,QUE,QUE,QUE,adopted,"[840, 3585, 4200, 3685]",3400,3630,
186v,V25,52,F,FS,S,adopted,"[840, 3585, 4200, 3685]",3450,3630,
186v,V25,53,B,BO,O,adopted,"[840, 3585, 4200, 3685]",3507,3630,
186v,V25,54,A,AN,N,adopted,"[840, 3585, 4200, 3685]",3570,3630,
186v,V25,55,G,GT,T,adopted,"[840, 3585, 4200, 3685]",3610,3630,
186v,V25,56,Xdel,,,unadopted,"[840, 3585, 4200, 3685]",3670,3630,[]
186v,V25,57,E,ER,,unadopted,"[840, 3585, 4200, 3685]",3716,3630,
186v,V25,58,C,CP,,unadopted,"[840, 3585, 4200, 3685]",3770,3630,
186v,V25,59,B,BO,,unadopted,"[840, 3585, 4200, 3685]",3830,3630,
186v,V25,60,H,HU,,unadopted,"[840, 3585, 4200, 3685]",3890,3630,
186v,V25,61,E,ER,,unadopted,"[840, 3585, 4200, 3685]",3950,3630,
186v,V25,62,I,IX,,unadopted,"[840, 3585, 4200, 3685]",3990,3630,
186v,V25,63,E,ER,,unadopted,"[840, 3585, 4200, 3685]",4030,3630,
186v,V25,64,L,LY,,unadopted,"[840, 3585, 4200, 3685]",4090,3630,
186v,V25,65,E,ER,,unadopted,"[840, 3585, 4200, 3685]",4120,3630,[]
186v,V26,1,F,FS,S,adopted,"[840, 3685, 4200, 3800]",912.3,3714.0,
186v,V26,2,E,ER,E,adopted,"[840, 3685, 4200, 3800]",963.5,3721.0,
186v,V26,3,A,AN,N,adopted,"[840, 3685, 4200, 3800]",1011.2,3719.4,
186v,V26,4,A,AN,N,adopted,"[840, 3685, 4200, 3800]",1034.3,3722.3,
186v,V26,5,E,ER,E,adopted,"[840, 3685, 4200, 3800]",1079.1,3723.5,
186v,V26,6,M,MZ,M,adopted,"[840, 3685, 4200, 3800]",1120.8,3738.0,
186v,V26,7,I,IX,I,adopted,"[840, 3685, 4200, 3800]",1168.0,3718.1,
186v,V26,8,F,FS,S,adopted,"[840, 3685, 4200, 3800]",1222.1,3727.7,
186v,V26,9,G,GT,T,adopted,"[840, 3685, 4200, 3800]",1265.3,3723.1,
186v,V26,10,A,AN,A,adopted,"[840, 3685, 4200, 3800]",1321.9,3724.2,
186v,V26,11,A,AN,N,adopted,"[840, 3685, 4200, 3800]",1373.4,3732.1,
186v,V26,12,G,GT,T,adopted,"[840, 3685, 4200, 3800]",1399.2,3731.2,
186v,V26,13,D,DQ,D,adopted,"[840, 3685, 4200, 3800]",1453.2,3735.5,
186v,V26,14,E,ER,E,adopted,"[840, 3685, 4200, 3800]",1496.1,3729.3,
186v,V26,15,L,LY,L,adopted,"[840, 3685, 4200, 3800]",1554.9,3739.0,
186v,V26,16,A,AN,A,adopted,"[840, 3685, 4200, 3800]",1597.4,3737.0,
186v,V26,17,L,LY,L,adopted,"[840, 3685, 4200, 3800]",1648.8,3726.8,
186v,V26,18,E,ER,E,adopted,"[840, 3685, 4200, 3800]",1689.8,3740.6,
186v,V26,19,G,GT,T,adopted,"[840, 3685, 4200, 3800]",1741.2,3723.1,
186v,V26,20,G,GT,T,adopted,"[840, 3685, 4200, 3800]",1779.7,3732.0,
186v,V26,21,E,ER,R,adopted,"[840, 3685, 4200, 3800]",1837.9,3721.7,
186v,V26,22,E,ER,E,adopted,"[840, 3685, 4200, 3800]",1894.3,3734.3,
186v,V26,23,D,DQ,D,adopted,"[840, 3685, 4200, 3800]",1931.1,3733.4,
186v,V26,24,E,ER,E,adopted,"[840, 3685, 4200, 3800]",1999.7,3734.4,
186v,V26,25,X,,,unadopted,"[840, 3685, 4200, 3800]",2050.7,3734.0,
186v,V26,26,QUE,QUE,QUE,adopted,"[840, 3685, 4200, 3800]",2104.6,3718.0,
186v,V26,27,D,DQ,D,adopted,"[840, 3685, 4200, 3800]",2167.6,3723.8,
186v,V26,28,E,ER,E,adopted,"[840, 3685, 4200, 3800]",2212.6,3743.9,
186v,V26,29,C,CP,C,adopted,"[840, 3685, 4200, 3800]",2246.9,3740.0,
186v,V26,30,E,ER,E,adopted,"[840, 3685, 4200, 3800]",2296.5,3752.0,
186v,V26,31,L,LY,L,adopted,"[840, 3685, 4200, 3800]",2334.6,3740.7,
186v,V26,32,L,LY,L,adopted,"[840, 3685, 4200, 3800]",2377.4,3730.3,
186v,V26,33,E,ER,E,adopted,"[840, 3685, 4200, 3800]",2407.4,3728.6,
186v,V26,34,D,DQ,D,adopted,"[840, 3685, 4200, 3800]",2442.4,3740.8,
186v,V26,35,E,ER,E,adopted,"[840, 3685, 4200, 3800]",2511.3,3750.4,
186v,V26,36,CLEAR_SSJ,,,unadopted,"[840, 3685, 4200, 3800]",2650,3756.0,
186v,V26,37,E,ER,E,adopted,"[840, 3685, 4200, 3800]",2790,3743.1,
186v,V26,38,A,AN,N,adopted,"[840, 3685, 4200, 3800]",2850,3752.2,
186v,V27,1,X,,,unadopted,"[840, 3780, 4200, 3885]",3233.0,3826.1,
186v,V27,2,D,DQ,D,adopted,"[840, 3780, 4200, 3885]",3279.7,3807.9,
186v,V27,3,E,ER,E,adopted,"[840, 3780, 4200, 3885]",3330.7,3835.0,
186v,V27,4,M,MZ,M,adopted,"[840, 3780, 4200, 3885]",3382.7,3833.3,
186v,V27,5,E,ER,E,adopted,"[840, 3780, 4200, 3885]",3422.2,3821.6,
186v,V27,6,F,FS,F,adopted,"[840, 3780, 4200, 3885]",3464.8,3830.0,
186v,V27,7,A,AN,A,adopted,"[840, 3780, 4200, 3885]",3519.7,3823.1,
186v,V27,8,I,IX,I,adopted,"[840, 3780, 4200, 3885]",3571.6,3827.7,
186v,V27,9,E,ER,R,adopted,"[840, 3780, 4200, 3885]",3617.4,3821.9,
186v,V27,10,E,ER,E,adopted,"[840, 3780, 4200, 3885]",3662.3,3821.7,
186v,V27,11,X,,,unadopted,"[840, 3780, 4200, 3885]",3702.5,3829.3,
186v,V27,12,G,GT,,unadopted,"[840, 3780, 4200, 3885]",3768.7,3819.5,
186v,V27,13,D,DQ,D,adopted,"[840, 3780, 4200, 3885]",3823.2,3817.7,
186v,V27,14,E,ER,E,adopted,"[840, 3780, 4200, 3885]",3889.6,3828.7,
186v,V27,15,F,FS,S,adopted,"[840, 3780, 4200, 3885]",3937.7,3832.7,
186v,V27,16,E,ER,E,adopted,"[840, 3780, 4200, 3885]",4009.6,3817.9,
186v,V27,17,F,FS,S,adopted,"[840, 3780, 4200, 3885]",4052.7,3818.8,
186v,V28,1,I,IX,I,adopted,"[840, 3885, 4200, 3970]",920.5,3919.5,
186v,V28,2,A,AN,N,adopted,"[840, 3885, 4200, 3970]",988.7,3929.5,
186v,V28,3,G,GT,T,adopted,"[840, 3885, 4200, 3970]",1031.0,3924.5,
186v,V28,4,E,ER,E,adopted,"[840, 3885, 4200, 3970]",1078.2,3925.7,
186v,V28,5,A,AN,N,adopted,"[840, 3885, 4200, 3970]",1131.7,3925.6,
186v,V28,6,G,GT,T,adopted,"[840, 3885, 4200, 3970]",1187.4,3924.7,
186v,V28,7,I,IX,I,adopted,"[840, 3885, 4200, 3970]",1247.8,3925.3,
186v,V28,8,B,BO,O,adopted,"[840, 3885, 4200, 3970]",1302.4,3929.6,
186v,V28,9,A,AN,N,adopted,"[840, 3885, 4200, 3970]",1369.6,3924.9,
186v,V28,10,F,FS,S,adopted,"[840, 3885, 4200, 3970]",1428.3,3925.9,
186v,V28,11,A,AN,,unadopted,"[840, 3885, 4200, 3970]",1501.3,3927.1,
186v,V28,12,X,,,unadopted,"[840, 3885, 4200, 3970]",1539.8,3926.4,
186v,V28,13,F,FS,,unadopted,"[840, 3885, 4200, 3970]",1599.5,3909.4,
186v,V28,14,A,AN,,unadopted,"[840, 3885, 4200, 3970]",1657.6,3922.1,
186v,V28,15,F,FS,,unadopted,"[840, 3885, 4200, 3970]",1719.6,3927.9,
186v,V28,16,L,LY,,unadopted,"[840, 3885, 4200, 3970]",1767.9,3923.9,
186v,V28,17,I,IX,,unadopted,"[840, 3885, 4200, 3970]",1839.7,3913.5,
186v,V28,18,A,AN,,unadopted,"[840, 3885, 4200, 3970]",1900.9,3922.1,
186v,V28,19,G,GT,,unadopted,"[840, 3885, 4200, 3970]",1966.2,3932.3,
186v,V28,20,E,ER,,unadopted,"[840, 3885, 4200, 3970]",2011.9,3928.1,
186v,V28,21,C,CP,,unadopted,"[840, 3885, 4200, 3970]",2050.1,3930.1,
186v,V28,22,B,BO,,unadopted,"[840, 3885, 4200, 3970]",2100.3,3931.7,
186v,V28,23,F,FS,,unadopted,"[840, 3885, 4200, 3970]",2143.6,3942.6,
186v,V28,24,E,ER,,unadopted,"[840, 3885, 4200, 3970]",2198.0,3937.1,
186v,V28,25,E,ER,,unadopted,"[840, 3885, 4200, 3970]",2260.4,3927.4,
186v,V28,26,X,,,unadopted,"[840, 3885, 4200, 3970]",2304.8,3934.5,
186v,V28,27,X,,,unadopted,"[840, 3885, 4200, 3970]",2345.4,3936.8,
186v,V28,28,I,IX,I,adopted,"[840, 3885, 4200, 3970]",2422.1,3921.1,
186v,V28,29,L,LY,L,adopted,"[840, 3885, 4200, 3970]",2495.9,3931.9,
186v,V28,30,M,MZ,M,adopted,"[840, 3885, 4200, 3970]",2519.0,3919.2,
186v,V28,31,E,ER,E,adopted,"[840, 3885, 4200, 3970]",2578.6,3926.9,
186v,V28,32,C,CP,P,adopted,"[840, 3885, 4200, 3970]",2639.1,3911.6,
186v,V28,33,E,ER,R,adopted,"[840, 3885, 4200, 3970]",2710.0,3927.4,
186v,V28,34,E,ER,E,adopted,"[840, 3885, 4200, 3970]",2772.0,3933.7,
186v,V28,35,A,AN,N,adopted,"[840, 3885, 4200, 3970]",2810.8,3923.3,
186v,V28,36,D,DQ,D,adopted,"[840, 3885, 4200, 3970]",2853.4,3928.0,
186v,V28,37,E,ER,R,adopted,"[840, 3885, 4200, 3970]",2902.7,3927.1,
186v,V28,38,A,AN,A,adopted,"[840, 3885, 4200, 3970]",2952.9,3928.9,
186v,V28,39,POUR,POUR,POUR,adopted,"[840, 3885, 4200, 3970]",3001.6,3919.8,
186v,V28,40,L,LY,L,adopted,"[840, 3885, 4200, 3970]",3036.0,3932.9,
186v,V28,41,H,HU,U,adopted,"[840, 3885, 4200, 3970]",3111.5,3917.3,
186v,V28,42,L,LY,Y,adopted,"[840, 3885, 4200, 3970]",3160.7,3914.9,
186v,V28,43,QUE,QUE,QUE,adopted,"[840, 3885, 4200, 3970]",3211.2,3917.3,
186v,V28,44,F,FS,S,adopted,"[840, 3885, 4200, 3970]",3264.0,3916.5,
186v,V28,45,E,ER,E,adopted,"[840, 3885, 4200, 3970]",3327.5,3908.6,
186v,V28,46,F,FS,S,adopted,"[840, 3885, 4200, 3970]",3377.6,3922.1,
186v,V28,47,C,CP,C,adopted,"[840, 3885, 4200, 3970]",3444.4,3925.1,
186v,V28,48,B,BO,O,adopted,"[840, 3885, 4200, 3970]",3491.3,3917.6,
186v,V28,49,M,MZ,M,adopted,"[840, 3885, 4200, 3970]",3552.1,3926.5,
186v,V28,50,M,MZ,M,adopted,"[840, 3885, 4200, 3970]",3595.1,3921.8,
186v,V28,51,A,AN,A,adopted,"[840, 3885, 4200, 3970]",3669.6,3911.5,
186v,V28,52,A,AN,N,adopted,"[840, 3885, 4200, 3970]",3729.3,3916.3,
186v,V28,53,D,DQ,D,adopted,"[840, 3885, 4200, 3970]",3791.0,3917.0,
186v,V28,54,E,ER,E,adopted,"[840, 3885, 4200, 3970]",3837.3,3918.7,
186v,V28,55,M,MZ,M,adopted,"[840, 3885, 4200, 3970]",3889.2,3917.0,
186v,V28,56,E,ER,E,adopted,"[840, 3885, 4200, 3970]",3966.8,3922.3,
186v,V28,57,A,AN,N,adopted,"[840, 3885, 4200, 3970]",4022.4,3918.6,
186v,V28,58,F,FS,S,adopted,"[840, 3885, 4200, 3970]",4062.8,3911.2,
186v,V29,1,ET,ET,ET,adopted,"[840, 3980, 4200, 4075]",912.7,4010.4,
186v,V29,2,C,CP,P,adopted,"[840, 3980, 4200, 4075]",983.7,4027.2,
186v,V29,3,H,HU,U,adopted,"[840, 3980, 4200, 4075]",1023.3,4016.2,
186v,V29,4,I,IX,I,adopted,"[840, 3980, 4200, 4075]",1077.0,4018.8,
186v,V29,5,F,FS,S,adopted,"[840, 3980, 4200, 4075]",1122.1,4016.6,
186v,V29,6,L,LY,L,adopted,"[840, 3980, 4200, 4075]",1201.5,4017.5,
186v,V29,7,E,ER,E,adopted,"[840, 3980, 4200, 4075]",1253.6,4017.3,
186v,V29,8,F,FS,S,adopted,"[840, 3980, 4200, 4075]",1306.0,4026.2,
186v,V29,9,C,CP,C,adopted,"[840, 3980, 4200, 4075]",1346.4,4018.1,
186v,V29,10,H,HU,H,adopted,"[840, 3980, 4200, 4075]",1391.1,4023.0,
186v,V29,11,B,BO,O,adopted,"[840, 3980, 4200, 4075]",1450.4,4019.8,
186v,V29,12,F,FS,S,adopted,"[840, 3980, 4200, 4075]",1486.7,4024.5,
186v,V29,13,E,ER,E,adopted,"[840, 3980, 4200, 4075]",1525.9,4020.5,
186v,V29,14,F,FS,S,adopted,"[840, 3980, 4200, 4075]",1586.3,4016.2,
186v,V29,15,E,ER,E,adopted,"[840, 3980, 4200, 4075]",1651.5,4028.6,
186v,V29,16,A,AN,N,adopted,"[840, 3980, 4200, 4075]",1717.5,4020.2,
186v,V29,17,F,FS,S,adopted,"[840, 3980, 4200, 4075]",1772.1,4026.2,
186v,V29,18,B,BO,O,adopted,"[840, 3980, 4200, 4075]",1845.0,4030.3,
186v,V29,19,A,AN,N,adopted,"[840, 3980, 4200, 4075]",1894.6,4020.1,
186v,V29,20,G,GT,T,adopted,"[840, 3980, 4200, 4075]",1943.9,4029.6,
186v,V29,21,E,ER,,unadopted,"[840, 3980, 4200, 4075]",1993.1,4025.6,
186v,V29,22,A,AN,,unadopted,"[840, 3980, 4200, 4075]",2045.8,4021.8,
186v,V29,23,G,GT,,unadopted,"[840, 3980, 4200, 4075]",2092.5,4027.4,
186v,V29,24,E,ER,,unadopted,"[840, 3980, 4200, 4075]",2131.0,4029.1,
186v,V29,25,E,ER,E,adopted,"[840, 3980, 4200, 4075]",2193.9,4028.6,
186v,V29,26,H,HU,U,adopted,"[840, 3980, 4200, 4075]",2236.3,4020.7,
186v,V29,27,L,LY,L,adopted,"[840, 3980, 4200, 4075]",2285.5,4017.9,
186v,V29,28,I,IX,X,adopted,"[840, 3980, 4200, 4075]",2317.8,4026.1,
186v,V29,29,E,ER,E,adopted,"[840, 3980, 4200, 4075]",2375.3,4033.2,
186v,V29,30,A,AN,N,adopted,"[840, 3980, 4200, 4075]",2428.7,4031.8,
186v,V29,31,G,GT,T,adopted,"[840, 3980, 4200, 4075]",2484.5,4024.2,
186v,V29,32,E,ER,E,adopted,"[840, 3980, 4200, 4075]",2519.2,4037.8,
186v,V29,33,L,LY,L,adopted,"[840, 3980, 4200, 4075]",2566.5,4028.7,
186v,V29,34,M,MZ,Z,adopted,"[840, 3980, 4200, 4075]",2595.1,4018.2,
186v,V29,35,G,GT,T,adopted,"[840, 3980, 4200, 4075]",2651.4,4026.6,
186v,V29,36,E,ER,E,adopted,"[840, 3980, 4200, 4075]",2700.9,4026.6,
186v,V29,37,E,ER,R,adopted,"[840, 3980, 4200, 4075]",2749.5,4018.1,
186v,V29,38,M,MZ,M,adopted,"[840, 3980, 4200, 4075]",2821.5,4024.9,
186v,V29,39,E,ER,E,adopted,"[840, 3980, 4200, 4075]",2865.2,4022.5,
186v,V29,40,F,FS,S,adopted,"[840, 3980, 4200, 4075]",2928.9,4007.2,
186v,V29,41,QUE,QUE,QUE,adopted,"[840, 3980, 4200, 4075]",2974.8,4020.5,
186v,V29,42,F,FS,S,adopted,"[840, 3980, 4200, 4075]",3038.2,4025.7,
186v,V29,43,A,AN,A,adopted,"[840, 3980, 4200, 4075]",3089.4,4022.9,
186v,V29,44,A,AN,N,adopted,"[840, 3980, 4200, 4075]",3141.3,4022.7,
186v,V29,45,F,FS,S,adopted,"[840, 3980, 4200, 4075]",3204.1,4015.7,
186v,V29,46,L,LY,L,adopted,"[840, 3980, 4200, 4075]",3242.2,4021.2,
186v,V29,47,E,ER,E,adopted,"[840, 3980, 4200, 4075]",3309.6,4021.9,
186v,V29,48,E,ER,R,adopted,"[840, 3980, 4200, 4075]",3357.9,4019.1,
186v,V29,49,E,ER,E,adopted,"[840, 3980, 4200, 4075]",3396.0,4017.4,
186v,V29,50,F,FS,S,adopted,"[840, 3980, 4200, 4075]",3444.9,4034.0,
186v,V29,51,C,CP,P,adopted,"[840, 3980, 4200, 4075]",3491.0,4020.5,
186v,V29,52,E,ER,E,adopted,"[840, 3980, 4200, 4075]",3534.9,4028.5,
186v,V29,53,C,CP,C,adopted,"[840, 3980, 4200, 4075]",3569.0,4017.2,
186v,V29,54,G,GT,T,adopted,"[840, 3980, 4200, 4075]",3626.4,4017.6,
186v,V29,55,A,AN,,unadopted,"[840, 3980, 4200, 4075]",3678.5,4022.6,
186v,V29,56,B,BO,,unadopted,"[840, 3980, 4200, 4075]",3733.9,4005.3,
186v,V29,57,X,,,unadopted,"[840, 3980, 4200, 4075]",3795.9,4020.5,
186v,V29,58,I,IX,I,adopted,"[840, 3980, 4200, 4075]",3829.6,4017.1,
186v,V29,59,L,LY,L,adopted,"[840, 3980, 4200, 4075]",3872.2,4007.6,
186v,V29,60,A,AN,N,adopted,"[840, 3980, 4200, 4075]",3930.1,4021.9,
186v,V29,61,E,ER,E,adopted,"[840, 3980, 4200, 4075]",3977.4,4009.3,
186v,V29,62,F,FS,S,adopted,"[840, 3980, 4200, 4075]",4022.7,4005.3,
186v,V29,63,E,ER,E,adopted,"[840, 3980, 4200, 4075]",4064.1,4006.9,
186v,V30,1,I,IX,I,adopted,"[840, 4080, 4200, 4190]",928.3,4121.5,
186v,V30,2,B,BO,O,adopted,"[840, 4080, 4200, 4190]",987.0,4123.8,
186v,V30,3,H,HU,U,adopted,"[840, 4080, 4200, 4190]",1047.4,4116.6,
186v,V30,4,E,ER,E,adopted,"[840, 4080, 4200, 4190]",1086.0,4123.5,
186v,V30,5,E,ER,R,adopted,"[840, 4080, 4200, 4190]",1135.7,4117.5,
186v,V30,6,B,BO,O,adopted,"[840, 4080, 4200, 4190]",1180.6,4123.6,
186v,V30,7,I,IX,I,adopted,"[840, 4080, 4200, 4190]",1241.4,4119.8,
186v,V30,8,G,GT,T,adopted,"[840, 4080, 4200, 4190]",1290.4,4117.4,
186v,V30,9,C,CP,P,adopted,"[840, 4080, 4200, 4190]",1353.7,4145.4,
186v,V30,10,L,LY,L,adopted,"[840, 4080, 4200, 4190]",1401.3,4114.7,
186v,V30,11,H,HU,U,adopted,"[840, 4080, 4200, 4190]",1441.0,4123.7,
186v,V30,12,F,FS,S,adopted,"[840, 4080, 4200, 4190]",1484.4,4126.1,
186v,V30,13,F,FS,S,adopted,"[840, 4080, 4200, 4190]",1553.4,4127.9,
186v,V30,14,I,IX,I,adopted,"[840, 4080, 4200, 4190]",1576.8,4123.7,
186v,V30,15,L,LY,L,adopted,"[840, 4080, 4200, 4190]",1625.1,4133.5,
186v,V30,16,B,BO,O,adopted,"[840, 4080, 4200, 4190]",1690.0,4115.6,
186v,V30,17,A,AN,N,adopted,"[840, 4080, 4200, 4190]",1744.2,4129.6,
186v,V30,18,G,GT,G,adopted,"[840, 4080, 4200, 4190]",1794.2,4136.2,
186v,V30,19,E,ER,E,adopted,"[840, 4080, 4200, 4190]",1861.4,4123.8,
186v,V30,20,M,MZ,M,adopted,"[840, 4080, 4200, 4190]",1904.5,4127.0,
186v,V30,21,C,CP,P,adopted,"[840, 4080, 4200, 4190]",1971.0,4138.6,
186v,V30,22,F,FS,S,adopted,"[840, 4080, 4200, 4190]",2014.4,4128.3,
186v,V30,23,A,AN,A,adopted,"[840, 4080, 4200, 4190]",2077.5,4138.2,
186v,V30,24,F,FS,S,adopted,"[840, 4080, 4200, 4190]",2103.6,4138.0,
186v,V30,25,E,ER,E,adopted,"[840, 4080, 4200, 4190]",2151.4,4135.6,
186v,V30,26,F,FS,S,adopted,"[840, 4080, 4200, 4190]",2197.5,4142.3,
186v,V30,27,D,DQ,D,adopted,"[840, 4080, 4200, 4190]",2238.6,4134.8,
186v,V30,28,E,ER,E,adopted,"[840, 4080, 4200, 4190]",2291.5,4143.6,
186v,V30,29,F,FS,S,adopted,"[840, 4080, 4200, 4190]",2337.9,4137.1,
186v,V30,30,C,CP,P,adopted,"[840, 4080, 4200, 4190]",2410.2,4165.9,
186v,V30,31,E,ER,E,adopted,"[840, 4080, 4200, 4190]",2458.2,4145.0,
186v,V30,32,A,AN,N,adopted,"[840, 4080, 4200, 4190]",2509.1,4144.3,
186v,V30,33,F,FS,S,adopted,"[840, 4080, 4200, 4190]",2565.7,4135.8,
186v,V30,34,A,AN,,unadopted,"[840, 4080, 4200, 4190]",2634.3,4138.7,
186v,V30,35,L,LY,,unadopted,"[840, 4080, 4200, 4190]",2682.6,4131.5,
186v,V30,36,D,DQ,D,adopted,"[840, 4080, 4200, 4190]",2722.4,4146.5,
186v,V30,37,E,ER,E,adopted,"[840, 4080, 4200, 4190]",2762.5,4142.6,
186v,V30,38,L,LY,L,adopted,"[840, 4080, 4200, 4190]",2817.2,4125.9,
186v,V30,39,A,AN,A,adopted,"[840, 4080, 4200, 4190]",2855.2,4138.8,
186v,V30,40,E,ER,R,adopted,"[840, 4080, 4200, 4190]",2918.6,4138.6,
186v,V30,41,H,HU,U,adopted,"[840, 4080, 4200, 4190]",2961.8,4134.1,
186v,V30,42,I,IX,I,adopted,"[840, 4080, 4200, 4190]",3013.7,4138.6,
186v,V30,43,A,AN,N,adopted,"[840, 4080, 4200, 4190]",3074.3,4137.8,
186v,V30,44,E,ER,E,adopted,"[840, 4080, 4200, 4190]",3118.2,4140.2,
186v,V30,45,D,DQ,D,adopted,"[840, 4080, 4200, 4190]",3177.6,4141.0,
186v,V30,46,E,ER,E,adopted,"[840, 4080, 4200, 4190]",3224.3,4134.9,
186v,V30,47,G,GT,T,adopted,"[840, 4080, 4200, 4190]",3281.3,4128.5,
186v,V30,48,B,BO,O,adopted,"[840, 4080, 4200, 4190]",3322.7,4128.1,
186v,V30,49,H,HU,U,adopted,"[840, 4080, 4200, 4190]",3373.3,4128.1,
186v,V30,50,F,FS,S,adopted,"[840, 4080, 4200, 4190]",3423.0,4130.2,
186v,V30,51,C,CP,C,adopted,"[840, 4080, 4200, 4190]",3476.6,4142.1,
186v,V30,52,E,ER,E,adopted,"[840, 4080, 4200, 4190]",3520.0,4132.8,
186v,V30,53,H,HU,U,adopted,"[840, 4080, 4200, 4190]",3558.8,4127.1,
186v,V30,54,L,LY,L,adopted,"[840, 4080, 4200, 4190]",3613.1,4119.4,
186v,V30,55,I,IX,X,adopted,"[840, 4080, 4200, 4190]",3658.2,4127.2,
186v,V30,56,D,DQ,D,adopted,"[840, 4080, 4200, 4190]",3711.3,4132.2,
186v,V30,57,E,ER,E,adopted,"[840, 4080, 4200, 4190]",3762.8,4129.1,
186v,V30,58,F,FS,S,adopted,"[840, 4080, 4200, 4190]",3820.4,4120.6,
186v,V30,59,A,AN,A,adopted,"[840, 4080, 4200, 4190]",3874.9,4132.0,
186v,V30,60,M,MZ,M,adopted,"[840, 4080, 4200, 4190]",3930.6,4108.3,
186v,V30,61,A,AN,A,adopted,"[840, 4080, 4200, 4190]",3971.4,4125.3,
186v,V30,62,I,IX,I,adopted,"[840, 4080, 4200, 4190]",4024.9,4134.2,
186v,V30,63,F,FS,S,adopted,"[840, 4080, 4200, 4190]",4075.2,4115.7,
186v,V31,1,B,BO,O,adopted,"[840, 4190, 4200, 4295]",928.2,4225.7,
186v,V31,2,A,AN,N,adopted,"[840, 4190, 4200, 4295]",952.3,4218.6,
186v,V31,3,M,MZ,M,adopted,"[840, 4190, 4200, 4295]",993.7,4230.3,
186v,V31,4,E,ER,E,adopted,"[840, 4190, 4200, 4295]",1050.3,4212.6,
186v,V31,5,F,FS,S,adopted,"[840, 4190, 4200, 4295]",1111.5,4222.0,
186v,V31,6,M,MZ,M,adopted,"[840, 4190, 4200, 4295]",1169.3,4215.1,
186v,V31,7,E,ER,E,adopted,"[840, 4190, 4200, 4295]",1236.8,4220.5,
186v,V31,8,F,FS,S,adopted,"[840, 4190, 4200, 4295]",1286.5,4222.6,
186v,V31,9,I,IX,I,adopted,"[840, 4190, 4200, 4295]",1365.4,4227.3,
186v,V31,10,L,LY,L,adopted,"[840, 4190, 4200, 4295]",1416.4,4213.0,
186v,V31,11,A,AN,A,adopted,"[840, 4190, 4200, 4295]",1470.0,4223.9,
186v,V31,12,E,ER,E,adopted,"[840, 4190, 4200, 4295]",1533.3,4235.9,
186v,V31,13,F,FS,S,adopted,"[840, 4190, 4200, 4295]",1572.4,4229.7,
186v,V31,14,G,GT,T,adopted,"[840, 4190, 4200, 4295]",1630.6,4226.9,
186v,V31,15,E,ER,E,adopted,"[840, 4190, 4200, 4295]",1666.7,4231.2,
186v,V31,16,F,FS,S,adopted,"[840, 4190, 4200, 4295]",1737.8,4229.8,
186v,V31,17,I,IX,I,adopted,"[840, 4190, 4200, 4295]",1788.1,4238.7,
186v,V31,18,C,CP,P,adopted,"[840, 4190, 4200, 4295]",1870.9,4251.4,
186v,V31,19,E,ER,E,adopted,"[840, 4190, 4200, 4295]",1908.4,4239.6,
186v,V31,20,H,HU,U,adopted,"[840, 4190, 4200, 4295]",1955.1,4233.0,
186v,V31,21,E,ER,R,adopted,"[840, 4190, 4200, 4295]",1987.3,4229.4,
186v,V31,22,E,ER,E,adopted,"[840, 4190, 4200, 4295]",2043.9,4229.2,
186v,V31,23,F,FS,S,adopted,"[840, 4190, 4200, 4295]",2110.0,4240.4,
186v,V31,24,C,CP,P,adopted,"[840, 4190, 4200, 4295]",2163.8,4256.9,
186v,V31,25,E,ER,E,adopted,"[840, 4190, 4200, 4295]",2206.7,4242.4,
186v,V31,26,C,CP,C,adopted,"[840, 4190, 4200, 4295]",2251.9,4255.6,
186v,V31,27,G,GT,T,adopted,"[840, 4190, 4200, 4295]",2301.6,4241.2,
186v,V31,28,H,HU,U,adopted,"[840, 4190, 4200, 4295]",2347.3,4235.5,
186v,V31,29,E,ER,E,adopted,"[840, 4190, 4200, 4295]",2400.5,4238.9,
186v,V31,30,H,HU,U,adopted,"[840, 4190, 4200, 4295]",2441.5,4240.7,
186v,V31,31,I,IX,X,adopted,"[840, 4190, 4200, 4295]",2492.5,4238.0,
186v,V31,32,QUI,QUI,QUI,adopted,"[840, 4190, 4200, 4295]",2570.5,4256.2,
186v,V31,33,L,LY,L,adopted,"[840, 4190, 4200, 4295]",2619.4,4233.6,
186v,V31,34,L,LY,L,adopted,"[840, 4190, 4200, 4295]",2676.7,4232.1,
186v,V31,35,H,HU,U,adopted,"[840, 4190, 4200, 4295]",2719.0,4236.8,
186v,V31,36,L,LY,Y,adopted,"[840, 4190, 4200, 4295]",2770.5,4234.2,
186v,V31,37,A,AN,A,adopted,"[840, 4190, 4200, 4295]",2820.6,4250.6,
186v,V31,38,D,DQ,D,adopted,"[840, 4190, 4200, 4295]",2893.0,4253.0,
186v,V31,39,B,BO,O,adopted,"[840, 4190, 4200, 4295]",2944.0,4249.8,
186v,V31,40,A,AN,N,adopted,"[840, 4190, 4200, 4295]",2971.9,4238.7,
186v,V31,41,A,AN,N,adopted,"[840, 4190, 4200, 4295]",3023.0,4249.6,
186v,V31,42,E,ER,E,adopted,"[840, 4190, 4200, 4295]",3086.2,4243.4,
186v,V31,43,H,HU,U,adopted,"[840, 4190, 4200, 4295]",3144.9,4238.6,
186v,V31,44,A,AN,N,adopted,"[840, 4190, 4200, 4295]",3204.6,4235.5,
186v,V31,45,E,ER,E,adopted,"[840, 4190, 4200, 4295]",3280.1,4248.7,
186v,V31,46,A,AN,A,adopted,"[840, 4190, 4200, 4295]",3331.6,4252.4,
186v,V31,47,C,CP,P,adopted,"[840, 4190, 4200, 4295]",3386.7,4250.4,
186v,V31,48,E,ER,R,adopted,"[840, 4190, 4200, 4295]",3444.2,4257.0,
186v,V31,49,E,ER,E,adopted,"[840, 4190, 4200, 4295]",3472.5,4248.9,
186v,V31,50,H,HU,H,adopted,"[840, 4190, 4200, 4295]",3519.2,4240.0,
186v,V31,51,E,ER,E,adopted,"[840, 4190, 4200, 4295]",3575.7,4234.8,
186v,V31,52,A,AN,N,adopted,"[840, 4190, 4200, 4295]",3624.5,4245.7,
186v,V31,53,G,GT,T,adopted,"[840, 4190, 4200, 4295]",3667.5,4242.8,
186v,V31,54,I,IX,I,adopted,"[840, 4190, 4200, 4295]",3711.6,4231.7,
186v,V31,55,B,BO,O,adopted,"[840, 4190, 4200, 4295]",3754.3,4239.4,
186v,V31,56,A,AN,N,adopted,"[840, 4190, 4200, 4295]",3802.0,4242.8,
186v,V31,57,D,DQ,D,adopted,"[840, 4190, 4200, 4295]",3867.1,4240.4,
186v,V31,58,E,ER,E,adopted,"[840, 4190, 4200, 4295]",3918.6,4226.0,
186v,V31,59,X,,,unadopted,"[840, 4190, 4200, 4295]",3965.1,4236.5,
186v,V31,60,D,DQ,D,adopted,"[840, 4190, 4200, 4295]",4004.5,4215.5,
186v,V31,61,E,ER,E,adopted,"[840, 4190, 4200, 4295]",4087.0,4234.9,
186v,V32,1,F,FS,S,adopted,"[840, 4295, 4200, 4400]",918.7,4331.9,
186v,V32,2,G,GT,T,adopted,"[840, 4295, 4200, 4400]",992.3,4337.0,
186v,V32,3,E,ER,R,adopted,"[840, 4295, 4200, 4400]",1040.1,4332.2,
186v,V32,4,E,ER,E,adopted,"[840, 4295, 4200, 4400]",1087.8,4329.7,
186v,V32,5,E,ER,E,adopted,"[840, 4295, 4200, 4400]",1126.7,4340.2,
186v,V32,6,A,AN,N,adopted,"[840, 4295, 4200, 4400]",1179.3,4337.2,
186v,V32,7,F,FS,S,adopted,"[840, 4295, 4200, 4400]",1227.0,4342.4,
186v,V32,8,A,AN,A,adopted,"[840, 4295, 4200, 4400]",1277.5,4328.6,
186v,V32,9,M,MZ,M,adopted,"[840, 4295, 4200, 4400]",1329.4,4342.8,
186v,V32,10,A,AN,A,adopted,"[840, 4295, 4200, 4400]",1375.1,4333.9,
186v,V32,11,H,HU,U,adopted,"[840, 4295, 4200, 4400]",1437.9,4327.9,
186v,V32,12,H,HU,U,adopted,"[840, 4295, 4200, 4400]",1490.6,4338.0,
186v,V32,13,A,AN,A,adopted,"[840, 4295, 4200, 4400]",1536.0,4333.2,
186v,V32,14,I,IX,I,adopted,"[840, 4295, 4200, 4400]",1586.3,4338.1,
186v,V32,15,F,FS,S,adopted,"[840, 4295, 4200, 4400]",1629.3,4338.7,
186v,V32,16,E,ER,E,adopted,"[840, 4295, 4200, 4400]",1682.1,4335.2,
186v,V32,17,G,GT,G,adopted,"[840, 4295, 4200, 4400]",1726.1,4327.5,
186v,V32,18,E,ER,R,adopted,"[840, 4295, 4200, 4400]",1763.8,4344.9,
186v,V32,19,A,AN,A,adopted,"[840, 4295, 4200, 4400]",1817.4,4351.0,
186v,V32,20,C,CP,C,adopted,"[840, 4295, 4200, 4400]",1851.7,4343.7,
186v,V32,21,E,ER,E,adopted,"[840, 4295, 4200, 4400]",1891.4,4323.8,
186v,V32,22,QUE,QUE,,unadopted,"[840, 4295, 4200, 4400]",1943.8,4343.2,
186v,V32,23,A,AN,,unadopted,"[840, 4295, 4200, 4400]",1983.5,4345.4,
186v,V32,24,E,ER,,unadopted,"[840, 4295, 4200, 4400]",2032.9,4346.0,
186v,V32,25,A,AN,,unadopted,"[840, 4295, 4200, 4400]",2075.9,4341.3,
186v,V32,26,H,HU,,unadopted,"[840, 4295, 4200, 4400]",2121.4,4334.0,
186v,V32,27,M,MZ,,unadopted,"[840, 4295, 4200, 4400]",2166.1,4349.4,
186v,V32,28,B,BO,,unadopted,"[840, 4295, 4200, 4400]",2234.2,4336.6,
186v,V32,29,I,IX,,unadopted,"[840, 4295, 4200, 4400]",2287.2,4345.8,
186v,V32,30,A,AN,,unadopted,"[840, 4295, 4200, 4400]",2327.3,4342.3,
186v,V32,31,F,FS,,unadopted,"[840, 4295, 4200, 4400]",2377.8,4336.9,
186v,V32,32,H,HU,U,adopted,"[840, 4295, 4200, 4400]",2420.2,4345.2,
186v,V32,33,A,AN,N,adopted,"[840, 4295, 4200, 4400]",2478.6,4354.0,
186v,V32,34,C,CP,C,adopted,"[840, 4295, 4200, 4400]",2514.1,4338.5,
186v,V32,35,H,HU,H,adopted,"[840, 4295, 4200, 4400]",2562.5,4349.2,
186v,V32,36,A,AN,A,adopted,"[840, 4295, 4200, 4400]",2615.0,4352.6,
186v,V32,37,C,CP,C,adopted,"[840, 4295, 4200, 4400]",2653.5,4341.4,
186v,V32,38,H,HU,U,adopted,"[840, 4295, 4200, 4400]",2702.5,4358.8,
186v,V32,39,A,AN,N,adopted,"[840, 4295, 4200, 4400]",2760.6,4352.6,
186v,V32,40,C,CP,P,adopted,"[840, 4295, 4200, 4400]",2797.2,4346.2,
186v,V32,41,E,ER,E,adopted,"[840, 4295, 4200, 4400]",2844.6,4349.9,
186v,V32,42,A,AN,N,adopted,"[840, 4295, 4200, 4400]",2885.5,4349.4,
186v,V32,43,F,FS,S,adopted,"[840, 4295, 4200, 4400]",2925.7,4349.3,
186v,V32,44,E,ER,E,adopted,"[840, 4295, 4200, 4400]",2993.5,4353.3,
186v,V32,45,E,ER,E,adopted,"[840, 4295, 4200, 4400]",3037.1,4350.8,
186v,V32,46,F,FS,S,adopted,"[840, 4295, 4200, 4400]",3088.3,4347.9,
186v,V32,47,G,GT,T,adopted,"[840, 4295, 4200, 4400]",3125.9,4351.6,
186v,V32,48,E,ER,R,adopted,"[840, 4295, 4200, 4400]",3163.1,4348.3,
186v,V32,49,E,ER,E,adopted,"[840, 4295, 4200, 4400]",3224.5,4352.9,
186v,V32,50,A,AN,A,adopted,"[840, 4295, 4200, 4400]",3270.8,4353.5,
186v,V32,51,E,ER,R,adopted,"[840, 4295, 4200, 4400]",3327.0,4345.2,
186v,V32,52,G,GT,T,adopted,"[840, 4295, 4200, 4400]",3380.6,4349.0,
186v,V32,53,I,IX,I,adopted,"[840, 4295, 4200, 4400]",3433.5,4346.5,
186v,V32,54,F,FS,F,adopted,"[840, 4295, 4200, 4400]",3497.3,4343.7,
186v,V32,55,I,IX,I,adopted,"[840, 4295, 4200, 4400]",3545.7,4359.6,
186v,V32,56,C,CP,C,adopted,"[840, 4295, 4200, 4400]",3586.8,4349.3,
186v,V32,57,E,ER,E,adopted,"[840, 4295, 4200, 4400]",3620.3,4297.2,
186v,V32,58,POUR,POUR,POUR,adopted,"[840, 4295, 4200, 4400]",3674.7,4332.4,
186v,V32,59,C,CP,P,adopted,"[840, 4295, 4200, 4400]",3717.1,4352.8,
186v,V32,60,A,AN,A,adopted,"[840, 4295, 4200, 4400]",3759.5,4344.3,
186v,V32,61,E,ER,R,adopted,"[840, 4295, 4200, 4400]",3800.0,4338.6,
186v,V32,62,H,HU,U,adopted,"[840, 4295, 4200, 4400]",3845.5,4338.1,
186v,V32,63,E,ER,E,adopted,"[840, 4295, 4200, 4400]",3882.5,4349.0,
186v,V32,64,A,AN,N,adopted,"[840, 4295, 4200, 4400]",3935.7,4345.4,
186v,V32,65,I,IX,I,adopted,"[840, 4295, 4200, 4400]",3977.6,4339.5,
186v,V32,66,E,ER,R,adopted,"[840, 4295, 4200, 4400]",4028.2,4334.9,
186v,V32,67,A,AN,A,adopted,"[840, 4295, 4200, 4400]",4070.6,4344.5,
186v,V33,1,F,FS,S,adopted,"[840, 4405, 4200, 4510]",915.1,4446.3,
186v,V33,2,E,ER,E,adopted,"[840, 4405, 4200, 4510]",969.7,4453.4,
186v,V33,3,F,FS,S,adopted,"[840, 4405, 4200, 4510]",1015.1,4445.3,
186v,V33,4,D,DQ,D,adopted,"[840, 4405, 4200, 4510]",1082.5,4451.7,
186v,V33,5,E,ER,E,adopted,"[840, 4405, 4200, 4510]",1127.6,4454.1,
186v,V33,6,F,FS,S,adopted,"[840, 4405, 4200, 4510]",1168.2,4446.9,
186v,V33,7,F,FS,S,adopted,"[840, 4405, 4200, 4510]",1215.3,4447.7,
186v,V33,8,E,ER,E,adopted,"[840, 4405, 4200, 4510]",1256.5,4453.4,
186v,V33,9,I,IX,I,adopted,"[840, 4405, 4200, 4510]",1301.6,4446.8,
186v,V33,10,A,AN,N,adopted,"[840, 4405, 4200, 4510]",1360.2,4462.6,
186v,V33,11,F,FS,S,adopted,"[840, 4405, 4200, 4510]",1423.5,4451.4,
186v,V33,12,A,AN,A,adopted,"[840, 4405, 4200, 4510]",1479.7,4451.8,
186v,V33,13,F,FS,F,adopted,"[840, 4405, 4200, 4510]",1508.1,4458.2,
186v,V33,14,F,FS,F,adopted,"[840, 4405, 4200, 4510]",1555.2,4454.0,
186v,V33,15,I,IX,I,adopted,"[840, 4405, 4200, 4510]",1612.0,4454.3,
186v,V33,16,A,AN,N,adopted,"[840, 4405, 4200, 4510]",1655.4,4458.9,
186v,V33,17,D,DQ,D,adopted,"[840, 4405, 4200, 4510]",1712.4,4461.4,
186v,V33,18,B,BO,O,adopted,"[840, 4405, 4200, 4510]",1771.3,4463.8,
186v,V33,19,B,BO,B,adopted,"[840, 4405, 4200, 4510]",1823.5,4465.2,
186v,V33,20,L,LY,L,adopted,"[840, 4405, 4200, 4510]",1897.5,4463.1,
186v,V33,21,I,IX,I,adopted,"[840, 4405, 4200, 4510]",1958.0,4442.5,
186v,V33,22,G,GT,G,adopted,"[840, 4405, 4200, 4510]",2001.4,4452.4,
186v,V33,23,E,ER,E,adopted,"[840, 4405, 4200, 4510]",2060.1,4451.4,
186v,V33,24,E,ER,R,adopted,"[840, 4405, 4200, 4510]",2107.6,4452.3,
186v,V33,25,L,LY,L,adopted,"[840, 4405, 4200, 4510]",2147.3,4456.5,
186v,V33,26,E,ER,E,adopted,"[840, 4405, 4200, 4510]",2198.3,4444.8,
186v,V33,27,F,FS,S,adopted,"[840, 4405, 4200, 4510]",2236.8,4447.2,
186v,V33,28,C,CP,P,adopted,"[840, 4405, 4200, 4510]",2275.5,4449.7,
186v,V33,29,A,AN,A,adopted,"[840, 4405, 4200, 4510]",2321.6,4463.1,
186v,V33,30,G,GT,G,adopted,"[840, 4405, 4200, 4510]",2375.5,4457.6,
186v,V33,31,A,AN,N,adopted,"[840, 4405, 4200, 4510]",2427.4,4449.6,
186v,V33,32,B,BO,O,adopted,"[840, 4405, 4200, 4510]",2477.4,4458.9,
186v,V33,33,L,LY,L,adopted,"[840, 4405, 4200, 4510]",2530.0,4457.5,
186v,V33,34,QUI,QUI,,unadopted,"[840, 4405, 4200, 4510]",2584.4,4441.8,
186v,V33,35,A,AN,,unadopted,"[840, 4405, 4200, 4510]",2648.7,4464.8,
186v,V33,36,E,ER,,unadopted,"[840, 4405, 4200, 4510]",2712.1,4457.5,
186v,V33,37,F,FS,,unadopted,"[840, 4405, 4200, 4510]",2764.7,4462.3,
186v,V33,38,B,BO,,unadopted,"[840, 4405, 4200, 4510]",2816.5,4457.1,
186v,V33,39,G,GT,T,adopted,"[840, 4405, 4200, 4510]",2879.4,4472.6,
186v,V33,40,B,BO,O,adopted,"[840, 4405, 4200, 4510]",2941.9,4462.5,
186v,V33,41,H,HU,U,adopted,"[840, 4405, 4200, 4510]",2993.5,4471.5,
186v,V33,42,F,FS,S,adopted,"[840, 4405, 4200, 4510]",3052.7,4458.7,
186v,V33,43,I,IX,I,adopted,"[840, 4405, 4200, 4510]",3108.1,4460.2,
186v,V33,44,B,BO,O,adopted,"[840, 4405, 4200, 4510]",3167.4,4464.7,
186v,V33,45,H,HU,U,adopted,"[840, 4405, 4200, 4510]",3218.3,4471.1,
186v,V33,46,E,ER,R,adopted,"[840, 4405, 4200, 4510]",3278.3,4459.0,
186v,V33,47,F,FS,S,adopted,"[840, 4405, 4200, 4510]",3333.7,4459.9,
186v,V33,48,F,FS,S,adopted,"[840, 4405, 4200, 4510]",3375.4,4460.4,
186v,V33,49,A,AN,A,adopted,"[840, 4405, 4200, 4510]",3424.9,4459.0,
186v,V33,50,C,CP,P,adopted,"[840, 4405, 4200, 4510]",3472.1,4469.1,
186v,V33,51,E,ER,R,adopted,"[840, 4405, 4200, 4510]",3536.1,4470.0,
186v,V33,52,I,IX,I,adopted,"[840, 4405, 4200, 4510]",3574.3,4460.7,
186v,V33,53,A,AN,N,adopted,"[840, 4405, 4200, 4510]",3613.1,4457.9,
186v,V33,54,C,CP,C,adopted,"[840, 4405, 4200, 4510]",3665.4,4466.8,
186v,V33,55,I,IX,I,adopted,"[840, 4405, 4200, 4510]",3706.9,4465.9,
186v,V33,56,C,CP,P,adopted,"[840, 4405, 4200, 4510]",3750.8,4461.2,
186v,V33,57,A,AN,A,adopted,"[840, 4405, 4200, 4510]",3811.1,4464.2,
186v,V33,58,L,LY,L,adopted,"[840, 4405, 4200, 4510]",3862.3,4459.8,
186v,V33,59,E,ER,E,adopted,"[840, 4405, 4200, 4510]",3916.7,4450.9,
186v,V33,60,F,FS,F,adopted,"[840, 4405, 4200, 4510]",3965.2,4456.4,
186v,V33,61,I,IX,I,adopted,"[840, 4405, 4200, 4510]",4007.4,4451.7,
186v,V33,62,A,AN,N,adopted,"[840, 4405, 4200, 4510]",4072.2,4458.5,
